sel_acc_80,cov_at_risk10,aurc,accuracy,model,family,dataset_id,shift_axis,shift_lambda,status,seed
0.983132530120482,0.9942196531791907,0.013688684069315794,0.8959537572254336,logreg,linear,car,label_noise,0.0,ok,42
0.9397590361445783,0.953757225433526,0.0241940438746138,0.8805394990366089,logreg,linear,car,label_noise,0.05,ok,42
0.9180722891566265,0.8400770712909441,0.03520025753587184,0.838150289017341,logreg,linear,car,label_noise,0.1,ok,42
0.891566265060241,0.7649325626204239,0.044138226956151834,0.8265895953757225,logreg,linear,car,label_noise,0.2,ok,42
0.8963855421686747,0.791907514450867,0.04430880024312968,0.8208092485549133,logreg,linear,car,label_noise,0.3,ok,42
0.8843373493975903,0.7803468208092486,0.04981659524398177,0.8169556840077071,logreg,linear,car,label_noise,0.4,ok,42
0.983132530120482,0.9942196531791907,0.013688684069315794,0.8959537572254336,logreg,linear,car,covariate_shift,0.0,ok,42
0.983132530120482,0.9942196531791907,0.013688684069315794,0.8959537572254336,logreg,linear,car,covariate_shift,0.05,ok,42
0.983132530120482,0.9942196531791907,0.013688684069315794,0.8959537572254336,logreg,linear,car,covariate_shift,0.1,ok,42
0.983132530120482,0.9942196531791907,0.013688684069315794,0.8959537572254336,logreg,linear,car,covariate_shift,0.2,ok,42
0.983132530120482,0.9942196531791907,0.013688684069315794,0.8959537572254336,logreg,linear,car,covariate_shift,0.3,ok,42
0.983132530120482,0.9942196531791907,0.013688684069315794,0.8959537572254336,logreg,linear,car,covariate_shift,0.4,ok,42
1.0,1.0,7.840282679833084e-05,0.9922928709055877,hist_gbdt,gbdt,car,label_noise,0.0,ok,42
1.0,1.0,0.0017794724592986588,0.9710982658959537,hist_gbdt,gbdt,car,label_noise,0.05,ok,42
0.9951807228915662,1.0,0.006013765449680946,0.9402697495183044,hist_gbdt,gbdt,car,label_noise,0.1,ok,42
0.9518072289156626,0.9460500963391136,0.023726319415881027,0.8747591522157996,hist_gbdt,gbdt,car,label_noise,0.2,ok,42
0.8867469879518072,0.7475915221579962,0.06257571147000644,0.8285163776493256,hist_gbdt,gbdt,car,label_noise,0.3,ok,42
0.7469879518072289,0.371868978805395,0.15492001722325544,0.697495183044316,hist_gbdt,gbdt,car,label_noise,0.4,ok,42
1.0,1.0,7.840282679833084e-05,0.9922928709055877,hist_gbdt,gbdt,car,covariate_shift,0.0,ok,42
1.0,1.0,7.840282679833084e-05,0.9922928709055877,hist_gbdt,gbdt,car,covariate_shift,0.05,ok,42
1.0,1.0,7.840282679833084e-05,0.9922928709055877,hist_gbdt,gbdt,car,covariate_shift,0.1,ok,42
1.0,1.0,7.840282679833084e-05,0.9922928709055877,hist_gbdt,gbdt,car,covariate_shift,0.2,ok,42
1.0,1.0,7.840282679833084e-05,0.9922928709055877,hist_gbdt,gbdt,car,covariate_shift,0.3,ok,42
1.0,1.0,7.840282679833084e-05,0.9922928709055877,hist_gbdt,gbdt,car,covariate_shift,0.4,ok,42
1.0,1.0,0.00037672373938410833,0.9903660886319846,xgboost,gbdt,car,label_noise,0.0,ok,42
0.9927710843373494,1.0,0.003859599652997358,0.9595375722543352,xgboost,gbdt,car,label_noise,0.05,ok,42
0.9855421686746988,1.0,0.008635598560586504,0.9402697495183044,xgboost,gbdt,car,label_noise,0.1,ok,42
0.908433734939759,0.8208092485549133,0.04308617267285714,0.8304431599229287,xgboost,gbdt,car,label_noise,0.2,ok,42
0.8289156626506025,0.5009633911368016,0.09853265348965534,0.766859344894027,xgboost,gbdt,car,label_noise,0.3,ok,42
0.6795180722891566,0.09633911368015415,0.21890189941855373,0.649325626204239,xgboost,gbdt,car,label_noise,0.4,ok,42
1.0,1.0,0.00037672373938410833,0.9903660886319846,xgboost,gbdt,car,covariate_shift,0.0,ok,42
1.0,1.0,0.00037672373938410833,0.9903660886319846,xgboost,gbdt,car,covariate_shift,0.05,ok,42
1.0,1.0,0.00037672373938410833,0.9903660886319846,xgboost,gbdt,car,covariate_shift,0.1,ok,42
1.0,1.0,0.00037672373938410833,0.9903660886319846,xgboost,gbdt,car,covariate_shift,0.2,ok,42
1.0,1.0,0.00037672373938410833,0.9903660886319846,xgboost,gbdt,car,covariate_shift,0.3,ok,42
1.0,1.0,0.00037672373938410833,0.9903660886319846,xgboost,gbdt,car,covariate_shift,0.4,ok,42
1.0,1.0,0.0007251872864541515,0.9845857418111753,catboost,gbdt,car,label_noise,0.0,ok,42
0.9975903614457832,1.0,0.002740588388308168,0.9576107899807321,catboost,gbdt,car,label_noise,0.05,ok,42
0.9951807228915662,1.0,0.005577860341502309,0.9441233140655106,catboost,gbdt,car,label_noise,0.1,ok,42
0.963855421686747,0.9479768786127167,0.018904664670446866,0.8689788053949904,catboost,gbdt,car,label_noise,0.2,ok,42
0.8843373493975903,0.7533718689788054,0.05939842860317707,0.8111753371868978,catboost,gbdt,car,label_noise,0.3,ok,42
0.7518072289156627,0.36608863198458574,0.15841926792246022,0.674373795761079,catboost,gbdt,car,label_noise,0.4,ok,42
1.0,1.0,0.0007251872864541515,0.9845857418111753,catboost,gbdt,car,covariate_shift,0.0,ok,42
1.0,1.0,0.0007251872864541515,0.9845857418111753,catboost,gbdt,car,covariate_shift,0.05,ok,42
1.0,1.0,0.0007251872864541515,0.9845857418111753,catboost,gbdt,car,covariate_shift,0.1,ok,42
1.0,1.0,0.0007251872864541515,0.9845857418111753,catboost,gbdt,car,covariate_shift,0.2,ok,42
1.0,1.0,0.0007251872864541515,0.9845857418111753,catboost,gbdt,car,covariate_shift,0.3,ok,42
1.0,1.0,0.0007251872864541515,0.9845857418111753,catboost,gbdt,car,covariate_shift,0.4,ok,42
1.0,1.0,4.09741462941459e-05,0.9942196531791907,tabicl,icl,car,label_noise,0.0,ok,42
1.0,1.0,0.0008770689131408976,0.9749518304431599,tabicl,icl,car,label_noise,0.05,ok,42
1.0,1.0,0.0009304062513209828,0.9788053949903661,tabicl,icl,car,label_noise,0.1,ok,42
0.9951807228915662,1.0,0.0035865825266648815,0.9633911368015414,tabicl,icl,car,label_noise,0.2,ok,42
0.9927710843373494,1.0,0.007594919813870025,0.9267822736030829,tabicl,icl,car,label_noise,0.3,ok,42
0.9518072289156626,0.9113680154142582,0.024543569215908174,0.8574181117533719,tabicl,icl,car,label_noise,0.4,ok,42
1.0,1.0,4.09741462941459e-05,0.9942196531791907,tabicl,icl,car,covariate_shift,0.0,ok,42
1.0,1.0,4.09741462941459e-05,0.9942196531791907,tabicl,icl,car,covariate_shift,0.05,ok,42
1.0,1.0,4.09741462941459e-05,0.9942196531791907,tabicl,icl,car,covariate_shift,0.1,ok,42
1.0,1.0,4.09741462941459e-05,0.9942196531791907,tabicl,icl,car,covariate_shift,0.2,ok,42
1.0,1.0,4.09741462941459e-05,0.9942196531791907,tabicl,icl,car,covariate_shift,0.3,ok,42
1.0,1.0,4.09741462941459e-05,0.9942196531791907,tabicl,icl,car,covariate_shift,0.4,ok,42
1.0,1.0,0.00017600221326197955,0.9884393063583815,tabpfn,icl,car,label_noise,0.0,ok,42
1.0,1.0,0.0012881328917877372,0.9788053949903661,tabpfn,icl,car,label_noise,0.05,ok,42
1.0,1.0,0.002186527558069743,0.9672447013487476,tabpfn,icl,car,label_noise,0.1,ok,42
0.9951807228915662,1.0,0.0034833096354253417,0.9614643545279383,tabpfn,icl,car,label_noise,0.2,ok,42
0.9879518072289156,1.0,0.009719232635257253,0.9383429672447013,tabpfn,icl,car,label_noise,0.3,ok,42
0.9759036144578314,0.9691714836223507,0.016254628847449028,0.8805394990366089,tabpfn,icl,car,label_noise,0.4,ok,42
1.0,1.0,0.00017600221326197955,0.9884393063583815,tabpfn,icl,car,covariate_shift,0.0,ok,42
1.0,1.0,0.00017600221326197955,0.9884393063583815,tabpfn,icl,car,covariate_shift,0.05,ok,42
1.0,1.0,0.00017600221326197955,0.9884393063583815,tabpfn,icl,car,covariate_shift,0.1,ok,42
1.0,1.0,0.00017600221326197955,0.9884393063583815,tabpfn,icl,car,covariate_shift,0.2,ok,42
1.0,1.0,0.00017600221326197955,0.9884393063583815,tabpfn,icl,car,covariate_shift,0.3,ok,42
1.0,1.0,0.00017600221326197955,0.9884393063583815,tabpfn,icl,car,covariate_shift,0.4,ok,42
0.9956521739130435,1.0,0.00393617047931278,0.9756944444444444,logreg,linear,tic-tac-toe,label_noise,0.0,ok,42
0.991304347826087,1.0,0.005709044483579056,0.9791666666666666,logreg,linear,tic-tac-toe,label_noise,0.05,ok,42
0.991304347826087,1.0,0.00447126120781105,0.9756944444444444,logreg,linear,tic-tac-toe,label_noise,0.1,ok,42
0.991304347826087,1.0,0.005469072997055682,0.9652777777777778,logreg,linear,tic-tac-toe,label_noise,0.2,ok,42
0.9869565217391304,1.0,0.0030927165790927327,0.9791666666666666,logreg,linear,tic-tac-toe,label_noise,0.3,ok,42
0.9173913043478261,0.8958333333333334,0.04518718740596711,0.8611111111111112,logreg,linear,tic-tac-toe,label_noise,0.4,ok,42
0.9956521739130435,1.0,0.00393617047931278,0.9756944444444444,logreg,linear,tic-tac-toe,covariate_shift,0.0,ok,42
0.9956521739130435,1.0,0.00393617047931278,0.9756944444444444,logreg,linear,tic-tac-toe,covariate_shift,0.05,ok,42
0.9956521739130435,1.0,0.00393617047931278,0.9756944444444444,logreg,linear,tic-tac-toe,covariate_shift,0.1,ok,42
0.9956521739130435,1.0,0.00393617047931278,0.9756944444444444,logreg,linear,tic-tac-toe,covariate_shift,0.2,ok,42
0.9956521739130435,1.0,0.00393617047931278,0.9756944444444444,logreg,linear,tic-tac-toe,covariate_shift,0.3,ok,42
0.9956521739130435,1.0,0.00393617047931278,0.9756944444444444,logreg,linear,tic-tac-toe,covariate_shift,0.4,ok,42
1.0,1.0,0.0004186500719808784,0.9861111111111112,hist_gbdt,gbdt,tic-tac-toe,label_noise,0.0,ok,42
0.9956521739130435,1.0,0.005386307263473946,0.9444444444444444,hist_gbdt,gbdt,tic-tac-toe,label_noise,0.05,ok,42
0.9695652173913043,0.9930555555555556,0.016193676416260478,0.8958333333333334,hist_gbdt,gbdt,tic-tac-toe,label_noise,0.1,ok,42
0.9260869565217391,0.8819444444444444,0.04663927911122707,0.84375,hist_gbdt,gbdt,tic-tac-toe,label_noise,0.2,ok,42
0.8478260869565217,0.5451388888888888,0.0890729747104974,0.7604166666666666,hist_gbdt,gbdt,tic-tac-toe,label_noise,0.3,ok,42
0.7043478260869566,0.18055555555555555,0.2132452062608542,0.6527777777777778,hist_gbdt,gbdt,tic-tac-toe,label_noise,0.4,ok,42
1.0,1.0,0.0004186500719808784,0.9861111111111112,hist_gbdt,gbdt,tic-tac-toe,covariate_shift,0.0,ok,42
1.0,1.0,0.0004186500719808784,0.9861111111111112,hist_gbdt,gbdt,tic-tac-toe,covariate_shift,0.05,ok,42
1.0,1.0,0.0004186500719808784,0.9861111111111112,hist_gbdt,gbdt,tic-tac-toe,covariate_shift,0.1,ok,42
1.0,1.0,0.0004186500719808784,0.9861111111111112,hist_gbdt,gbdt,tic-tac-toe,covariate_shift,0.2,ok,42
1.0,1.0,0.0004186500719808784,0.9861111111111112,hist_gbdt,gbdt,tic-tac-toe,covariate_shift,0.3,ok,42
1.0,1.0,0.0004186500719808784,0.9861111111111112,hist_gbdt,gbdt,tic-tac-toe,covariate_shift,0.4,ok,42
1.0,1.0,0.00015779314041712296,0.9861111111111112,xgboost,gbdt,tic-tac-toe,label_noise,0.0,ok,42
0.991304347826087,1.0,0.005331484522596833,0.9479166666666666,xgboost,gbdt,tic-tac-toe,label_noise,0.05,ok,42
0.9521739130434783,0.9965277777777778,0.0258735992351692,0.8993055555555556,xgboost,gbdt,tic-tac-toe,label_noise,0.1,ok,42
0.8608695652173913,0.6111111111111112,0.08170835110006831,0.7916666666666666,xgboost,gbdt,tic-tac-toe,label_noise,0.2,ok,42
0.7217391304347827,0.21875,0.1694893443156023,0.6840277777777778,xgboost,gbdt,tic-tac-toe,label_noise,0.3,ok,42
0.6782608695652174,0.003472222222222222,0.2972473364641652,0.6423611111111112,xgboost,gbdt,tic-tac-toe,label_noise,0.4,ok,42
1.0,1.0,0.00015779314041712296,0.9861111111111112,xgboost,gbdt,tic-tac-toe,covariate_shift,0.0,ok,42
1.0,1.0,0.00015779314041712296,0.9861111111111112,xgboost,gbdt,tic-tac-toe,covariate_shift,0.05,ok,42
1.0,1.0,0.00015779314041712296,0.9861111111111112,xgboost,gbdt,tic-tac-toe,covariate_shift,0.1,ok,42
1.0,1.0,0.00015779314041712296,0.9861111111111112,xgboost,gbdt,tic-tac-toe,covariate_shift,0.2,ok,42
1.0,1.0,0.00015779314041712296,0.9861111111111112,xgboost,gbdt,tic-tac-toe,covariate_shift,0.3,ok,42
1.0,1.0,0.00015779314041712296,0.9861111111111112,xgboost,gbdt,tic-tac-toe,covariate_shift,0.4,ok,42
1.0,1.0,2.415466242956066e-05,0.9965277777777778,catboost,gbdt,tic-tac-toe,label_noise,0.0,ok,42
1.0,1.0,0.001118442894828014,0.9756944444444444,catboost,gbdt,tic-tac-toe,label_noise,0.05,ok,42
0.9869565217391304,1.0,0.009683500008079167,0.9236111111111112,catboost,gbdt,tic-tac-toe,label_noise,0.1,ok,42
0.9521739130434783,0.9826388888888888,0.030813915948400685,0.8888888888888888,catboost,gbdt,tic-tac-toe,label_noise,0.2,ok,42
0.8260869565217391,0.4861111111111111,0.09979851646488201,0.7777777777777778,catboost,gbdt,tic-tac-toe,label_noise,0.3,ok,42
0.7434782608695653,0.0,0.21964232311491982,0.7083333333333334,catboost,gbdt,tic-tac-toe,label_noise,0.4,ok,42
1.0,1.0,2.415466242956066e-05,0.9965277777777778,catboost,gbdt,tic-tac-toe,covariate_shift,0.0,ok,42
1.0,1.0,2.415466242956066e-05,0.9965277777777778,catboost,gbdt,tic-tac-toe,covariate_shift,0.05,ok,42
1.0,1.0,2.415466242956066e-05,0.9965277777777778,catboost,gbdt,tic-tac-toe,covariate_shift,0.1,ok,42
1.0,1.0,2.415466242956066e-05,0.9965277777777778,catboost,gbdt,tic-tac-toe,covariate_shift,0.2,ok,42
1.0,1.0,2.415466242956066e-05,0.9965277777777778,catboost,gbdt,tic-tac-toe,covariate_shift,0.3,ok,42
1.0,1.0,2.415466242956066e-05,0.9965277777777778,catboost,gbdt,tic-tac-toe,covariate_shift,0.4,ok,42
1.0,1.0,0.00036673841118114656,0.9861111111111112,tabicl,icl,tic-tac-toe,label_noise,0.0,ok,42
1.0,1.0,0.0007411976575070844,0.9895833333333334,tabicl,icl,tic-tac-toe,label_noise,0.05,ok,42
1.0,1.0,0.0012520934820879621,0.9895833333333334,tabicl,icl,tic-tac-toe,label_noise,0.1,ok,42
0.9869565217391304,1.0,0.009114522491005007,0.9895833333333334,tabicl,icl,tic-tac-toe,label_noise,0.2,ok,42
1.0,1.0,0.0005746195602917162,0.9895833333333334,tabicl,icl,tic-tac-toe,label_noise,0.3,ok,42
0.9260869565217391,0.8333333333333334,0.04079309881318526,0.8229166666666666,tabicl,icl,tic-tac-toe,label_noise,0.4,ok,42
1.0,1.0,0.00036673841118114656,0.9861111111111112,tabicl,icl,tic-tac-toe,covariate_shift,0.0,ok,42
1.0,1.0,0.00036673841118114656,0.9861111111111112,tabicl,icl,tic-tac-toe,covariate_shift,0.05,ok,42
1.0,1.0,0.00036673841118114656,0.9861111111111112,tabicl,icl,tic-tac-toe,covariate_shift,0.1,ok,42
1.0,1.0,0.00036673841118114656,0.9861111111111112,tabicl,icl,tic-tac-toe,covariate_shift,0.2,ok,42
1.0,1.0,0.00036673841118114656,0.9861111111111112,tabicl,icl,tic-tac-toe,covariate_shift,0.3,ok,42
1.0,1.0,0.00036673841118114656,0.9861111111111112,tabicl,icl,tic-tac-toe,covariate_shift,0.4,ok,42
1.0,1.0,0.00014703588371416226,0.9930555555555556,tabpfn,icl,tic-tac-toe,label_noise,0.0,ok,42
1.0,1.0,0.0006923068253183736,0.9895833333333334,tabpfn,icl,tic-tac-toe,label_noise,0.05,ok,42
1.0,1.0,0.0009473662710763597,0.9895833333333334,tabpfn,icl,tic-tac-toe,label_noise,0.1,ok,42
0.9869565217391304,1.0,0.0068000593414859565,0.9895833333333334,tabpfn,icl,tic-tac-toe,label_noise,0.2,ok,42
1.0,1.0,0.0013118802828080932,0.9895833333333334,tabpfn,icl,tic-tac-toe,label_noise,0.3,ok,42
0.8130434782608695,0.5729166666666666,0.10200084376133539,0.65625,tabpfn,icl,tic-tac-toe,label_noise,0.4,ok,42
1.0,1.0,0.00014703588371416226,0.9930555555555556,tabpfn,icl,tic-tac-toe,covariate_shift,0.0,ok,42
1.0,1.0,0.00014703588371416226,0.9930555555555556,tabpfn,icl,tic-tac-toe,covariate_shift,0.05,ok,42
1.0,1.0,0.00014703588371416226,0.9930555555555556,tabpfn,icl,tic-tac-toe,covariate_shift,0.1,ok,42
1.0,1.0,0.00014703588371416226,0.9930555555555556,tabpfn,icl,tic-tac-toe,covariate_shift,0.2,ok,42
1.0,1.0,0.00014703588371416226,0.9930555555555556,tabpfn,icl,tic-tac-toe,covariate_shift,0.3,ok,42
1.0,1.0,0.00014703588371416226,0.9930555555555556,tabpfn,icl,tic-tac-toe,covariate_shift,0.4,ok,42
0.8432432432432433,0.3939393939393939,0.12514294987372473,0.7748917748917749,logreg,linear,diabetes,label_noise,0.0,ok,42
0.8378378378378378,0.36363636363636365,0.12546623896942835,0.7619047619047619,logreg,linear,diabetes,label_noise,0.05,ok,42
0.8432432432432433,0.4329004329004329,0.11767821387615782,0.7662337662337663,logreg,linear,diabetes,label_noise,0.1,ok,42
0.8,0.3203463203463203,0.14316187935970498,0.7835497835497836,logreg,linear,diabetes,label_noise,0.2,ok,42
0.8054054054054054,0.38961038961038963,0.12662470868252593,0.7748917748917749,logreg,linear,diabetes,label_noise,0.3,ok,42
0.772972972972973,0.05194805194805195,0.21692714129425342,0.7229437229437229,logreg,linear,diabetes,label_noise,0.4,ok,42
0.8432432432432433,0.3939393939393939,0.12514294987372473,0.7748917748917749,logreg,linear,diabetes,covariate_shift,0.0,ok,42
0.8216216216216217,0.4805194805194805,0.1270328739940375,0.7619047619047619,logreg,linear,diabetes,covariate_shift,0.05,ok,42
0.7945945945945946,0.4675324675324675,0.1432419984988557,0.7532467532467533,logreg,linear,diabetes,covariate_shift,0.1,ok,42
0.6972972972972973,0.2510822510822511,0.22051207124243183,0.658008658008658,logreg,linear,diabetes,covariate_shift,0.2,ok,42
0.5675675675675675,0.2077922077922078,0.31297680135327405,0.5670995670995671,logreg,linear,diabetes,covariate_shift,0.3,ok,42
0.4864864864864865,0.18614718614718614,0.36925264483764075,0.4588744588744589,logreg,linear,diabetes,covariate_shift,0.4,ok,42
0.8,0.22943722943722944,0.13845519819530525,0.7445887445887446,hist_gbdt,gbdt,diabetes,label_noise,0.0,ok,42
0.7945945945945946,0.39826839826839827,0.1468477223368132,0.7619047619047619,hist_gbdt,gbdt,diabetes,label_noise,0.05,ok,42
0.7405405405405405,0.19480519480519481,0.1846076427323222,0.6753246753246753,hist_gbdt,gbdt,diabetes,label_noise,0.1,ok,42
0.6648648648648648,0.025974025974025976,0.2805976955368514,0.645021645021645,hist_gbdt,gbdt,diabetes,label_noise,0.2,ok,42
0.6810810810810811,0.11688311688311688,0.23294688966605726,0.670995670995671,hist_gbdt,gbdt,diabetes,label_noise,0.3,ok,42
0.5837837837837838,0.012987012987012988,0.40632365492481426,0.5844155844155844,hist_gbdt,gbdt,diabetes,label_noise,0.4,ok,42
0.8,0.22943722943722944,0.13845519819530525,0.7445887445887446,hist_gbdt,gbdt,diabetes,covariate_shift,0.0,ok,42
0.7621621621621621,0.2943722943722944,0.1634404798489634,0.7142857142857143,hist_gbdt,gbdt,diabetes,covariate_shift,0.05,ok,42
0.7351351351351352,0.2813852813852814,0.16330812768819927,0.7056277056277056,hist_gbdt,gbdt,diabetes,covariate_shift,0.1,ok,42
0.6216216216216216,0.06060606060606061,0.28911061727666276,0.6190476190476191,hist_gbdt,gbdt,diabetes,covariate_shift,0.2,ok,42
0.5513513513513514,0.012987012987012988,0.3926108493099115,0.5281385281385281,hist_gbdt,gbdt,diabetes,covariate_shift,0.3,ok,42
0.4486486486486487,0.012987012987012988,0.503929155240742,0.4458874458874459,hist_gbdt,gbdt,diabetes,covariate_shift,0.4,ok,42
0.7891891891891892,0.36796536796536794,0.14393513115942075,0.7272727272727273,xgboost,gbdt,diabetes,label_noise,0.0,ok,42
0.7675675675675676,0.22510822510822512,0.16144241110182117,0.7142857142857143,xgboost,gbdt,diabetes,label_noise,0.05,ok,42
0.7405405405405405,0.30735930735930733,0.1574121053069857,0.7012987012987013,xgboost,gbdt,diabetes,label_noise,0.1,ok,42
0.6324324324324324,0.004329004329004329,0.3087506066050937,0.5887445887445888,xgboost,gbdt,diabetes,label_noise,0.2,ok,42
0.654054054054054,0.12987012987012986,0.26758647406125885,0.6406926406926406,xgboost,gbdt,diabetes,label_noise,0.3,ok,42
0.5567567567567567,0.0,0.4300759207557358,0.5627705627705628,xgboost,gbdt,diabetes,label_noise,0.4,ok,42
0.7891891891891892,0.36796536796536794,0.14393513115942075,0.7272727272727273,xgboost,gbdt,diabetes,covariate_shift,0.0,ok,42
0.7567567567567568,0.30303030303030304,0.16246537076247083,0.7229437229437229,xgboost,gbdt,diabetes,covariate_shift,0.05,ok,42
0.7297297297297297,0.2727272727272727,0.17236307254937905,0.6666666666666666,xgboost,gbdt,diabetes,covariate_shift,0.1,ok,42
0.6648648648648648,0.05194805194805195,0.27747468922316054,0.6277056277056277,xgboost,gbdt,diabetes,covariate_shift,0.2,ok,42
0.5513513513513514,0.017316017316017316,0.42267677981516705,0.5411255411255411,xgboost,gbdt,diabetes,covariate_shift,0.3,ok,42
0.4540540540540541,0.008658008658008658,0.5462024509622406,0.4588744588744589,xgboost,gbdt,diabetes,covariate_shift,0.4,ok,42
0.7945945945945946,0.3593073593073593,0.1217525672663126,0.7489177489177489,catboost,gbdt,diabetes,label_noise,0.0,ok,42
0.8108108108108109,0.4458874458874459,0.11580162749063495,0.7662337662337663,catboost,gbdt,diabetes,label_noise,0.05,ok,42
0.7945945945945946,0.44155844155844154,0.1328548550629611,0.7142857142857143,catboost,gbdt,diabetes,label_noise,0.1,ok,42
0.7621621621621621,0.19047619047619047,0.1853340510185228,0.696969696969697,catboost,gbdt,diabetes,label_noise,0.2,ok,42
0.7567567567567568,0.22077922077922077,0.16159718489662536,0.7142857142857143,catboost,gbdt,diabetes,label_noise,0.3,ok,42
0.6648648648648648,0.021645021645021644,0.31128932164327844,0.645021645021645,catboost,gbdt,diabetes,label_noise,0.4,ok,42
0.7945945945945946,0.3593073593073593,0.1217525672663126,0.7489177489177489,catboost,gbdt,diabetes,covariate_shift,0.0,ok,42
0.7837837837837838,0.43722943722943725,0.12814512905329248,0.7402597402597403,catboost,gbdt,diabetes,covariate_shift,0.05,ok,42
0.745945945945946,0.2813852813852814,0.1485549294142086,0.696969696969697,catboost,gbdt,diabetes,covariate_shift,0.1,ok,42
0.6054054054054054,0.10822510822510822,0.26494706511080596,0.6103896103896104,catboost,gbdt,diabetes,covariate_shift,0.2,ok,42
0.518918918918919,0.008658008658008658,0.39391438878502677,0.5194805194805194,catboost,gbdt,diabetes,covariate_shift,0.3,ok,42
0.42702702702702705,0.008658008658008658,0.5133742272429944,0.4155844155844156,catboost,gbdt,diabetes,covariate_shift,0.4,ok,42
0.827027027027027,0.47619047619047616,0.11236448223840344,0.7532467532467533,tabicl,icl,diabetes,label_noise,0.0,ok,42
0.8378378378378378,0.5541125541125541,0.10923270951824801,0.7619047619047619,tabicl,icl,diabetes,label_noise,0.05,ok,42
0.8162162162162162,0.5757575757575758,0.10987795389353394,0.7316017316017316,tabicl,icl,diabetes,label_noise,0.1,ok,42
0.7837837837837838,0.27705627705627706,0.14509599097704912,0.7619047619047619,tabicl,icl,diabetes,label_noise,0.2,ok,42
0.8162162162162162,0.3333333333333333,0.12374159910943647,0.7575757575757576,tabicl,icl,diabetes,label_noise,0.3,ok,42
0.6972972972972973,0.021645021645021644,0.23776545755616252,0.6753246753246753,tabicl,icl,diabetes,label_noise,0.4,ok,42
0.827027027027027,0.47619047619047616,0.11236448223840344,0.7532467532467533,tabicl,icl,diabetes,covariate_shift,0.0,ok,42
0.8,0.4458874458874459,0.1187886954271298,0.7359307359307359,tabicl,icl,diabetes,covariate_shift,0.05,ok,42
0.7837837837837838,0.38961038961038963,0.1366460063219132,0.70995670995671,tabicl,icl,diabetes,covariate_shift,0.1,ok,42
0.6378378378378379,0.15151515151515152,0.23637366256833023,0.6233766233766234,tabicl,icl,diabetes,covariate_shift,0.2,ok,42
0.5297297297297298,0.04329004329004329,0.36540913700680794,0.5194805194805194,tabicl,icl,diabetes,covariate_shift,0.3,ok,42
0.43243243243243246,0.0,0.46905414733594014,0.4155844155844156,tabicl,icl,diabetes,covariate_shift,0.4,ok,42
0.8162162162162162,0.2683982683982684,0.11837376740120707,0.7575757575757576,tabpfn,icl,diabetes,label_noise,0.0,ok,42
0.8324324324324325,0.4155844155844156,0.11071441706157582,0.7792207792207793,tabpfn,icl,diabetes,label_noise,0.05,ok,42
0.8108108108108109,0.3116883116883117,0.12245502174337966,0.7186147186147186,tabpfn,icl,diabetes,label_noise,0.1,ok,42
0.7891891891891892,0.30735930735930733,0.13794290305451365,0.7662337662337663,tabpfn,icl,diabetes,label_noise,0.2,ok,42
0.8,0.3246753246753247,0.1296360187177239,0.7359307359307359,tabpfn,icl,diabetes,label_noise,0.3,ok,42
0.6972972972972973,0.030303030303030304,0.2276206764741635,0.683982683982684,tabpfn,icl,diabetes,label_noise,0.4,ok,42
0.8162162162162162,0.2683982683982684,0.11837376740120707,0.7575757575757576,tabpfn,icl,diabetes,covariate_shift,0.0,ok,42
0.7891891891891892,0.39826839826839827,0.12465361647988027,0.7445887445887446,tabpfn,icl,diabetes,covariate_shift,0.05,ok,42
0.772972972972973,0.44155844155844154,0.14849253700142587,0.7012987012987013,tabpfn,icl,diabetes,covariate_shift,0.1,ok,42
0.6432432432432432,0.22077922077922077,0.24197028196554465,0.6017316017316018,tabpfn,icl,diabetes,covariate_shift,0.2,ok,42
0.5135135135135135,0.11255411255411256,0.35374920781423747,0.49783549783549785,tabpfn,icl,diabetes,covariate_shift,0.3,ok,42
0.42162162162162165,0.08658008658008658,0.4378157872532765,0.41125541125541126,tabpfn,icl,diabetes,covariate_shift,0.4,ok,42
1.0,1.0,0.0021489950215984833,0.9666666666666667,logreg,linear,breast-w,label_noise,0.0,ok,42
1.0,1.0,0.002350090655567825,0.9666666666666667,logreg,linear,breast-w,label_noise,0.05,ok,42
1.0,1.0,0.0030897379387602245,0.9523809523809523,logreg,linear,breast-w,label_noise,0.1,ok,42
0.9821428571428571,1.0,0.00541791775698855,0.9571428571428572,logreg,linear,breast-w,label_noise,0.2,ok,42
0.9880952380952381,1.0,0.009386628367137105,0.9428571428571428,logreg,linear,breast-w,label_noise,0.3,ok,42
0.9642857142857143,0.9619047619047619,0.043532561685413404,0.8809523809523809,logreg,linear,breast-w,label_noise,0.4,ok,42
1.0,1.0,0.0021489950215984833,0.9666666666666667,logreg,linear,breast-w,covariate_shift,0.0,ok,42
0.9821428571428571,1.0,0.004791061590167711,0.9714285714285714,logreg,linear,breast-w,covariate_shift,0.05,ok,42
0.9821428571428571,1.0,0.016474280963807205,0.9666666666666667,logreg,linear,breast-w,covariate_shift,0.1,ok,42
0.9523809523809523,0.9333333333333333,0.04351445714798834,0.8809523809523809,logreg,linear,breast-w,covariate_shift,0.2,ok,42
0.4523809523809524,0.38095238095238093,0.27813796584743183,0.4523809523809524,logreg,linear,breast-w,covariate_shift,0.3,ok,42
0.42857142857142855,0.38095238095238093,0.2947999438125253,0.34285714285714286,logreg,linear,breast-w,covariate_shift,0.4,ok,42
1.0,1.0,0.0031549585543859593,0.9571428571428572,hist_gbdt,gbdt,breast-w,label_noise,0.0,ok,42
0.9761904761904762,1.0,0.013043187595228656,0.9619047619047619,hist_gbdt,gbdt,breast-w,label_noise,0.05,ok,42
0.9880952380952381,1.0,0.01004057531926065,0.9523809523809523,hist_gbdt,gbdt,breast-w,label_noise,0.1,ok,42
0.9523809523809523,1.0,0.04451411551725962,0.919047619047619,hist_gbdt,gbdt,breast-w,label_noise,0.2,ok,42
0.9226190476190477,0.8285714285714286,0.05066691105564349,0.8285714285714286,hist_gbdt,gbdt,breast-w,label_noise,0.3,ok,42
0.7738095238095238,0.05238095238095238,0.23615634867021765,0.7095238095238096,hist_gbdt,gbdt,breast-w,label_noise,0.4,ok,42
1.0,1.0,0.0031549585543859593,0.9571428571428572,hist_gbdt,gbdt,breast-w,covariate_shift,0.0,ok,42
0.9940476190476191,1.0,0.0036658448855350443,0.9619047619047619,hist_gbdt,gbdt,breast-w,covariate_shift,0.05,ok,42
0.9880952380952381,1.0,0.01258771779325826,0.9428571428571428,hist_gbdt,gbdt,breast-w,covariate_shift,0.1,ok,42
0.7023809523809523,0.37142857142857144,0.16693272425937009,0.6714285714285714,hist_gbdt,gbdt,breast-w,covariate_shift,0.2,ok,42
0.6726190476190477,0.3619047619047619,0.1931430609803055,0.6761904761904762,hist_gbdt,gbdt,breast-w,covariate_shift,0.3,ok,42
0.44047619047619047,0.3619047619047619,0.2902310039339299,0.42857142857142855,hist_gbdt,gbdt,breast-w,covariate_shift,0.4,ok,42
0.9940476190476191,1.0,0.0044227581031666885,0.9619047619047619,xgboost,gbdt,breast-w,label_noise,0.0,ok,42
0.9821428571428571,1.0,0.019829944598369766,0.9523809523809523,xgboost,gbdt,breast-w,label_noise,0.05,ok,42
0.9523809523809523,1.0,0.01805389119391144,0.9238095238095239,xgboost,gbdt,breast-w,label_noise,0.1,ok,42
0.9166666666666666,0.9285714285714286,0.059395918549396055,0.8761904761904762,xgboost,gbdt,breast-w,label_noise,0.2,ok,42
0.8869047619047619,0.7333333333333333,0.08319778463755567,0.8333333333333334,xgboost,gbdt,breast-w,label_noise,0.3,ok,42
0.6845238095238095,0.009523809523809525,0.30556071039343213,0.6666666666666666,xgboost,gbdt,breast-w,label_noise,0.4,ok,42
0.9940476190476191,1.0,0.0044227581031666885,0.9619047619047619,xgboost,gbdt,breast-w,covariate_shift,0.0,ok,42
0.9940476190476191,1.0,0.0044227581031666885,0.9619047619047619,xgboost,gbdt,breast-w,covariate_shift,0.05,ok,42
0.9880952380952381,1.0,0.005142719705499539,0.9619047619047619,xgboost,gbdt,breast-w,covariate_shift,0.1,ok,42
0.9702380952380952,1.0,0.020812494635566517,0.9,xgboost,gbdt,breast-w,covariate_shift,0.2,ok,42
0.5059523809523809,0.3523809523809524,0.28234745676360334,0.5142857142857142,xgboost,gbdt,breast-w,covariate_shift,0.3,ok,42
0.4523809523809524,0.30952380952380953,0.3020621802761055,0.3952380952380952,xgboost,gbdt,breast-w,covariate_shift,0.4,ok,42
1.0,1.0,0.00221506523551128,0.9666666666666667,catboost,gbdt,breast-w,label_noise,0.0,ok,42
0.9940476190476191,1.0,0.0028125231661476446,0.9619047619047619,catboost,gbdt,breast-w,label_noise,0.05,ok,42
1.0,1.0,0.0028530697500399067,0.9523809523809523,catboost,gbdt,breast-w,label_noise,0.1,ok,42
0.9880952380952381,1.0,0.019202889597005446,0.9380952380952381,catboost,gbdt,breast-w,label_noise,0.2,ok,42
0.9642857142857143,1.0,0.02139494380841954,0.9095238095238095,catboost,gbdt,breast-w,label_noise,0.3,ok,42
0.8630952380952381,0.0761904761904762,0.14378121973760072,0.8095238095238095,catboost,gbdt,breast-w,label_noise,0.4,ok,42
1.0,1.0,0.00221506523551128,0.9666666666666667,catboost,gbdt,breast-w,covariate_shift,0.0,ok,42
1.0,1.0,0.0024894555752707436,0.9619047619047619,catboost,gbdt,breast-w,covariate_shift,0.05,ok,42
0.9880952380952381,1.0,0.006228873973923646,0.9571428571428572,catboost,gbdt,breast-w,covariate_shift,0.1,ok,42
0.6666666666666666,0.38571428571428573,0.18679617107007418,0.6476190476190476,catboost,gbdt,breast-w,covariate_shift,0.2,ok,42
0.42857142857142855,0.37142857142857144,0.2970605664980827,0.35714285714285715,catboost,gbdt,breast-w,covariate_shift,0.3,ok,42
0.42857142857142855,0.38095238095238093,0.30190357094772224,0.34285714285714286,catboost,gbdt,breast-w,covariate_shift,0.4,ok,42
1.0,1.0,0.0016488134222590624,0.9714285714285714,tabicl,icl,breast-w,label_noise,0.0,ok,42
1.0,1.0,0.001911243175243712,0.9714285714285714,tabicl,icl,breast-w,label_noise,0.05,ok,42
1.0,1.0,0.00214870054974485,0.9619047619047619,tabicl,icl,breast-w,label_noise,0.1,ok,42
0.9880952380952381,1.0,0.009076893370179657,0.9714285714285714,tabicl,icl,breast-w,label_noise,0.2,ok,42
1.0,1.0,0.0018083214206548925,0.9666666666666667,tabicl,icl,breast-w,label_noise,0.3,ok,42
0.8988095238095238,0.7904761904761904,0.05331020678660514,0.8476190476190476,tabicl,icl,breast-w,label_noise,0.4,ok,42
1.0,1.0,0.0016488134222590624,0.9714285714285714,tabicl,icl,breast-w,covariate_shift,0.0,ok,42
0.9821428571428571,1.0,0.018245784029716654,0.9714285714285714,tabicl,icl,breast-w,covariate_shift,0.05,ok,42
0.9761904761904762,1.0,0.0226754473185928,0.9571428571428572,tabicl,icl,breast-w,covariate_shift,0.1,ok,42
0.8333333333333334,0.3904761904761905,0.10750579798352423,0.780952380952381,tabicl,icl,breast-w,covariate_shift,0.2,ok,42
0.42857142857142855,0.38095238095238093,0.30635644141786295,0.3523809523809524,tabicl,icl,breast-w,covariate_shift,0.3,ok,42
0.42857142857142855,0.2857142857142857,0.325728177776312,0.34285714285714286,tabicl,icl,breast-w,covariate_shift,0.4,ok,42
1.0,1.0,0.0017179866251396199,0.9714285714285714,tabpfn,icl,breast-w,label_noise,0.0,ok,42
1.0,1.0,0.0018086670963636147,0.9714285714285714,tabpfn,icl,breast-w,label_noise,0.05,ok,42
1.0,1.0,0.00228347013098518,0.9523809523809523,tabpfn,icl,breast-w,label_noise,0.1,ok,42
0.9940476190476191,1.0,0.003862184351563918,0.9809523809523809,tabpfn,icl,breast-w,label_noise,0.2,ok,42
1.0,1.0,0.0031606111206595737,0.9476190476190476,tabpfn,icl,breast-w,label_noise,0.3,ok,42
0.9642857142857143,1.0,0.01402183937971763,0.919047619047619,tabpfn,icl,breast-w,label_noise,0.4,ok,42
1.0,1.0,0.0017179866251396199,0.9714285714285714,tabpfn,icl,breast-w,covariate_shift,0.0,ok,42
0.9821428571428571,1.0,0.010557849748966385,0.9714285714285714,tabpfn,icl,breast-w,covariate_shift,0.05,ok,42
0.9821428571428571,1.0,0.016659092011735033,0.9619047619047619,tabpfn,icl,breast-w,covariate_shift,0.1,ok,42
0.7857142857142857,0.3904761904761905,0.12015747832023771,0.7285714285714285,tabpfn,icl,breast-w,covariate_shift,0.2,ok,42
0.42857142857142855,0.38095238095238093,0.2950470755640088,0.3523809523809524,tabpfn,icl,breast-w,covariate_shift,0.3,ok,42
0.42857142857142855,0.38095238095238093,0.3032907216079578,0.34285714285714286,tabpfn,icl,breast-w,covariate_shift,0.4,ok,42
0.8073959938366718,0.5406905055487053,0.10972578139497935,0.7540073982737361,logreg,linear,phoneme,label_noise,0.0,ok,42
0.8112480739599384,0.5351418002466092,0.11031183913899466,0.7552404438964242,logreg,linear,phoneme,label_noise,0.05,ok,42
0.8058551617873652,0.5369913686806412,0.11236229427376501,0.7564734895191122,logreg,linear,phoneme,label_noise,0.1,ok,42
0.810477657935285,0.5184956843403206,0.11376879214421712,0.7681874229346486,logreg,linear,phoneme,label_noise,0.2,ok,42
0.8220338983050848,0.5086313193588162,0.10884642790436856,0.7472256473489519,logreg,linear,phoneme,label_noise,0.3,ok,42
0.812788906009245,0.43279901356350187,0.12028572560565066,0.7583230579531443,logreg,linear,phoneme,label_noise,0.4,ok,42
0.8073959938366718,0.5406905055487053,0.10972578139497935,0.7540073982737361,logreg,linear,phoneme,covariate_shift,0.0,ok,42
0.8073959938366718,0.5123304562268804,0.11072997624000755,0.7620221948212084,logreg,linear,phoneme,covariate_shift,0.05,ok,42
0.8066255778120185,0.48520345252774355,0.11265075352029223,0.7663378545006165,logreg,linear,phoneme,covariate_shift,0.1,ok,42
0.8050847457627118,0.44636251541307026,0.1196342405894004,0.7620221948212084,logreg,linear,phoneme,covariate_shift,0.2,ok,42
0.7973805855161787,0.36189889025893957,0.13521685632741573,0.750924784217016,logreg,linear,phoneme,covariate_shift,0.3,ok,42
0.7765793528505393,0.12577065351418001,0.16961986383085897,0.7318125770653514,logreg,linear,phoneme,covariate_shift,0.4,ok,42
0.9437596302003082,0.9808877928483354,0.026261954181381445,0.8951911220715166,hist_gbdt,gbdt,phoneme,label_noise,0.0,ok,42
0.9375963020030816,0.9340320591861899,0.03501396089605155,0.8736128236744759,hist_gbdt,gbdt,phoneme,label_noise,0.05,ok,42
0.9337442218798151,0.9469790382244143,0.03426827529096147,0.8853267570900123,hist_gbdt,gbdt,phoneme,label_noise,0.1,ok,42
0.8852080123266564,0.718865598027127,0.07373177960723908,0.8347718865598027,hist_gbdt,gbdt,phoneme,label_noise,0.2,ok,42
0.864406779661017,0.531442663378545,0.10038132525421786,0.8070283600493219,hist_gbdt,gbdt,phoneme,label_noise,0.3,ok,42
0.6941448382126348,0.032675709001233046,0.2573708355769725,0.6602959309494452,hist_gbdt,gbdt,phoneme,label_noise,0.4,ok,42
0.9437596302003082,0.9808877928483354,0.026261954181381445,0.8951911220715166,hist_gbdt,gbdt,phoneme,covariate_shift,0.0,ok,42
0.8983050847457628,0.7965474722564735,0.05170450459158488,0.8224414303329223,hist_gbdt,gbdt,phoneme,covariate_shift,0.05,ok,42
0.8289676425269645,0.5752157829839704,0.0899065535996618,0.7651048088779285,hist_gbdt,gbdt,phoneme,covariate_shift,0.1,ok,42
0.765793528505393,0.4395807644882861,0.13463277261964704,0.7022194821208385,hist_gbdt,gbdt,phoneme,covariate_shift,0.2,ok,42
0.7357473035439137,0.41430332922318125,0.1473032453173723,0.6609124537607891,hist_gbdt,gbdt,phoneme,covariate_shift,0.3,ok,42
0.6964560862865947,0.3600493218249075,0.17151213182125388,0.6393341553637485,hist_gbdt,gbdt,phoneme,covariate_shift,0.4,ok,42
0.9468412942989214,0.9753390875462392,0.026139719003816956,0.8847102342786684,xgboost,gbdt,phoneme,label_noise,0.0,ok,42
0.9422187981510015,0.9451294697903823,0.032337861903382364,0.8816276202219482,xgboost,gbdt,phoneme,label_noise,0.05,ok,42
0.9206471494607088,0.8859432799013564,0.04780800686627226,0.8680641183723797,xgboost,gbdt,phoneme,label_noise,0.1,ok,42
0.8605546995377504,0.499383477188656,0.10549745164528143,0.8002466091245376,xgboost,gbdt,phoneme,label_noise,0.2,ok,42
0.7812018489984591,0.22318125770653513,0.16078854434949058,0.7348951911220715,xgboost,gbdt,phoneme,label_noise,0.3,ok,42
0.6417565485362096,0.0012330456226880395,0.333838455011912,0.6128236744759556,xgboost,gbdt,phoneme,label_noise,0.4,ok,42
0.9468412942989214,0.9753390875462392,0.026139719003816956,0.8847102342786684,xgboost,gbdt,phoneme,covariate_shift,0.0,ok,42
0.8798151001540832,0.7466091245376079,0.06064131099351663,0.8199753390875463,xgboost,gbdt,phoneme,covariate_shift,0.05,ok,42
0.827426810477658,0.5228113440197287,0.10456397205332672,0.7583230579531443,xgboost,gbdt,phoneme,covariate_shift,0.1,ok,42
0.7773497688751926,0.09864364981504316,0.17012271662478076,0.7262638717632552,xgboost,gbdt,phoneme,covariate_shift,0.2,ok,42
0.7711864406779662,0.0,0.20821731411849956,0.7090012330456227,xgboost,gbdt,phoneme,covariate_shift,0.3,ok,42
0.7003081664098614,0.0,0.2898759848711701,0.6621454993834772,xgboost,gbdt,phoneme,covariate_shift,0.4,ok,42
0.9499229583975347,0.968557336621455,0.02573474412859626,0.8884093711467325,catboost,gbdt,phoneme,label_noise,0.0,ok,42
0.9422187981510015,0.9519112207151664,0.02839972704021458,0.8810110974106042,catboost,gbdt,phoneme,label_noise,0.05,ok,42
0.9391371340523883,0.9494451294697904,0.03243673412419151,0.8853267570900123,catboost,gbdt,phoneme,label_noise,0.1,ok,42
0.9083204930662557,0.8397040690505548,0.06119313154268293,0.843403205918619,catboost,gbdt,phoneme,label_noise,0.2,ok,42
0.8959938366718028,0.782983970406905,0.06937613202721374,0.8403205918618989,catboost,gbdt,phoneme,label_noise,0.3,ok,42
0.7665639445300462,0.056103575832305796,0.2044436916375381,0.7330456226880394,catboost,gbdt,phoneme,label_noise,0.4,ok,42
0.9499229583975347,0.968557336621455,0.02573474412859626,0.8884093711467325,catboost,gbdt,phoneme,covariate_shift,0.0,ok,42
0.8944530046224961,0.7879161528976573,0.04900914874291027,0.8347718865598027,catboost,gbdt,phoneme,covariate_shift,0.05,ok,42
0.8359013867488444,0.5530209617755857,0.08972725078157749,0.7774352651048089,catboost,gbdt,phoneme,covariate_shift,0.1,ok,42
0.7434514637904468,0.3218249075215783,0.1678907257750554,0.7016029593094945,catboost,gbdt,phoneme,covariate_shift,0.2,ok,42
0.6964560862865947,0.008014796547472256,0.2582297371131881,0.6602959309494452,catboost,gbdt,phoneme,covariate_shift,0.3,ok,42
0.6432973805855162,0.0006165228113440197,0.40839979402732696,0.6245376078914919,catboost,gbdt,phoneme,covariate_shift,0.4,ok,42
0.9745762711864406,1.0,0.013961361484961656,0.9093711467324291,tabicl,icl,phoneme,label_noise,0.0,ok,42
0.9661016949152542,0.9913686806411838,0.018413566052988398,0.8964241676942046,tabicl,icl,phoneme,label_noise,0.05,ok,42
0.9537750385208013,0.9864364981504316,0.02322331483376713,0.8927250308261405,tabicl,icl,phoneme,label_noise,0.1,ok,42
0.9160246533127889,0.8514180024660912,0.04100153023785302,0.8520345252774353,tabicl,icl,phoneme,label_noise,0.2,ok,42
0.9075500770416025,0.8366214549938348,0.04482742158501564,0.8532675709001233,tabicl,icl,phoneme,label_noise,0.3,ok,42
0.8605546995377504,0.6695437731196054,0.08073113422792018,0.8064118372379778,tabicl,icl,phoneme,label_noise,0.4,ok,42
0.9745762711864406,1.0,0.013961361484961656,0.9093711467324291,tabicl,icl,phoneme,covariate_shift,0.0,ok,42
0.8828967642526965,0.7287299630086314,0.06119629387178452,0.8261405672009864,tabicl,icl,phoneme,covariate_shift,0.05,ok,42
0.8073959938366718,0.3785450061652281,0.1330104216159147,0.7453760789149199,tabicl,icl,phoneme,covariate_shift,0.1,ok,42
0.7295839753466872,0.11344019728729964,0.19932361286391312,0.689272503082614,tabicl,icl,phoneme,covariate_shift,0.2,ok,42
0.711864406779661,0.0,0.2288183916433561,0.6658446362515413,tabicl,icl,phoneme,covariate_shift,0.3,ok,42
0.6956856702619415,0.0,0.3036834185724369,0.6535141800246609,tabicl,icl,phoneme,covariate_shift,0.4,ok,42
0.9738058551617874,1.0,0.013760230555785605,0.9192355117139334,tabpfn,icl,phoneme,label_noise,0.0,ok,42
0.9684129429892142,1.0,0.01869577915198076,0.9099876695437731,tabpfn,icl,phoneme,label_noise,0.05,ok,42
0.9576271186440678,0.9932182490752158,0.021775713295886026,0.8976572133168927,tabpfn,icl,phoneme,label_noise,0.1,ok,42
0.923728813559322,0.8705302096177558,0.03855134677605962,0.8612823674475956,tabpfn,icl,phoneme,label_noise,0.2,ok,42
0.9098613251155624,0.8242909987669543,0.04735745553806519,0.842170160295931,tabpfn,icl,phoneme,label_noise,0.3,ok,42
0.8428351309707242,0.6048088779284834,0.08345717905900164,0.7675709001233045,tabpfn,icl,phoneme,label_noise,0.4,ok,42
0.9738058551617874,1.0,0.013760230555785605,0.9192355117139334,tabpfn,icl,phoneme,covariate_shift,0.0,ok,42
0.8875192604006163,0.7398273736128237,0.06013208566036927,0.8218249075215783,tabpfn,icl,phoneme,covariate_shift,0.05,ok,42
0.8143297380585516,0.5055487053020962,0.1140406331550322,0.7638717632552404,tabpfn,icl,phoneme,covariate_shift,0.1,ok,42
0.7449922958397535,0.1060419235511714,0.17973443225797317,0.7077681874229347,tabpfn,icl,phoneme,covariate_shift,0.2,ok,42
0.7172573189522342,0.0006165228113440197,0.20901856474542171,0.6886559802712701,tabpfn,icl,phoneme,covariate_shift,0.3,ok,42
0.7080123266563945,0.013563501849568433,0.2257023873235619,0.6627620221948212,tabpfn,icl,phoneme,covariate_shift,0.4,ok,42
0.8125,0.54,0.11358741587622778,0.76,logreg,linear,credit-g,label_noise,0.0,ok,42
0.825,0.43333333333333335,0.11149431741973306,0.7733333333333333,logreg,linear,credit-g,label_noise,0.05,ok,42
0.7958333333333333,0.38,0.13179715749958254,0.7666666666666667,logreg,linear,credit-g,label_noise,0.1,ok,42
0.7583333333333333,0.29,0.16030333688824,0.7166666666666667,logreg,linear,credit-g,label_noise,0.2,ok,42
0.7,0.04,0.24616795920655837,0.6366666666666667,logreg,linear,credit-g,label_noise,0.3,ok,42
0.6833333333333333,0.006666666666666667,0.3141704750922399,0.6366666666666667,logreg,linear,credit-g,label_noise,0.4,ok,42
0.8125,0.54,0.11358741587622778,0.76,logreg,linear,credit-g,covariate_shift,0.0,ok,42
0.8166666666666667,0.4866666666666667,0.11593334288041199,0.7533333333333333,logreg,linear,credit-g,covariate_shift,0.05,ok,42
0.8125,0.37333333333333335,0.1209360383095532,0.75,logreg,linear,credit-g,covariate_shift,0.1,ok,42
0.7958333333333333,0.2866666666666667,0.14080394028337717,0.7433333333333333,logreg,linear,credit-g,covariate_shift,0.2,ok,42
0.7708333333333334,0.15666666666666668,0.17431323779005445,0.7233333333333334,logreg,linear,credit-g,covariate_shift,0.3,ok,42
0.725,0.07,0.22433555189514734,0.7066666666666667,logreg,linear,credit-g,covariate_shift,0.4,ok,42
0.7875,0.37333333333333335,0.13067992529574626,0.7533333333333333,hist_gbdt,gbdt,credit-g,label_noise,0.0,ok,42
0.7958333333333333,0.37333333333333335,0.12432763665471763,0.74,hist_gbdt,gbdt,credit-g,label_noise,0.05,ok,42
0.775,0.24333333333333335,0.15141017568787424,0.7466666666666667,hist_gbdt,gbdt,credit-g,label_noise,0.1,ok,42
0.7541666666666667,0.06666666666666667,0.19521979697616082,0.7,hist_gbdt,gbdt,credit-g,label_noise,0.2,ok,42
0.6291666666666667,0.03666666666666667,0.2809941255993763,0.6266666666666667,hist_gbdt,gbdt,credit-g,label_noise,0.3,ok,42
0.5958333333333333,0.0,0.3647723844484451,0.5766666666666667,hist_gbdt,gbdt,credit-g,label_noise,0.4,ok,42
0.7875,0.37333333333333335,0.13067992529574626,0.7533333333333333,hist_gbdt,gbdt,credit-g,covariate_shift,0.0,ok,42
0.8083333333333333,0.36666666666666664,0.12344425000316733,0.7633333333333333,hist_gbdt,gbdt,credit-g,covariate_shift,0.05,ok,42
0.8,0.44,0.12003291351858425,0.75,hist_gbdt,gbdt,credit-g,covariate_shift,0.1,ok,42
0.7875,0.4,0.13570064029933182,0.7466666666666667,hist_gbdt,gbdt,credit-g,covariate_shift,0.2,ok,42
0.7625,0.30666666666666664,0.15886223543318354,0.7066666666666667,hist_gbdt,gbdt,credit-g,covariate_shift,0.3,ok,42
0.7458333333333333,0.31333333333333335,0.15378553346147228,0.6966666666666667,hist_gbdt,gbdt,credit-g,covariate_shift,0.4,ok,42
0.8083333333333333,0.38,0.12286359626640748,0.76,xgboost,gbdt,credit-g,label_noise,0.0,ok,42
0.8125,0.5133333333333333,0.10454577619329904,0.7566666666666667,xgboost,gbdt,credit-g,label_noise,0.05,ok,42
0.7333333333333333,0.4,0.15731597788003956,0.69,xgboost,gbdt,credit-g,label_noise,0.1,ok,42
0.7541666666666667,0.08666666666666667,0.2174664811428373,0.6766666666666666,xgboost,gbdt,credit-g,label_noise,0.2,ok,42
0.625,0.02,0.308976241014301,0.6,xgboost,gbdt,credit-g,label_noise,0.3,ok,42
0.5875,0.006666666666666667,0.36716630575141285,0.57,xgboost,gbdt,credit-g,label_noise,0.4,ok,42
0.8083333333333333,0.38,0.12286359626640748,0.76,xgboost,gbdt,credit-g,covariate_shift,0.0,ok,42
0.8166666666666667,0.41,0.11887333543906896,0.76,xgboost,gbdt,credit-g,covariate_shift,0.05,ok,42
0.8291666666666667,0.4,0.11334347517079058,0.78,xgboost,gbdt,credit-g,covariate_shift,0.1,ok,42
0.8291666666666667,0.43666666666666665,0.11230498031607784,0.7766666666666666,xgboost,gbdt,credit-g,covariate_shift,0.2,ok,42
0.7958333333333333,0.29,0.14442513798486065,0.7566666666666667,xgboost,gbdt,credit-g,covariate_shift,0.3,ok,42
0.775,0.27666666666666667,0.1458718219750844,0.75,xgboost,gbdt,credit-g,covariate_shift,0.4,ok,42
0.8208333333333333,0.4,0.11042753781441919,0.78,catboost,gbdt,credit-g,label_noise,0.0,ok,42
0.8416666666666667,0.34,0.11648722950759895,0.7866666666666666,catboost,gbdt,credit-g,label_noise,0.05,ok,42
0.7958333333333333,0.5,0.12637250480946952,0.7466666666666667,catboost,gbdt,credit-g,label_noise,0.1,ok,42
0.7875,0.13666666666666666,0.16459264727406223,0.7433333333333333,catboost,gbdt,credit-g,label_noise,0.2,ok,42
0.7,0.056666666666666664,0.239530121663414,0.6366666666666667,catboost,gbdt,credit-g,label_noise,0.3,ok,42
0.6666666666666666,0.04,0.29503245886809115,0.6266666666666667,catboost,gbdt,credit-g,label_noise,0.4,ok,42
0.8208333333333333,0.4,0.11042753781441919,0.78,catboost,gbdt,credit-g,covariate_shift,0.0,ok,42
0.8333333333333334,0.4066666666666667,0.10790654138696179,0.7733333333333333,catboost,gbdt,credit-g,covariate_shift,0.05,ok,42
0.8375,0.5366666666666666,0.10447027978521473,0.7833333333333333,catboost,gbdt,credit-g,covariate_shift,0.1,ok,42
0.8166666666666667,0.43333333333333335,0.11038766384005749,0.7666666666666667,catboost,gbdt,credit-g,covariate_shift,0.2,ok,42
0.8166666666666667,0.4066666666666667,0.11998880816307675,0.7666666666666667,catboost,gbdt,credit-g,covariate_shift,0.3,ok,42
0.8083333333333333,0.4,0.12965377738897027,0.7433333333333333,catboost,gbdt,credit-g,covariate_shift,0.4,ok,42
0.8375,0.4866666666666667,0.10746630446791591,0.7633333333333333,tabicl,icl,credit-g,label_noise,0.0,ok,42
0.8458333333333333,0.4033333333333333,0.11177408872826111,0.7666666666666667,tabicl,icl,credit-g,label_noise,0.05,ok,42
0.8291666666666667,0.37,0.12531560328005825,0.7633333333333333,tabicl,icl,credit-g,label_noise,0.1,ok,42
0.7875,0.23333333333333334,0.15828052768710543,0.7366666666666667,tabicl,icl,credit-g,label_noise,0.2,ok,42
0.7208333333333333,0.22,0.21320361778490995,0.6533333333333333,tabicl,icl,credit-g,label_noise,0.3,ok,42
0.7416666666666667,0.0033333333333333335,0.2330663072234783,0.71,tabicl,icl,credit-g,label_noise,0.4,ok,42
0.8375,0.4866666666666667,0.10746630446791591,0.7633333333333333,tabicl,icl,credit-g,covariate_shift,0.0,ok,42
0.8291666666666667,0.5666666666666667,0.10978086341997065,0.76,tabicl,icl,credit-g,covariate_shift,0.05,ok,42
0.825,0.5333333333333333,0.11054299002184695,0.7633333333333333,tabicl,icl,credit-g,covariate_shift,0.1,ok,42
0.825,0.5366666666666666,0.11124312945797364,0.77,tabicl,icl,credit-g,covariate_shift,0.2,ok,42
0.8291666666666667,0.41333333333333333,0.11571224438816813,0.7633333333333333,tabicl,icl,credit-g,covariate_shift,0.3,ok,42
0.8166666666666667,0.3933333333333333,0.11963494946306673,0.77,tabicl,icl,credit-g,covariate_shift,0.4,ok,42
0.825,0.43333333333333335,0.1109538331267106,0.7566666666666667,tabpfn,icl,credit-g,label_noise,0.0,ok,42
0.8333333333333334,0.45666666666666667,0.11411182504555915,0.7733333333333333,tabpfn,icl,credit-g,label_noise,0.05,ok,42
0.825,0.37333333333333335,0.12266468100224785,0.7633333333333333,tabpfn,icl,credit-g,label_noise,0.1,ok,42
0.7666666666666667,0.16666666666666666,0.17281909442973953,0.7133333333333334,tabpfn,icl,credit-g,label_noise,0.2,ok,42
0.7458333333333333,0.17666666666666667,0.2008664981615388,0.7033333333333334,tabpfn,icl,credit-g,label_noise,0.3,ok,42
0.7291666666666666,0.08,0.22497433626469543,0.7033333333333334,tabpfn,icl,credit-g,label_noise,0.4,ok,42
0.825,0.43333333333333335,0.1109538331267106,0.7566666666666667,tabpfn,icl,credit-g,covariate_shift,0.0,ok,42
0.8291666666666667,0.44333333333333336,0.11158687880698272,0.76,tabpfn,icl,credit-g,covariate_shift,0.05,ok,42
0.8208333333333333,0.5133333333333333,0.11189926684261885,0.75,tabpfn,icl,credit-g,covariate_shift,0.1,ok,42
0.825,0.49,0.11450742310202043,0.76,tabpfn,icl,credit-g,covariate_shift,0.2,ok,42
0.8083333333333333,0.44,0.11963495161793938,0.76,tabpfn,icl,credit-g,covariate_shift,0.3,ok,42
0.8125,0.3566666666666667,0.12450182481010884,0.74,tabpfn,icl,credit-g,covariate_shift,0.4,ok,42
0.8235294117647058,0.4781144781144781,0.11677921865162243,0.7441077441077442,logreg,linear,vowel,label_noise,0.0,ok,42
0.8151260504201681,0.3063973063973064,0.13509707008160332,0.7373737373737373,logreg,linear,vowel,label_noise,0.05,ok,42
0.7142857142857143,0.1750841750841751,0.18133591579591687,0.6565656565656566,logreg,linear,vowel,label_noise,0.1,ok,42
0.6470588235294118,0.24579124579124578,0.23137610977413123,0.6127946127946128,logreg,linear,vowel,label_noise,0.2,ok,42
0.6302521008403361,0.20875420875420875,0.2416455679186031,0.5555555555555556,logreg,linear,vowel,label_noise,0.3,ok,42
0.47058823529411764,0.10774410774410774,0.3770739144699148,0.4006734006734007,logreg,linear,vowel,label_noise,0.4,ok,42
0.8235294117647058,0.4781144781144781,0.11677921865162243,0.7441077441077442,logreg,linear,vowel,covariate_shift,0.0,ok,42
0.7352941176470589,0.16835016835016836,0.1815374749372565,0.6734006734006734,logreg,linear,vowel,covariate_shift,0.05,ok,42
0.5588235294117647,0.14814814814814814,0.3265121709945242,0.5050505050505051,logreg,linear,vowel,covariate_shift,0.1,ok,42
0.3865546218487395,0.05387205387205387,0.5170790540230258,0.3569023569023569,logreg,linear,vowel,covariate_shift,0.2,ok,42
0.2815126050420168,0.04377104377104377,0.6032618750567654,0.27946127946127947,logreg,linear,vowel,covariate_shift,0.3,ok,42
0.226890756302521,0.026936026936026935,0.6499402754013107,0.21885521885521886,logreg,linear,vowel,covariate_shift,0.4,ok,42
0.9747899159663865,1.0,0.010690888195763606,0.9326599326599326,hist_gbdt,gbdt,vowel,label_noise,0.0,ok,42
0.9705882352941176,0.9966329966329966,0.014115665207979937,0.898989898989899,hist_gbdt,gbdt,vowel,label_noise,0.05,ok,42
0.9705882352941176,0.9696969696969697,0.01567945192720761,0.8787878787878788,hist_gbdt,gbdt,vowel,label_noise,0.1,ok,42
0.8781512605042017,0.7643097643097643,0.0624641600448248,0.8215488215488216,hist_gbdt,gbdt,vowel,label_noise,0.2,ok,42
0.7857142857142857,0.4612794612794613,0.1108120498531902,0.7205387205387206,hist_gbdt,gbdt,vowel,label_noise,0.3,ok,42
0.6722689075630253,0.2760942760942761,0.20485344068129382,0.6094276094276094,hist_gbdt,gbdt,vowel,label_noise,0.4,ok,42
0.9747899159663865,1.0,0.010690888195763606,0.9326599326599326,hist_gbdt,gbdt,vowel,covariate_shift,0.0,ok,42
0.9033613445378151,0.8013468013468014,0.05030575265006229,0.8383838383838383,hist_gbdt,gbdt,vowel,covariate_shift,0.05,ok,42
0.7647058823529411,0.3569023569023569,0.14712302436720331,0.7104377104377104,hist_gbdt,gbdt,vowel,covariate_shift,0.1,ok,42
0.3697478991596639,0.003367003367003367,0.5905612130746476,0.35353535353535354,hist_gbdt,gbdt,vowel,covariate_shift,0.2,ok,42
0.226890756302521,0.0,0.7589024624611193,0.21885521885521886,hist_gbdt,gbdt,vowel,covariate_shift,0.3,ok,42
0.14705882352941177,0.0,0.849142084430616,0.16835016835016836,hist_gbdt,gbdt,vowel,covariate_shift,0.4,ok,42
0.957983193277311,0.9191919191919192,0.024069884207549092,0.8787878787878788,xgboost,gbdt,vowel,label_noise,0.0,ok,42
0.957983193277311,0.9966329966329966,0.01976106931795455,0.898989898989899,xgboost,gbdt,vowel,label_noise,0.05,ok,42
0.9369747899159664,0.9090909090909091,0.03228657004917408,0.8686868686868687,xgboost,gbdt,vowel,label_noise,0.1,ok,42
0.8613445378151261,0.6734006734006734,0.0770199431153123,0.7811447811447811,xgboost,gbdt,vowel,label_noise,0.2,ok,42
0.7941176470588235,0.494949494949495,0.10820945915803434,0.7239057239057239,xgboost,gbdt,vowel,label_noise,0.3,ok,42
0.6722689075630253,0.2760942760942761,0.20754076884897127,0.5858585858585859,xgboost,gbdt,vowel,label_noise,0.4,ok,42
0.957983193277311,0.9191919191919192,0.024069884207549092,0.8787878787878788,xgboost,gbdt,vowel,covariate_shift,0.0,ok,42
0.8571428571428571,0.7104377104377104,0.07874631512431693,0.7878787878787878,xgboost,gbdt,vowel,covariate_shift,0.05,ok,42
0.7352941176470589,0.15151515151515152,0.1861179490231992,0.6801346801346801,xgboost,gbdt,vowel,covariate_shift,0.1,ok,42
0.3739495798319328,0.003367003367003367,0.5590433133825335,0.367003367003367,xgboost,gbdt,vowel,covariate_shift,0.2,ok,42
0.21428571428571427,0.010101010101010102,0.7546035684735425,0.22895622895622897,xgboost,gbdt,vowel,covariate_shift,0.3,ok,42
0.13445378151260504,0.0,0.8831009970865056,0.15151515151515152,xgboost,gbdt,vowel,covariate_shift,0.4,ok,42
0.9957983193277311,1.0,0.003183970269987438,0.9629629629629629,catboost,gbdt,vowel,label_noise,0.0,ok,42
0.9957983193277311,1.0,0.004302464541739247,0.9494949494949495,catboost,gbdt,vowel,label_noise,0.05,ok,42
0.9957983193277311,1.0,0.006669739341900556,0.9292929292929293,catboost,gbdt,vowel,label_noise,0.1,ok,42
0.9243697478991597,0.9090909090909091,0.03359975639569365,0.8653198653198653,catboost,gbdt,vowel,label_noise,0.2,ok,42
0.865546218487395,0.7171717171717171,0.06592655441631681,0.7946127946127947,catboost,gbdt,vowel,label_noise,0.3,ok,42
0.7100840336134454,0.5050505050505051,0.14922428709350194,0.6599326599326599,catboost,gbdt,vowel,label_noise,0.4,ok,42
0.9957983193277311,1.0,0.003183970269987438,0.9629629629629629,catboost,gbdt,vowel,covariate_shift,0.0,ok,42
0.9621848739495799,1.0,0.018381974226001484,0.9090909090909091,catboost,gbdt,vowel,covariate_shift,0.05,ok,42
0.8907563025210085,0.7676767676767676,0.06982874878706495,0.8215488215488216,catboost,gbdt,vowel,covariate_shift,0.1,ok,42
0.5252100840336135,0.05387205387205387,0.4081888559171489,0.49158249158249157,catboost,gbdt,vowel,covariate_shift,0.2,ok,42
0.29411764705882354,0.003367003367003367,0.6654500540123808,0.27946127946127947,catboost,gbdt,vowel,covariate_shift,0.3,ok,42
0.20588235294117646,0.0,0.8085256437128522,0.21212121212121213,catboost,gbdt,vowel,covariate_shift,0.4,ok,42
1.0,1.0,0.0,1.0,tabicl,icl,vowel,label_noise,0.0,ok,42
1.0,1.0,0.0006472938633558795,0.9865319865319865,tabicl,icl,vowel,label_noise,0.05,ok,42
0.9957983193277311,1.0,0.0013600932064699752,0.9797979797979798,tabicl,icl,vowel,label_noise,0.1,ok,42
0.9957983193277311,1.0,0.002681008025037183,0.9730639730639731,tabicl,icl,vowel,label_noise,0.2,ok,42
0.9663865546218487,1.0,0.01393100419083095,0.9090909090909091,tabicl,icl,vowel,label_noise,0.3,ok,42
0.9285714285714286,0.8754208754208754,0.031612957393434025,0.8249158249158249,tabicl,icl,vowel,label_noise,0.4,ok,42
1.0,1.0,0.0,1.0,tabicl,icl,vowel,covariate_shift,0.0,ok,42
1.0,1.0,0.0014200867456738296,0.9797979797979798,tabicl,icl,vowel,covariate_shift,0.05,ok,42
0.9747899159663865,1.0,0.012478532381257712,0.9292929292929293,tabicl,icl,vowel,covariate_shift,0.1,ok,42
0.8025210084033614,0.45791245791245794,0.10665948191293434,0.7575757575757576,tabicl,icl,vowel,covariate_shift,0.2,ok,42
0.680672268907563,0.1750841750841751,0.2374139516533656,0.6161616161616161,tabicl,icl,vowel,covariate_shift,0.3,ok,42
0.5252100840336135,0.037037037037037035,0.35324548884353324,0.4882154882154882,tabicl,icl,vowel,covariate_shift,0.4,ok,42
1.0,1.0,7.962612091063659e-05,0.98989898989899,tabpfn,icl,vowel,label_noise,0.0,ok,42
1.0,1.0,0.0009619083265305754,0.9831649831649831,tabpfn,icl,vowel,label_noise,0.05,ok,42
0.9957983193277311,1.0,0.0023155948344746524,0.9797979797979798,tabpfn,icl,vowel,label_noise,0.1,ok,42
1.0,1.0,0.0012850344535062664,0.9831649831649831,tabpfn,icl,vowel,label_noise,0.2,ok,42
0.9873949579831933,1.0,0.005027826442321789,0.9562289562289562,tabpfn,icl,vowel,label_noise,0.3,ok,42
0.9747899159663865,1.0,0.0135062988397608,0.9124579124579124,tabpfn,icl,vowel,label_noise,0.4,ok,42
1.0,1.0,7.962612091063659e-05,0.98989898989899,tabpfn,icl,vowel,covariate_shift,0.0,ok,42
1.0,1.0,0.000765926292009988,0.98989898989899,tabpfn,icl,vowel,covariate_shift,0.05,ok,42
0.9915966386554622,1.0,0.0056290684973954565,0.9629629629629629,tabpfn,icl,vowel,covariate_shift,0.1,ok,42
0.8529411764705882,0.6430976430976431,0.07972172004809802,0.8013468013468014,tabpfn,icl,vowel,covariate_shift,0.2,ok,42
0.6218487394957983,0.06734006734006734,0.28428783844251626,0.5723905723905723,tabpfn,icl,vowel,covariate_shift,0.3,ok,42
0.5210084033613446,0.04713804713804714,0.4013616597080103,0.47474747474747475,tabpfn,icl,vowel,covariate_shift,0.4,ok,42
0.9945848375451264,1.0,0.005746838758024087,0.937950937950938,logreg,linear,segment,label_noise,0.0,ok,42
0.9873646209386282,1.0,0.007491178671943848,0.9336219336219336,logreg,linear,segment,label_noise,0.05,ok,42
0.9747292418772563,1.0,0.012517229956695334,0.9191919191919192,logreg,linear,segment,label_noise,0.1,ok,42
0.9729241877256317,1.0,0.013655956689783623,0.9278499278499278,logreg,linear,segment,label_noise,0.2,ok,42
0.9530685920577617,1.0,0.02402031090903206,0.9018759018759018,logreg,linear,segment,label_noise,0.3,ok,42
0.9512635379061372,0.9783549783549783,0.050054938108629356,0.8845598845598845,logreg,linear,segment,label_noise,0.4,ok,42
0.9945848375451264,1.0,0.005746838758024087,0.937950937950938,logreg,linear,segment,covariate_shift,0.0,ok,42
0.9909747292418772,1.0,0.007787868755196252,0.9278499278499278,logreg,linear,segment,covariate_shift,0.05,ok,42
0.9693140794223827,0.9725829725829725,0.01637062989697884,0.8874458874458875,logreg,linear,segment,covariate_shift,0.1,ok,42
0.8050541516245487,0.5858585858585859,0.08522339242654275,0.7344877344877345,logreg,linear,segment,covariate_shift,0.2,ok,42
0.5974729241877257,0.4805194805194805,0.18211581228379706,0.5137085137085137,logreg,linear,segment,covariate_shift,0.3,ok,42
0.5433212996389891,0.4733044733044733,0.2052668772748215,0.4574314574314574,logreg,linear,segment,covariate_shift,0.4,ok,42
1.0,1.0,0.00043329761571770997,0.9855699855699855,hist_gbdt,gbdt,segment,label_noise,0.0,ok,42
0.9963898916967509,1.0,0.0023587269485728724,0.9696969696969697,hist_gbdt,gbdt,segment,label_noise,0.05,ok,42
0.9783393501805054,1.0,0.00886370999996341,0.963924963924964,hist_gbdt,gbdt,segment,label_noise,0.1,ok,42
0.9638989169675091,1.0,0.020554184106163217,0.9393939393939394,hist_gbdt,gbdt,segment,label_noise,0.2,ok,42
0.9332129963898917,0.9812409812409812,0.048036609727707576,0.8888888888888888,hist_gbdt,gbdt,segment,label_noise,0.3,ok,42
0.8862815884476535,0.7215007215007215,0.09523064019525294,0.8253968253968254,hist_gbdt,gbdt,segment,label_noise,0.4,ok,42
1.0,1.0,0.00043329761571770997,0.9855699855699855,hist_gbdt,gbdt,segment,covariate_shift,0.0,ok,42
0.9494584837545126,0.9581529581529582,0.04033462317304927,0.8802308802308803,hist_gbdt,gbdt,segment,covariate_shift,0.05,ok,42
0.8628158844765343,0.7243867243867244,0.09166593118221471,0.7604617604617605,hist_gbdt,gbdt,segment,covariate_shift,0.1,ok,42
0.5902527075812274,0.0,0.3369114709213022,0.5425685425685426,hist_gbdt,gbdt,segment,covariate_shift,0.2,ok,42
0.41335740072202165,0.0,0.6241052191705899,0.3795093795093795,hist_gbdt,gbdt,segment,covariate_shift,0.3,ok,42
0.27075812274368233,0.0,0.7052670672925354,0.27994227994227994,hist_gbdt,gbdt,segment,covariate_shift,0.4,ok,42
1.0,1.0,0.0003700446851008293,0.9841269841269841,xgboost,gbdt,segment,label_noise,0.0,ok,42
1.0,1.0,0.0015444268957699413,0.9754689754689755,xgboost,gbdt,segment,label_noise,0.05,ok,42
0.983754512635379,1.0,0.0050249217208203165,0.9624819624819625,xgboost,gbdt,segment,label_noise,0.1,ok,42
0.9638989169675091,1.0,0.0145617150937668,0.9307359307359307,xgboost,gbdt,segment,label_noise,0.2,ok,42
0.924187725631769,0.974025974025974,0.04941777751837722,0.8888888888888888,xgboost,gbdt,segment,label_noise,0.3,ok,42
0.8610108303249098,0.2813852813852814,0.10111790893228598,0.8023088023088023,xgboost,gbdt,segment,label_noise,0.4,ok,42
1.0,1.0,0.0003700446851008293,0.9841269841269841,xgboost,gbdt,segment,covariate_shift,0.0,ok,42
0.9458483754512635,0.9523809523809523,0.04331479052699452,0.8658008658008658,xgboost,gbdt,segment,covariate_shift,0.05,ok,42
0.8068592057761733,0.46320346320346323,0.12192197642172424,0.7445887445887446,xgboost,gbdt,segment,covariate_shift,0.1,ok,42
0.5288808664259927,0.007215007215007215,0.5066887113661814,0.4733044733044733,xgboost,gbdt,segment,covariate_shift,0.2,ok,42
0.4314079422382672,0.0,0.515911536446192,0.3477633477633478,xgboost,gbdt,segment,covariate_shift,0.3,ok,42
0.3628158844765343,0.0,0.6077811990794152,0.30014430014430016,xgboost,gbdt,segment,covariate_shift,0.4,ok,42
1.0,1.0,0.0005226327494543563,0.9841269841269841,catboost,gbdt,segment,label_noise,0.0,ok,42
0.9981949458483754,1.0,0.0018014579335541901,0.9711399711399712,catboost,gbdt,segment,label_noise,0.05,ok,42
1.0,1.0,0.0015745339550990891,0.9668109668109668,catboost,gbdt,segment,label_noise,0.1,ok,42
0.9909747292418772,1.0,0.00553828564718662,0.9437229437229437,catboost,gbdt,segment,label_noise,0.2,ok,42
0.9819494584837545,1.0,0.016134281760711886,0.911976911976912,catboost,gbdt,segment,label_noise,0.3,ok,42
0.9386281588447654,0.987012987012987,0.03485977295208761,0.8932178932178932,catboost,gbdt,segment,label_noise,0.4,ok,42
1.0,1.0,0.0005226327494543563,0.9841269841269841,catboost,gbdt,segment,covariate_shift,0.0,ok,42
0.8790613718411552,0.746031746031746,0.05538970884197777,0.8023088023088023,catboost,gbdt,segment,covariate_shift,0.05,ok,42
0.6823104693140795,0.38961038961038963,0.18073107976183828,0.6147186147186147,catboost,gbdt,segment,covariate_shift,0.1,ok,42
0.5415162454873647,0.0,0.43878181034397884,0.47763347763347763,catboost,gbdt,segment,covariate_shift,0.2,ok,42
0.34296028880866425,0.017316017316017316,0.5191793389441874,0.30158730158730157,catboost,gbdt,segment,covariate_shift,0.3,ok,42
0.22202166064981949,0.0,0.6536749090389748,0.20057720057720058,catboost,gbdt,segment,covariate_shift,0.4,ok,42
1.0,1.0,0.0003393122529527873,0.9841269841269841,tabicl,icl,segment,label_noise,0.0,ok,42
1.0,1.0,0.0006115138661158039,0.9812409812409812,tabicl,icl,segment,label_noise,0.05,ok,42
0.9981949458483754,1.0,0.0009234030906161042,0.9812409812409812,tabicl,icl,segment,label_noise,0.1,ok,42
1.0,1.0,0.0006850023114854548,0.976911976911977,tabicl,icl,segment,label_noise,0.2,ok,42
0.9981949458483754,1.0,0.0018225421468674057,0.976911976911977,tabicl,icl,segment,label_noise,0.3,ok,42
0.9963898916967509,1.0,0.0024916023822102343,0.9682539682539683,tabicl,icl,segment,label_noise,0.4,ok,42
1.0,1.0,0.0003393122529527873,0.9841269841269841,tabicl,icl,segment,covariate_shift,0.0,ok,42
0.9386281588447654,0.898989898989899,0.02915588901774856,0.8513708513708513,tabicl,icl,segment,covariate_shift,0.05,ok,42
0.7906137184115524,0.5137085137085137,0.10189981452198835,0.733044733044733,tabicl,icl,segment,covariate_shift,0.1,ok,42
0.6498194945848376,0.3838383838383838,0.19771696145851156,0.6536796536796536,tabicl,icl,segment,covariate_shift,0.2,ok,42
0.5144404332129964,0.3492063492063492,0.27647201619049266,0.4733044733044733,tabicl,icl,segment,covariate_shift,0.3,ok,42
0.5072202166064982,0.015873015873015872,0.3359564759124208,0.4213564213564214,tabicl,icl,segment,covariate_shift,0.4,ok,42
1.0,1.0,0.0006044745689117269,0.9812409812409812,tabpfn,icl,segment,label_noise,0.0,ok,42
1.0,1.0,0.0009119264125964688,0.9783549783549783,tabpfn,icl,segment,label_noise,0.05,ok,42
0.9981949458483754,1.0,0.0012322714733630652,0.976911976911977,tabpfn,icl,segment,label_noise,0.1,ok,42
1.0,1.0,0.0015101492756446097,0.9668109668109668,tabpfn,icl,segment,label_noise,0.2,ok,42
0.9981949458483754,1.0,0.001886558043429784,0.9624819624819625,tabpfn,icl,segment,label_noise,0.3,ok,42
0.9945848375451264,1.0,0.00354121049012957,0.963924963924964,tabpfn,icl,segment,label_noise,0.4,ok,42
1.0,1.0,0.0006044745689117269,0.9812409812409812,tabpfn,icl,segment,covariate_shift,0.0,ok,42
0.8736462093862816,0.7229437229437229,0.05625078241951974,0.8051948051948052,tabpfn,icl,segment,covariate_shift,0.05,ok,42
0.7274368231046932,0.44877344877344877,0.13782496405401018,0.6810966810966811,tabpfn,icl,segment,covariate_shift,0.1,ok,42
0.6173285198555957,0.3347763347763348,0.2248240233138142,0.5440115440115441,tabpfn,icl,segment,covariate_shift,0.2,ok,42
0.38267148014440433,0.17893217893217894,0.4223466322043467,0.31313131313131315,tabpfn,icl,segment,covariate_shift,0.3,ok,42
0.30866425992779783,0.15873015873015872,0.5291448886501299,0.24675324675324675,tabpfn,icl,segment,covariate_shift,0.4,ok,42
