model,dataset_id,shift_axis,rho,n_lambda,n_failed,max_lambda
catboost,GesturePhaseSegmentation,covariate_shift,0.0,9,8,0.8
catboost,GesturePhaseSegmentation,label_noise,0.1,9,6,0.8
catboost,MiceProtein,covariate_shift,0.05,9,7,0.8
catboost,MiceProtein,label_noise,0.0,9,8,0.8
catboost,PhishingWebsites,covariate_shift,0.8,9,0,0.8
catboost,PhishingWebsites,label_noise,0.0,9,8,0.8
catboost,analcatdata_authorship,covariate_shift,0.05,9,7,0.8
catboost,analcatdata_authorship,label_noise,0.1,9,6,0.8
catboost,breast-w,covariate_shift,0.1,9,6,0.8
catboost,breast-w,label_noise,0.05,9,7,0.8
catboost,car,covariate_shift,0.8,9,0,0.8
catboost,car,label_noise,0.0,9,8,0.8
catboost,churn,covariate_shift,0.05,9,7,0.8
catboost,churn,label_noise,0.05,9,7,0.8
catboost,climate-model-simulation-crashes,covariate_shift,0.3,9,4,0.8
catboost,climate-model-simulation-crashes,label_noise,0.05,9,7,0.8
catboost,cmc,covariate_shift,0.0,9,9,0.8
catboost,cmc,label_noise,0.0,9,9,0.8
catboost,cnae-9,covariate_shift,0.0,9,9,0.8
catboost,cnae-9,label_noise,0.0,9,9,0.8
catboost,credit-approval,covariate_shift,0.1,9,6,0.8
catboost,credit-approval,label_noise,0.1,9,6,0.8
catboost,credit-g,covariate_shift,0.5,9,2,0.8
catboost,credit-g,label_noise,0.1,9,6,0.8
catboost,diabetes,covariate_shift,0.05,9,7,0.8
catboost,diabetes,label_noise,0.1,9,6,0.8
catboost,dna,covariate_shift,0.8,9,0,0.8
catboost,dna,label_noise,0.05,9,7,0.8
catboost,dresses-sales,covariate_shift,0.0,9,9,0.8
catboost,dresses-sales,label_noise,0.0,9,9,0.8
catboost,eucalyptus,covariate_shift,0.0,9,9,0.8
catboost,eucalyptus,label_noise,0.0,9,8,0.8
catboost,first-order-theorem-proving,covariate_shift,0.0,9,8,0.8
catboost,first-order-theorem-proving,label_noise,0.1,9,6,0.8
catboost,ilpd,covariate_shift,0.0,9,9,0.8
catboost,ilpd,label_noise,0.0,9,9,0.8
catboost,kc1,covariate_shift,0.0,9,8,0.8
catboost,kc1,label_noise,0.05,9,7,0.8
catboost,kr-vs-kp,covariate_shift,0.8,9,0,0.8
catboost,kr-vs-kp,label_noise,0.0,9,8,0.8
catboost,mfeat-factors,covariate_shift,0.1,9,6,0.8
catboost,mfeat-factors,label_noise,0.05,9,7,0.8
catboost,mfeat-fourier,covariate_shift,0.1,9,6,0.8
catboost,mfeat-fourier,label_noise,0.1,9,6,0.8
catboost,mfeat-karhunen,covariate_shift,0.1,9,6,0.8
catboost,mfeat-karhunen,label_noise,0.05,9,7,0.8
catboost,mfeat-morphological,covariate_shift,0.0,9,7,0.8
catboost,mfeat-morphological,label_noise,0.0,9,6,0.8
catboost,mfeat-zernike,covariate_shift,0.1,9,6,0.8
catboost,mfeat-zernike,label_noise,0.1,9,6,0.8
catboost,optdigits,covariate_shift,0.1,9,6,0.8
catboost,optdigits,label_noise,0.05,9,7,0.8
catboost,ozone-level-8hr,covariate_shift,0.1,9,6,0.8
catboost,ozone-level-8hr,label_noise,0.05,9,7,0.8
catboost,pc1,covariate_shift,0.0,9,8,0.8
catboost,pc1,label_noise,0.0,9,8,0.8
catboost,pc3,covariate_shift,0.05,9,7,0.8
catboost,pc3,label_noise,0.05,9,7,0.8
catboost,pc4,covariate_shift,0.0,9,8,0.8
catboost,pc4,label_noise,0.05,9,7,0.8
catboost,pendigits,covariate_shift,0.1,9,6,0.8
catboost,pendigits,label_noise,0.05,9,7,0.8
catboost,phoneme,covariate_shift,0.0,9,8,0.8
catboost,phoneme,label_noise,0.05,9,7,0.8
catboost,qsar-biodeg,covariate_shift,0.0,9,8,0.8
catboost,qsar-biodeg,label_noise,0.05,9,7,0.8
catboost,satimage,covariate_shift,0.05,9,7,0.8
catboost,satimage,label_noise,0.05,9,7,0.8
catboost,segment,covariate_shift,0.0,9,8,0.8
catboost,segment,label_noise,0.05,9,7,0.8
catboost,spambase,covariate_shift,0.0,9,8,0.8
catboost,spambase,label_noise,0.05,9,7,0.8
catboost,splice,covariate_shift,0.8,9,0,0.8
catboost,splice,label_noise,0.05,9,7,0.8
catboost,steel-plates-fault,covariate_shift,0.4,9,3,0.8
catboost,steel-plates-fault,label_noise,0.0,9,8,0.8
catboost,texture,covariate_shift,0.05,9,7,0.8
catboost,texture,label_noise,0.05,9,7,0.8
catboost,tic-tac-toe,covariate_shift,0.8,9,0,0.8
catboost,tic-tac-toe,label_noise,0.0,9,8,0.8
catboost,vehicle,covariate_shift,0.0,9,8,0.8
catboost,vehicle,label_noise,0.05,9,7,0.8
catboost,vowel,covariate_shift,0.05,9,7,0.8
catboost,vowel,label_noise,0.0,9,8,0.8
catboost,wall-robot-navigation,covariate_shift,0.0,9,8,0.8
catboost,wall-robot-navigation,label_noise,0.05,9,7,0.8
catboost,wdbc,covariate_shift,0.0,9,8,0.8
catboost,wdbc,label_noise,0.05,9,7,0.8
hist_gbdt,GesturePhaseSegmentation,covariate_shift,0.0,9,8,0.8
hist_gbdt,GesturePhaseSegmentation,label_noise,0.2,9,5,0.8
hist_gbdt,MiceProtein,covariate_shift,0.0,9,8,0.8
hist_gbdt,MiceProtein,label_noise,0.1,9,6,0.8
hist_gbdt,PhishingWebsites,covariate_shift,0.8,9,0,0.8
hist_gbdt,PhishingWebsites,label_noise,0.0,9,8,0.8
hist_gbdt,analcatdata_authorship,covariate_shift,0.05,9,7,0.8
hist_gbdt,analcatdata_authorship,label_noise,0.2,9,5,0.8
hist_gbdt,breast-w,covariate_shift,0.05,9,7,0.8
hist_gbdt,breast-w,label_noise,0.0,9,8,0.8
hist_gbdt,car,covariate_shift,0.8,9,0,0.8
hist_gbdt,car,label_noise,0.05,9,7,0.8
hist_gbdt,churn,covariate_shift,0.05,9,7,0.8
hist_gbdt,churn,label_noise,0.05,9,7,0.8
hist_gbdt,climate-model-simulation-crashes,covariate_shift,0.0,9,5,0.8
hist_gbdt,climate-model-simulation-crashes,label_noise,0.0,9,9,0.8
hist_gbdt,cmc,covariate_shift,0.0,9,9,0.8
hist_gbdt,cmc,label_noise,0.0,9,9,0.8
hist_gbdt,cnae-9,covariate_shift,0.0,9,9,0.8
hist_gbdt,cnae-9,label_noise,0.0,9,9,0.8
hist_gbdt,credit-approval,covariate_shift,0.0,9,9,0.8
hist_gbdt,credit-approval,label_noise,0.0,9,9,0.8
hist_gbdt,credit-g,covariate_shift,0.0,9,9,0.8
hist_gbdt,credit-g,label_noise,0.0,9,9,0.8
hist_gbdt,diabetes,covariate_shift,0.0,9,9,0.8
hist_gbdt,diabetes,label_noise,0.0,9,9,0.8
hist_gbdt,dna,covariate_shift,0.8,9,0,0.8
hist_gbdt,dna,label_noise,0.1,9,6,0.8
hist_gbdt,dresses-sales,covariate_shift,0.0,9,9,0.8
hist_gbdt,dresses-sales,label_noise,0.0,9,9,0.8
hist_gbdt,eucalyptus,covariate_shift,0.0,9,9,0.8
hist_gbdt,eucalyptus,label_noise,0.0,9,9,0.8
hist_gbdt,first-order-theorem-proving,covariate_shift,0.0,9,9,0.8
hist_gbdt,first-order-theorem-proving,label_noise,0.0,9,8,0.8
hist_gbdt,ilpd,covariate_shift,0.0,9,9,0.8
hist_gbdt,ilpd,label_noise,0.0,9,9,0.8
hist_gbdt,kc1,covariate_shift,0.0,9,9,0.8
hist_gbdt,kc1,label_noise,0.0,9,8,0.8
hist_gbdt,kr-vs-kp,covariate_shift,0.8,9,0,0.8
hist_gbdt,kr-vs-kp,label_noise,0.0,9,8,0.8
hist_gbdt,mfeat-factors,covariate_shift,0.1,9,6,0.8
hist_gbdt,mfeat-factors,label_noise,0.2,9,5,0.8
hist_gbdt,mfeat-fourier,covariate_shift,0.0,9,8,0.8
hist_gbdt,mfeat-fourier,label_noise,0.05,9,7,0.8
hist_gbdt,mfeat-karhunen,covariate_shift,0.05,9,7,0.8
hist_gbdt,mfeat-karhunen,label_noise,0.2,9,5,0.8
hist_gbdt,mfeat-morphological,covariate_shift,0.0,9,9,0.8
hist_gbdt,mfeat-morphological,label_noise,0.0,9,9,0.8
hist_gbdt,mfeat-zernike,covariate_shift,0.0,9,9,0.8
hist_gbdt,mfeat-zernike,label_noise,0.0,9,9,0.8
hist_gbdt,optdigits,covariate_shift,0.1,9,6,0.8
hist_gbdt,optdigits,label_noise,0.2,9,5,0.8
hist_gbdt,ozone-level-8hr,covariate_shift,0.0,9,9,0.8
hist_gbdt,ozone-level-8hr,label_noise,0.0,9,9,0.8
hist_gbdt,pc1,covariate_shift,0.0,9,9,0.8
hist_gbdt,pc1,label_noise,0.0,9,9,0.8
hist_gbdt,pc3,covariate_shift,0.0,9,9,0.8
hist_gbdt,pc3,label_noise,0.0,9,9,0.8
hist_gbdt,pc4,covariate_shift,0.0,9,9,0.8
hist_gbdt,pc4,label_noise,0.0,9,9,0.8
hist_gbdt,pendigits,covariate_shift,0.05,9,7,0.8
hist_gbdt,pendigits,label_noise,0.1,9,6,0.8
hist_gbdt,phoneme,covariate_shift,0.0,9,8,0.8
hist_gbdt,phoneme,label_noise,0.05,9,7,0.8
hist_gbdt,qsar-biodeg,covariate_shift,0.0,9,9,0.8
hist_gbdt,qsar-biodeg,label_noise,0.0,9,9,0.8
hist_gbdt,satimage,covariate_shift,0.0,9,8,0.8
hist_gbdt,satimage,label_noise,0.1,9,6,0.8
hist_gbdt,segment,covariate_shift,0.0,9,8,0.8
hist_gbdt,segment,label_noise,0.1,9,6,0.8
hist_gbdt,spambase,covariate_shift,0.0,9,8,0.8
hist_gbdt,spambase,label_noise,0.05,9,7,0.8
hist_gbdt,splice,covariate_shift,0.8,9,0,0.8
hist_gbdt,splice,label_noise,0.1,9,6,0.8
hist_gbdt,steel-plates-fault,covariate_shift,0.4,9,3,0.8
hist_gbdt,steel-plates-fault,label_noise,0.05,9,7,0.8
hist_gbdt,texture,covariate_shift,0.05,9,7,0.8
hist_gbdt,texture,label_noise,0.2,9,5,0.8
hist_gbdt,tic-tac-toe,covariate_shift,0.8,9,0,0.8
hist_gbdt,tic-tac-toe,label_noise,0.0,9,8,0.8
hist_gbdt,vehicle,covariate_shift,0.0,9,9,0.8
hist_gbdt,vehicle,label_noise,0.0,9,9,0.8
hist_gbdt,vowel,covariate_shift,0.0,9,8,0.8
hist_gbdt,vowel,label_noise,0.1,9,6,0.8
hist_gbdt,wall-robot-navigation,covariate_shift,0.0,9,8,0.8
hist_gbdt,wall-robot-navigation,label_noise,0.1,9,6,0.8
hist_gbdt,wdbc,covariate_shift,0.0,9,8,0.8
hist_gbdt,wdbc,label_noise,0.1,9,6,0.8
logreg,GesturePhaseSegmentation,covariate_shift,0.0,9,9,0.8
logreg,GesturePhaseSegmentation,label_noise,0.0,9,9,0.8
logreg,MiceProtein,covariate_shift,0.3,9,4,0.8
logreg,MiceProtein,label_noise,0.05,9,7,0.8
logreg,PhishingWebsites,covariate_shift,0.0,9,9,0.8
logreg,PhishingWebsites,label_noise,0.0,9,9,0.8
logreg,analcatdata_authorship,covariate_shift,0.2,9,5,0.8
logreg,analcatdata_authorship,label_noise,0.0,9,8,0.8
logreg,breast-w,covariate_shift,0.1,9,6,0.8
logreg,breast-w,label_noise,0.0,9,8,0.8
logreg,car,covariate_shift,0.0,9,9,0.8
logreg,car,label_noise,0.0,9,9,0.8
logreg,churn,covariate_shift,0.0,9,9,0.8
logreg,churn,label_noise,0.0,9,9,0.8
logreg,climate-model-simulation-crashes,covariate_shift,0.3,9,4,0.8
logreg,climate-model-simulation-crashes,label_noise,0.05,9,7,0.8
logreg,cmc,covariate_shift,0.0,9,9,0.8
logreg,cmc,label_noise,0.0,9,9,0.8
logreg,cnae-9,covariate_shift,0.2,9,5,0.8
logreg,cnae-9,label_noise,0.0,9,8,0.8
logreg,credit-approval,covariate_shift,0.2,9,5,0.8
logreg,credit-approval,label_noise,0.1,9,6,0.8
logreg,credit-g,covariate_shift,0.1,9,6,0.8
logreg,credit-g,label_noise,0.1,9,6,0.8
logreg,diabetes,covariate_shift,0.0,9,7,0.8
logreg,diabetes,label_noise,0.0,9,7,0.8
logreg,dna,covariate_shift,0.0,9,9,0.8
logreg,dna,label_noise,0.0,9,9,0.8
logreg,dresses-sales,covariate_shift,0.0,9,9,0.8
logreg,dresses-sales,label_noise,0.0,9,9,0.8
logreg,eucalyptus,covariate_shift,0.0,9,8,0.8
logreg,eucalyptus,label_noise,0.05,9,7,0.8
logreg,first-order-theorem-proving,covariate_shift,0.0,9,9,0.8
logreg,first-order-theorem-proving,label_noise,0.0,9,9,0.8
logreg,ilpd,covariate_shift,0.0,9,9,0.8
logreg,ilpd,label_noise,0.0,9,9,0.8
logreg,kc1,covariate_shift,0.6,9,1,0.8
logreg,kc1,label_noise,0.1,9,6,0.8
logreg,kr-vs-kp,covariate_shift,0.0,9,9,0.8
logreg,kr-vs-kp,label_noise,0.0,9,9,0.8
logreg,mfeat-factors,covariate_shift,0.3,9,4,0.8
logreg,mfeat-factors,label_noise,0.05,9,7,0.8
logreg,mfeat-fourier,covariate_shift,0.0,9,8,0.8
logreg,mfeat-fourier,label_noise,0.0,9,8,0.8
logreg,mfeat-karhunen,covariate_shift,0.1,9,6,0.8
logreg,mfeat-karhunen,label_noise,0.0,9,8,0.8
logreg,mfeat-morphological,covariate_shift,0.1,9,6,0.8
logreg,mfeat-morphological,label_noise,0.05,9,7,0.8
logreg,mfeat-zernike,covariate_shift,0.1,9,6,0.8
logreg,mfeat-zernike,label_noise,0.1,9,6,0.8
logreg,optdigits,covariate_shift,0.2,9,5,0.8
logreg,optdigits,label_noise,0.0,9,8,0.8
logreg,ozone-level-8hr,covariate_shift,0.2,9,5,0.8
logreg,ozone-level-8hr,label_noise,0.0,9,8,0.8
logreg,pc1,covariate_shift,0.0,9,9,0.8
logreg,pc1,label_noise,0.0,9,9,0.8
logreg,pc3,covariate_shift,0.1,9,6,0.8
logreg,pc3,label_noise,0.0,9,8,0.8
logreg,pc4,covariate_shift,0.1,9,6,0.8
logreg,pc4,label_noise,0.0,9,8,0.8
logreg,pendigits,covariate_shift,0.0,9,8,0.8
logreg,pendigits,label_noise,0.0,9,8,0.8
logreg,phoneme,covariate_shift,0.0,9,9,0.8
logreg,phoneme,label_noise,0.0,9,9,0.8
logreg,qsar-biodeg,covariate_shift,0.0,9,8,0.8
logreg,qsar-biodeg,label_noise,0.05,9,7,0.8
logreg,satimage,covariate_shift,0.0,9,9,0.8
logreg,satimage,label_noise,0.0,9,9,0.8
logreg,segment,covariate_shift,0.0,9,9,0.8
logreg,segment,label_noise,0.0,9,9,0.8
logreg,spambase,covariate_shift,0.0,9,9,0.8
logreg,spambase,label_noise,0.0,9,9,0.8
logreg,splice,covariate_shift,0.8,9,0,0.8
logreg,splice,label_noise,0.0,9,8,0.8
logreg,steel-plates-fault,covariate_shift,0.05,9,7,0.8
logreg,steel-plates-fault,label_noise,0.0,9,8,0.8
logreg,texture,covariate_shift,0.1,9,6,0.8
logreg,texture,label_noise,0.0,9,8,0.8
logreg,tic-tac-toe,covariate_shift,0.0,9,9,0.8
logreg,tic-tac-toe,label_noise,0.0,9,9,0.8
logreg,vehicle,covariate_shift,0.1,9,6,0.8
logreg,vehicle,label_noise,0.05,9,7,0.8
logreg,vowel,covariate_shift,0.0,9,9,0.8
logreg,vowel,label_noise,0.0,9,9,0.8
logreg,wall-robot-navigation,covariate_shift,0.0,9,9,0.8
logreg,wall-robot-navigation,label_noise,0.0,9,9,0.8
logreg,wdbc,covariate_shift,0.05,9,7,0.8
logreg,wdbc,label_noise,0.05,9,7,0.8
tabicl,GesturePhaseSegmentation,covariate_shift,0.0,9,8,0.8
tabicl,GesturePhaseSegmentation,label_noise,0.1,9,6,0.8
tabicl,MiceProtein,covariate_shift,0.3,9,4,0.8
tabicl,MiceProtein,label_noise,0.1,9,6,0.8
tabicl,PhishingWebsites,covariate_shift,0.8,9,0,0.8
tabicl,PhishingWebsites,label_noise,0.05,9,7,0.8
tabicl,analcatdata_authorship,covariate_shift,0.1,9,6,0.8
tabicl,analcatdata_authorship,label_noise,0.1,9,6,0.8
tabicl,breast-w,covariate_shift,0.0,9,8,0.8
tabicl,breast-w,label_noise,0.05,9,7,0.8
tabicl,car,covariate_shift,0.8,9,0,0.8
tabicl,car,label_noise,0.05,9,7,0.8
tabicl,churn,covariate_shift,0.05,9,7,0.8
tabicl,churn,label_noise,0.05,9,7,0.8
tabicl,climate-model-simulation-crashes,covariate_shift,0.2,9,5,0.8
tabicl,climate-model-simulation-crashes,label_noise,0.1,9,6,0.8
tabicl,cmc,covariate_shift,0.0,9,9,0.8
tabicl,cmc,label_noise,0.0,9,9,0.8
tabicl,cnae-9,covariate_shift,0.0,9,8,0.8
tabicl,cnae-9,label_noise,0.1,9,6,0.8
tabicl,credit-approval,covariate_shift,0.3,9,4,0.8
tabicl,credit-approval,label_noise,0.1,9,6,0.8
tabicl,credit-g,covariate_shift,0.5,9,2,0.8
tabicl,credit-g,label_noise,0.1,9,6,0.8
tabicl,diabetes,covariate_shift,0.1,9,6,0.8
tabicl,diabetes,label_noise,0.1,9,6,0.8
tabicl,dna,covariate_shift,0.8,9,0,0.8
tabicl,dna,label_noise,0.1,9,6,0.8
tabicl,dresses-sales,covariate_shift,0.0,9,9,0.8
tabicl,dresses-sales,label_noise,0.0,9,9,0.8
tabicl,eucalyptus,covariate_shift,0.0,9,8,0.8
tabicl,eucalyptus,label_noise,0.05,9,7,0.8
tabicl,first-order-theorem-proving,covariate_shift,0.0,9,8,0.8
tabicl,first-order-theorem-proving,label_noise,0.2,9,5,0.8
tabicl,ilpd,covariate_shift,0.0,9,9,0.8
tabicl,ilpd,label_noise,0.0,9,8,0.8
tabicl,kc1,covariate_shift,0.0,9,8,0.8
tabicl,kc1,label_noise,0.1,9,6,0.8
tabicl,kr-vs-kp,covariate_shift,0.8,9,0,0.8
tabicl,kr-vs-kp,label_noise,0.05,9,7,0.8
tabicl,mfeat-factors,covariate_shift,0.2,9,5,0.8
tabicl,mfeat-factors,label_noise,0.1,9,6,0.8
tabicl,mfeat-fourier,covariate_shift,0.1,9,6,0.8
tabicl,mfeat-fourier,label_noise,0.1,9,6,0.8
tabicl,mfeat-karhunen,covariate_shift,0.2,9,5,0.8
tabicl,mfeat-karhunen,label_noise,0.1,9,6,0.8
tabicl,mfeat-morphological,covariate_shift,0.0,9,8,0.8
tabicl,mfeat-morphological,label_noise,0.1,9,6,0.8
tabicl,mfeat-zernike,covariate_shift,0.1,9,6,0.8
tabicl,mfeat-zernike,label_noise,0.1,9,6,0.8
tabicl,optdigits,covariate_shift,0.05,9,7,0.8
tabicl,optdigits,label_noise,0.1,9,6,0.8
tabicl,ozone-level-8hr,covariate_shift,0.3,9,4,0.8
tabicl,ozone-level-8hr,label_noise,0.05,9,7,0.8
tabicl,pc1,covariate_shift,0.0,9,8,0.8
tabicl,pc1,label_noise,0.05,9,7,0.8
tabicl,pc3,covariate_shift,0.05,9,7,0.8
tabicl,pc3,label_noise,0.05,9,7,0.8
tabicl,pc4,covariate_shift,0.0,9,8,0.8
tabicl,pc4,label_noise,0.05,9,7,0.8
tabicl,pendigits,covariate_shift,0.0,9,8,0.8
tabicl,pendigits,label_noise,0.1,9,6,0.8
tabicl,phoneme,covariate_shift,0.0,9,8,0.8
tabicl,phoneme,label_noise,0.1,9,6,0.8
tabicl,qsar-biodeg,covariate_shift,0.0,9,8,0.8
tabicl,qsar-biodeg,label_noise,0.05,9,7,0.8
tabicl,satimage,covariate_shift,0.05,9,7,0.8
tabicl,satimage,label_noise,0.1,9,6,0.8
tabicl,segment,covariate_shift,0.0,9,8,0.8
tabicl,segment,label_noise,0.1,9,6,0.8
tabicl,spambase,covariate_shift,0.0,9,8,0.8
tabicl,spambase,label_noise,0.05,9,7,0.8
tabicl,splice,covariate_shift,0.8,9,0,0.8
tabicl,splice,label_noise,0.1,9,6,0.8
tabicl,steel-plates-fault,covariate_shift,0.0,9,8,0.8
tabicl,steel-plates-fault,label_noise,0.05,9,7,0.8
tabicl,texture,covariate_shift,0.2,9,5,0.8
tabicl,texture,label_noise,0.1,9,6,0.8
tabicl,tic-tac-toe,covariate_shift,0.8,9,0,0.8
tabicl,tic-tac-toe,label_noise,0.05,9,7,0.8
tabicl,vehicle,covariate_shift,0.1,9,6,0.8
tabicl,vehicle,label_noise,0.1,9,6,0.8
tabicl,vowel,covariate_shift,0.1,9,6,0.8
tabicl,vowel,label_noise,0.05,9,7,0.8
tabicl,wall-robot-navigation,covariate_shift,0.0,9,8,0.8
tabicl,wall-robot-navigation,label_noise,0.05,9,7,0.8
tabicl,wdbc,covariate_shift,0.05,9,7,0.8
tabicl,wdbc,label_noise,0.1,9,6,0.8
tabpfn,GesturePhaseSegmentation,covariate_shift,0.0,9,8,0.8
tabpfn,GesturePhaseSegmentation,label_noise,0.05,9,7,0.8
tabpfn,MiceProtein,covariate_shift,0.2,9,5,0.8
tabpfn,MiceProtein,label_noise,0.1,9,6,0.8
tabpfn,PhishingWebsites,covariate_shift,0.8,9,0,0.8
tabpfn,PhishingWebsites,label_noise,0.05,9,7,0.8
tabpfn,analcatdata_authorship,covariate_shift,0.1,9,6,0.8
tabpfn,analcatdata_authorship,label_noise,0.1,9,6,0.8
tabpfn,breast-w,covariate_shift,0.05,9,7,0.8
tabpfn,breast-w,label_noise,0.05,9,7,0.8
tabpfn,car,covariate_shift,0.8,9,0,0.8
tabpfn,car,label_noise,0.05,9,7,0.8
tabpfn,churn,covariate_shift,0.05,9,7,0.8
tabpfn,churn,label_noise,0.1,9,6,0.8
tabpfn,climate-model-simulation-crashes,covariate_shift,0.2,9,5,0.8
tabpfn,climate-model-simulation-crashes,label_noise,0.1,9,6,0.8
tabpfn,cmc,covariate_shift,0.0,9,9,0.8
tabpfn,cmc,label_noise,0.0,9,9,0.8
tabpfn,cnae-9,covariate_shift,0.0,9,9,0.8
tabpfn,cnae-9,label_noise,0.0,9,9,0.8
tabpfn,credit-approval,covariate_shift,0.1,9,6,0.8
tabpfn,credit-approval,label_noise,0.1,9,6,0.8
tabpfn,credit-g,covariate_shift,0.5,9,2,0.8
tabpfn,credit-g,label_noise,0.1,9,6,0.8
tabpfn,diabetes,covariate_shift,0.05,9,7,0.8
tabpfn,diabetes,label_noise,0.1,9,6,0.8
tabpfn,dna,covariate_shift,0.8,9,0,0.8
tabpfn,dna,label_noise,0.05,9,7,0.8
tabpfn,dresses-sales,covariate_shift,0.0,9,9,0.8
tabpfn,dresses-sales,label_noise,0.0,9,9,0.8
tabpfn,eucalyptus,covariate_shift,0.0,9,8,0.8
tabpfn,eucalyptus,label_noise,0.05,9,7,0.8
tabpfn,first-order-theorem-proving,covariate_shift,0.0,9,8,0.8
tabpfn,first-order-theorem-proving,label_noise,0.2,9,5,0.8
tabpfn,ilpd,covariate_shift,0.0,9,9,0.8
tabpfn,ilpd,label_noise,0.0,9,8,0.8
tabpfn,kc1,covariate_shift,0.0,9,8,0.8
tabpfn,kc1,label_noise,0.1,9,6,0.8
tabpfn,kr-vs-kp,covariate_shift,0.8,9,0,0.8
tabpfn,kr-vs-kp,label_noise,0.05,9,7,0.8
tabpfn,mfeat-factors,covariate_shift,0.2,9,5,0.8
tabpfn,mfeat-factors,label_noise,0.1,9,6,0.8
tabpfn,mfeat-fourier,covariate_shift,0.1,9,6,0.8
tabpfn,mfeat-fourier,label_noise,0.1,9,6,0.8
tabpfn,mfeat-karhunen,covariate_shift,0.1,9,6,0.8
tabpfn,mfeat-karhunen,label_noise,0.1,9,6,0.8
tabpfn,mfeat-morphological,covariate_shift,0.0,9,8,0.8
tabpfn,mfeat-morphological,label_noise,0.1,9,6,0.8
tabpfn,mfeat-zernike,covariate_shift,0.1,9,6,0.8
tabpfn,mfeat-zernike,label_noise,0.1,9,6,0.8
tabpfn,optdigits,covariate_shift,0.0,9,8,0.8
tabpfn,optdigits,label_noise,0.1,9,6,0.8
tabpfn,ozone-level-8hr,covariate_shift,0.1,9,6,0.8
tabpfn,ozone-level-8hr,label_noise,0.05,9,7,0.8
tabpfn,pc1,covariate_shift,0.0,9,8,0.8
tabpfn,pc1,label_noise,0.05,9,7,0.8
tabpfn,pc3,covariate_shift,0.05,9,7,0.8
tabpfn,pc3,label_noise,0.05,9,7,0.8
tabpfn,pc4,covariate_shift,0.0,9,8,0.8
tabpfn,pc4,label_noise,0.05,9,7,0.8
tabpfn,pendigits,covariate_shift,0.05,9,7,0.8
tabpfn,pendigits,label_noise,0.1,9,6,0.8
tabpfn,phoneme,covariate_shift,0.0,9,8,0.8
tabpfn,phoneme,label_noise,0.1,9,6,0.8
tabpfn,qsar-biodeg,covariate_shift,0.0,9,8,0.8
tabpfn,qsar-biodeg,label_noise,0.05,9,7,0.8
tabpfn,satimage,covariate_shift,0.05,9,7,0.8
tabpfn,satimage,label_noise,0.1,9,6,0.8
tabpfn,segment,covariate_shift,0.0,9,8,0.8
tabpfn,segment,label_noise,0.1,9,6,0.8
tabpfn,spambase,covariate_shift,0.0,9,8,0.8
tabpfn,spambase,label_noise,0.05,9,7,0.8
tabpfn,splice,covariate_shift,0.8,9,0,0.8
tabpfn,splice,label_noise,0.05,9,7,0.8
tabpfn,steel-plates-fault,covariate_shift,0.0,9,8,0.8
tabpfn,steel-plates-fault,label_noise,0.05,9,7,0.8
tabpfn,texture,covariate_shift,0.2,9,5,0.8
tabpfn,texture,label_noise,0.1,9,6,0.8
tabpfn,tic-tac-toe,covariate_shift,0.8,9,0,0.8
tabpfn,tic-tac-toe,label_noise,0.05,9,7,0.8
tabpfn,vehicle,covariate_shift,0.05,9,7,0.8
tabpfn,vehicle,label_noise,0.1,9,6,0.8
tabpfn,vowel,covariate_shift,0.1,9,6,0.8
tabpfn,vowel,label_noise,0.1,9,6,0.8
tabpfn,wall-robot-navigation,covariate_shift,0.0,9,8,0.8
tabpfn,wall-robot-navigation,label_noise,0.05,9,7,0.8
tabpfn,wdbc,covariate_shift,0.05,9,7,0.8
tabpfn,wdbc,label_noise,0.1,9,6,0.8
xgboost,GesturePhaseSegmentation,covariate_shift,0.0,9,9,0.8
xgboost,GesturePhaseSegmentation,label_noise,0.0,9,7,0.8
xgboost,MiceProtein,covariate_shift,0.0,9,8,0.8
xgboost,MiceProtein,label_noise,0.1,9,6,0.8
xgboost,PhishingWebsites,covariate_shift,0.8,9,0,0.8
xgboost,PhishingWebsites,label_noise,0.0,9,8,0.8
xgboost,analcatdata_authorship,covariate_shift,0.1,9,6,0.8
xgboost,analcatdata_authorship,label_noise,0.1,9,6,0.8
xgboost,breast-w,covariate_shift,0.1,9,6,0.8
xgboost,breast-w,label_noise,0.0,9,8,0.8
xgboost,car,covariate_shift,0.8,9,0,0.8
xgboost,car,label_noise,0.05,9,7,0.8
xgboost,churn,covariate_shift,0.0,9,8,0.8
xgboost,churn,label_noise,0.0,9,8,0.8
xgboost,climate-model-simulation-crashes,covariate_shift,0.0,9,5,0.8
xgboost,climate-model-simulation-crashes,label_noise,0.0,9,8,0.8
xgboost,cmc,covariate_shift,0.0,9,9,0.8
xgboost,cmc,label_noise,0.0,9,9,0.8
xgboost,cnae-9,covariate_shift,0.6,9,1,0.8
xgboost,cnae-9,label_noise,0.0,9,7,0.8
xgboost,credit-approval,covariate_shift,0.0,9,9,0.8
xgboost,credit-approval,label_noise,0.0,9,9,0.8
xgboost,credit-g,covariate_shift,0.0,9,9,0.8
xgboost,credit-g,label_noise,0.0,9,9,0.8
xgboost,diabetes,covariate_shift,0.0,9,9,0.8
xgboost,diabetes,label_noise,0.0,9,9,0.8
xgboost,dna,covariate_shift,0.8,9,0,0.8
xgboost,dna,label_noise,0.1,9,6,0.8
xgboost,dresses-sales,covariate_shift,0.0,9,9,0.8
xgboost,dresses-sales,label_noise,0.0,9,9,0.8
xgboost,eucalyptus,covariate_shift,0.0,9,9,0.8
xgboost,eucalyptus,label_noise,0.0,9,9,0.8
xgboost,first-order-theorem-proving,covariate_shift,0.0,9,9,0.8
xgboost,first-order-theorem-proving,label_noise,0.0,9,9,0.8
xgboost,ilpd,covariate_shift,0.0,9,9,0.8
xgboost,ilpd,label_noise,0.0,9,9,0.8
xgboost,kc1,covariate_shift,0.0,9,9,0.8
xgboost,kc1,label_noise,0.0,9,9,0.8
xgboost,kr-vs-kp,covariate_shift,0.8,9,0,0.8
xgboost,kr-vs-kp,label_noise,0.0,9,8,0.8
xgboost,mfeat-factors,covariate_shift,0.1,9,6,0.8
xgboost,mfeat-factors,label_noise,0.2,9,5,0.8
xgboost,mfeat-fourier,covariate_shift,0.05,9,7,0.8
xgboost,mfeat-fourier,label_noise,0.1,9,6,0.8
xgboost,mfeat-karhunen,covariate_shift,0.1,9,6,0.8
xgboost,mfeat-karhunen,label_noise,0.2,9,5,0.8
xgboost,mfeat-morphological,covariate_shift,0.0,9,9,0.8
xgboost,mfeat-morphological,label_noise,0.0,9,9,0.8
xgboost,mfeat-zernike,covariate_shift,0.0,9,8,0.8
xgboost,mfeat-zernike,label_noise,0.0,9,9,0.8
xgboost,optdigits,covariate_shift,0.1,9,6,0.8
xgboost,optdigits,label_noise,0.2,9,5,0.8
xgboost,ozone-level-8hr,covariate_shift,0.0,9,9,0.8
xgboost,ozone-level-8hr,label_noise,0.0,9,9,0.8
xgboost,pc1,covariate_shift,0.0,9,9,0.8
xgboost,pc1,label_noise,0.0,9,9,0.8
xgboost,pc3,covariate_shift,0.0,9,9,0.8
xgboost,pc3,label_noise,0.0,9,9,0.8
xgboost,pc4,covariate_shift,0.0,9,9,0.8
xgboost,pc4,label_noise,0.0,9,9,0.8
xgboost,pendigits,covariate_shift,0.05,9,7,0.8
xgboost,pendigits,label_noise,0.2,9,5,0.8
xgboost,phoneme,covariate_shift,0.0,9,8,0.8
xgboost,phoneme,label_noise,0.05,9,7,0.8
xgboost,qsar-biodeg,covariate_shift,0.0,9,9,0.8
xgboost,qsar-biodeg,label_noise,0.0,9,9,0.8
xgboost,satimage,covariate_shift,0.0,9,8,0.8
xgboost,satimage,label_noise,0.2,9,5,0.8
xgboost,segment,covariate_shift,0.0,9,8,0.8
xgboost,segment,label_noise,0.1,9,6,0.8
xgboost,spambase,covariate_shift,0.0,9,8,0.8
xgboost,spambase,label_noise,0.05,9,7,0.8
xgboost,splice,covariate_shift,0.8,9,0,0.8
xgboost,splice,label_noise,0.05,9,7,0.8
xgboost,steel-plates-fault,covariate_shift,0.8,9,0,0.8
xgboost,steel-plates-fault,label_noise,0.05,9,7,0.8
xgboost,texture,covariate_shift,0.05,9,7,0.8
xgboost,texture,label_noise,0.2,9,5,0.8
xgboost,tic-tac-toe,covariate_shift,0.8,9,0,0.8
xgboost,tic-tac-toe,label_noise,0.0,9,8,0.8
xgboost,vehicle,covariate_shift,0.0,9,9,0.8
xgboost,vehicle,label_noise,0.0,9,9,0.8
xgboost,vowel,covariate_shift,0.0,9,8,0.8
xgboost,vowel,label_noise,0.05,9,7,0.8
xgboost,wall-robot-navigation,covariate_shift,0.0,9,8,0.8
xgboost,wall-robot-navigation,label_noise,0.1,9,6,0.8
xgboost,wdbc,covariate_shift,0.0,9,8,0.8
xgboost,wdbc,label_noise,0.05,9,7,0.8
