aure,robust_fraction,abs_utility_area,abs_ece_radius,abs_auc_radius,self_ref_radius,auc_retention,utility_drop,admitted,rho_grid,model,dataset_id
0.0,0.16666666666666666,0.004682991677195492,0.2,0.1,0.0,0.9377797232827071,0.20155583132405122,True,0.0,catboost,PhishingWebsites
0.0,0.16666666666666666,0.004890490760804038,0.2,0.1,0.0,0.934817029589658,0.22093186697579242,True,0.0,catboost,PhishingWebsites
0.0,0.16666666666666666,0.0049816425729541924,0.2,0.1,0.0,0.9349291580424056,0.213070972959565,True,0.0,catboost,PhishingWebsites
0.0,0.16666666666666666,0.0035189965326878903,0.05,0.05,0.0,0.8834605773071642,0.27314755521756706,True,0.0,catboost,car
0.0,0.16666666666666666,0.004000483824399677,0.1,0.05,0.0,0.8850630399948857,0.26612815705094056,True,0.0,catboost,car
0.0,0.16666666666666666,0.003093466684857595,0.1,0.05,0.0,0.8712046347350169,0.2786309136512595,True,0.0,catboost,car
0.05,0.3333333333333333,0.007998892416628137,0.4,0.1,0.05,0.9478142341730169,0.09741296495715175,True,0.05,catboost,churn
0.0,0.16666666666666666,0.004999999999999995,0.4,0.1,0.0,0.9336626902839701,0.10380117997270458,True,0.0,catboost,churn
0.05,0.3333333333333333,0.007052749890438109,0.4,0.1,0.05,0.9524739856416875,0.10420077636215508,True,0.05,catboost,churn
0.0,0.0,0.016406369735976898,0.0,0.0,0.05,0.9640099975557792,0.028236648130303882,False,0.0,catboost,cmc
0.0,0.0,0.02067896897727185,0.0,0.2,0.3,0.9693867677692392,0.02146788085881152,False,0.0,catboost,cmc
0.0,0.0,0.017297354761980268,0.0,0.0,0.1,0.9760349784340636,0.01854969380295734,False,0.0,catboost,cmc
0.05,0.3333333333333333,0.008794036021974427,0.4,0.2,0.05,0.9567567567567569,0.06490957741299089,True,0.05,catboost,credit-approval
0.05,0.3333333333333333,0.006350865650093009,0.4,0.2,0.05,0.9477742448330682,0.07947917571080076,True,0.05,catboost,credit-approval
0.05,0.3333333333333333,0.005131647119841219,0.2,0.1,0.05,0.9311945800538011,0.1126574031793424,True,0.05,catboost,credit-approval
0.2,0.6666666666666666,0.015234005220122892,0.4,0.2,0.2,0.9497460254634211,0.028858378433915054,True,0.2,catboost,credit-g
0.05,0.3333333333333333,0.007728028125973498,0.4,0.1,0.1,0.9287556545810546,0.04431851647412198,True,0.05,catboost,credit-g
0.1,0.5,0.018523371043779834,0.4,0.2,0.2,0.963860677527094,0.01645963517097062,True,0.1,catboost,credit-g
0.0,0.16666666666666666,0.004999999999999995,0.1,0.1,0.0,0.9283417538070919,0.20917276180492445,True,0.0,catboost,dna
0.0,0.16666666666666666,0.00469712476243736,0.2,0.1,0.0,0.9276764413747541,0.20249439694580432,True,0.0,catboost,dna
0.0,0.16666666666666666,0.0050000000000000044,0.1,0.1,0.0,0.9261650293948464,0.21419513189998077,True,0.0,catboost,dna
0.0,0.0,0.02164410565740525,0.4,0.3,0.4,0.9828667413213885,0.0100270732111137,False,0.0,catboost,dresses-sales
0.0,0.0,0.011161232472352683,0.0,0.1,0.0,0.9101249999999999,0.03294489551768498,False,0.0,catboost,dresses-sales
0.0,0.0,0.02109501315876808,0.4,0.1,0.1,0.9480600396488248,0.016771406332217423,False,0.0,catboost,dresses-sales
0.0,0.3333333333333333,0.029489354207748564,0.0,0.4,0.4,0.9965233440618151,0.0006127749507017222,False,0.0,catboost,eucalyptus
0.0,0.3333333333333333,0.043166405477261416,0.0,0.4,0.4,1.0069510917058957,-0.0157996865727137,False,0.0,catboost,eucalyptus
0.0,0.6666666666666666,0.03696022697593795,0.0,0.4,0.4,1.0031912663309601,-0.008352272371125541,False,0.0,catboost,eucalyptus
0.0,0.0,0.013844307683102791,0.0,0.4,0.4,0.9741661070069398,0.01938683078027665,False,0.0,catboost,ilpd
0.05,0.8333333333333334,0.025904975393818436,0.05,0.4,0.4,0.995670274771024,0.004914029527417874,True,0.05,catboost,ilpd
0.0,0.5,0.033134442368812175,0.4,0.4,0.4,1.0041973171787106,-0.003761330842574609,True,0.0,catboost,ilpd
0.0,0.16666666666666666,0.004077427133739829,0.1,0.05,0.0,0.8626947026913886,0.33331006807092967,True,0.0,catboost,kr-vs-kp
0.0,0.16666666666666666,0.004280382838389228,0.1,0.05,0.0,0.8517155388143383,0.35620423665384904,True,0.0,catboost,kr-vs-kp
0.0,0.16666666666666666,0.0035264834355264916,0.1,0.05,0.0,0.8401340620451,0.3636833726031158,True,0.0,catboost,kr-vs-kp
0.0,0.16666666666666666,0.004999999999999995,0.1,0.1,0.0,0.9383215185243271,0.2939930773404734,True,0.0,catboost,splice
0.0,0.16666666666666666,0.004999999999999995,0.1,0.2,0.0,0.9407626471885401,0.26057510982303556,True,0.0,catboost,splice
0.0,0.16666666666666666,0.0049524957435010675,0.1,0.1,0.0,0.9388198465815305,0.25041505403195585,True,0.0,catboost,splice
0.0,0.16666666666666666,0.0016639466713081568,0.2,0.1,0.0,0.8774456088089793,0.21862999045439252,True,0.0,catboost,tic-tac-toe
0.0,0.16666666666666666,0.0017558680020652213,0.2,0.05,0.0,0.8552369806904624,0.257538821355413,True,0.0,catboost,tic-tac-toe
0.0,0.16666666666666666,0.004999999999999995,0.2,0.05,0.0,0.8696935844238747,0.2412397790260886,True,0.0,catboost,tic-tac-toe
0.4,1.0,0.0280906058643,0.4,0.4,0.4,0.9998327153789498,0.002291272962839963,True,0.4,catboost,vowel
0.4,1.0,0.027274697205786014,0.4,0.4,0.4,0.9994877817200539,0.003270363353056749,True,0.4,catboost,vowel
0.4,1.0,0.02549942649928712,0.4,0.4,0.4,0.9995833385312058,0.005400688200855486,True,0.4,catboost,vowel
0.0,0.16666666666666666,0.004146371621384824,0.1,0.1,0.0,0.9018893130899712,0.3320887225967386,True,0.0,hist_gbdt,PhishingWebsites
0.0,0.16666666666666666,0.004473084827900893,0.1,0.05,0.0,0.8972375391954278,0.3446301558771751,True,0.0,hist_gbdt,PhishingWebsites
0.0,0.16666666666666666,0.004147979899588049,0.1,0.05,0.0,0.8966415269314275,0.35104319691172325,True,0.0,hist_gbdt,PhishingWebsites
0.0,0.16666666666666666,0.006167275217195595,0.05,0.05,0.0,0.8894291001572558,0.4727743987446281,True,0.0,hist_gbdt,car
0.0,0.16666666666666666,0.005990937297961195,0.1,0.05,0.0,0.8924083218173641,0.45818263080054217,True,0.0,hist_gbdt,car
0.0,0.16666666666666666,0.006197466904993343,0.05,0.05,0.0,0.8716188301628808,0.48979180485424206,True,0.0,hist_gbdt,car
0.0,0.16666666666666666,0.003476707014956698,0.2,0.1,0.0,0.9391873725854311,0.16009442295129014,True,0.0,hist_gbdt,churn
0.0,0.16666666666666666,0.0016327731849998066,0.2,0.0,0.0,0.9304119819783254,0.1496438598726776,True,0.0,hist_gbdt,churn
0.0,0.16666666666666666,0.001339672363185468,0.2,0.05,0.0,0.9351806883560944,0.15352966746704969,True,0.0,hist_gbdt,churn
0.0,0.0,0.0,0.0,0.0,0.05,0.9637508144885321,0.07104484624902048,False,0.0,hist_gbdt,cmc
0.0,0.0,0.0,0.0,0.2,0.2,0.9697625170505454,0.032134792240088784,False,0.0,hist_gbdt,cmc
0.0,0.0,0.0,0.0,0.0,0.05,0.9739984006041709,0.02950428587530011,False,0.0,hist_gbdt,cmc
0.0,0.0,0.0,0.0,0.1,0.0,0.9438164176805792,0.10905421384119382,False,0.0,hist_gbdt,credit-approval
0.0,0.16666666666666666,0.00326613854103198,0.2,0.2,0.0,0.9362408106497121,0.12350319662838113,True,0.0,hist_gbdt,credit-approval
0.0,0.0,0.0,0.0,0.05,0.0,0.9322603502378785,0.14190966012068734,False,0.0,hist_gbdt,credit-approval
0.0,0.0,0.0,0.0,0.1,0.2,0.9563139463022727,0.02980116446814008,False,0.0,hist_gbdt,credit-g
0.0,0.0,0.0,0.0,0.1,0.05,0.9350668953687823,0.050015537312072623,False,0.0,hist_gbdt,credit-g
0.0,0.0,0.002590111927826183,0.0,0.1,0.1,0.9515893766340993,0.024710360070741316,False,0.0,hist_gbdt,credit-g
0.0,0.16666666666666666,0.001323795514169529,0.05,0.1,0.0,0.9096684651222713,0.4828082378205577,True,0.0,hist_gbdt,dna
0.0,0.16666666666666666,0.0022577885913715456,0.05,0.1,0.0,0.9097957725548712,0.4972032516078773,True,0.0,hist_gbdt,dna
0.0,0.16666666666666666,0.0016544615867768824,0.05,0.1,0.0,0.9088379664341989,0.508538102202496,True,0.0,hist_gbdt,dna
0.0,0.0,0.0005896126189065664,0.0,0.0,0.4,1.0205479452054793,-0.015982833125262802,False,0.0,hist_gbdt,dresses-sales
0.0,0.0,0.0,0.0,0.0,0.4,1.0107142857142857,-0.0018152618374570218,False,0.0,hist_gbdt,dresses-sales
0.0,0.0,0.0,0.0,0.0,0.1,0.9603966170895305,0.027726682753564113,False,0.0,hist_gbdt,dresses-sales
0.0,0.0,0.0,0.0,0.0,0.4,0.9992123970978432,0.002461002909431781,False,0.0,hist_gbdt,eucalyptus
0.0,0.0,0.0,0.0,0.4,0.4,0.9998276015454037,-0.003051537709536972,False,0.0,hist_gbdt,eucalyptus
0.0,0.0,0.0,0.0,0.4,0.4,1.0006162484273926,-0.004009291151691486,False,0.0,hist_gbdt,eucalyptus
0.0,0.0,0.0,0.0,0.0,0.4,0.9975077881619937,0.0011104403566357627,False,0.0,hist_gbdt,ilpd
0.0,0.0,0.0,0.0,0.0,0.4,1.0002994652406418,-0.0013193652148110358,False,0.0,hist_gbdt,ilpd
0.0,0.0,0.0,0.0,0.0,0.4,0.9988626023657868,0.00232553565346952,False,0.0,hist_gbdt,ilpd
0.0,0.16666666666666666,0.005859852313825927,0.05,0.0,0.0,0.831204737091013,0.7466737776929382,True,0.0,hist_gbdt,kr-vs-kp
0.0,0.16666666666666666,0.005436052476047244,0.05,0.0,0.0,0.8296557195539785,0.7793441268266338,True,0.0,hist_gbdt,kr-vs-kp
0.0,0.16666666666666666,0.005787197050876843,0.05,0.05,0.0,0.8183921122487676,0.7863144637813575,True,0.0,hist_gbdt,kr-vs-kp
0.0,0.16666666666666666,0.0011733419397566742,0.05,0.1,0.0,0.9229214793343441,0.5854724320175851,True,0.0,hist_gbdt,splice
0.0,0.16666666666666666,0.000439674121710328,0.05,0.1,0.0,0.9312247973455123,0.5737341785426084,True,0.0,hist_gbdt,splice
0.0,0.16666666666666666,0.003104876401674885,0.05,0.1,0.0,0.9282445705561002,0.5795803666687405,True,0.0,hist_gbdt,splice
0.0,0.16666666666666666,0.003188848858219758,0.1,0.05,0.0,0.8478864991482112,0.3482033578839775,True,0.0,hist_gbdt,tic-tac-toe
0.0,0.16666666666666666,0.005179789478534175,0.1,0.0,0.0,0.8285866269482419,0.4152232031450834,True,0.0,hist_gbdt,tic-tac-toe
0.0,0.16666666666666666,0.006289305635777694,0.05,0.0,0.0,0.856966753828913,0.37078465375534275,True,0.0,hist_gbdt,tic-tac-toe
0.4,1.0,0.028990053756546185,0.4,0.4,0.4,0.9998974371802729,0.0010484826682335747,True,0.4,hist_gbdt,vowel
0.4,1.0,0.019729978849738344,0.4,0.4,0.4,0.9999349617900515,0.0005772143220989512,True,0.4,hist_gbdt,vowel
0.4,1.0,0.043639348108290565,0.4,0.4,0.4,0.9999425258633614,0.00025769956672303527,True,0.4,hist_gbdt,vowel
0.0,0.0,0.0,0.2,0.1,0.0,0.9208392855280856,0.20128685495506726,False,0.0,logreg,PhishingWebsites
0.0,0.0,0.0,0.2,0.1,0.0,0.9207330709223649,0.21077842277513065,False,0.0,logreg,PhishingWebsites
0.0,0.0,0.0,0.2,0.05,0.0,0.9156155431406837,0.21825226778730342,False,0.0,logreg,PhishingWebsites
0.0,0.0,0.0,0.2,0.05,0.0,0.892608166525252,0.168382232620248,False,0.0,logreg,car
0.0,0.0,0.0,0.2,0.05,0.0,0.9004698362593864,0.15747377342039623,False,0.0,logreg,car
0.0,0.0,0.0,0.2,0.05,0.0,0.8870528772747681,0.17658398937413572,False,0.0,logreg,car
0.0,0.0,0.0,0.4,0.0,0.05,0.8936743985914812,0.08783187871187396,False,0.0,logreg,churn
0.0,0.0,0.0,0.4,0.0,0.05,0.8731531885121415,0.08957614118267666,False,0.0,logreg,churn
0.0,0.0,0.0,0.3,0.0,0.0,0.8824813225588638,0.11044862433046627,False,0.0,logreg,churn
0.0,0.0,0.03654275968070248,0.3,0.0,0.05,0.9130703304199199,0.07615110802541665,False,0.0,logreg,cmc
0.0,0.0,0.03933915095317275,0.2,0.0,0.2,0.9504899134559872,0.0448550745409918,False,0.0,logreg,cmc
0.0,0.0,0.06792270390022381,0.1,0.0,0.05,0.9395670113401066,0.05495194331717494,False,0.0,logreg,cmc
0.05,0.3333333333333333,0.009496519520321009,0.1,0.1,0.05,0.9337882547559968,0.1023911678714446,True,0.05,logreg,credit-approval
0.0,0.16666666666666666,0.0006399619827239614,0.2,0.1,0.05,0.9456147457970427,0.10279388695762189,True,0.0,logreg,credit-approval
0.05,0.3333333333333333,0.004940379895096751,0.2,0.1,0.05,0.9214862038051599,0.13000022920053303,True,0.05,logreg,credit-approval
0.1,0.5,0.010943011682429046,0.3,0.1,0.1,0.9244540910286766,0.06384043021508042,True,0.1,logreg,credit-g
0.0,0.0,0.0013660234282429444,0.05,0.05,0.05,0.9238455195162176,0.06793830520511465,False,0.0,logreg,credit-g
0.0,0.0,0.005028613178617067,0.0,0.0,0.0,0.9425173852573018,0.04457715954296912,False,0.0,logreg,credit-g
0.0,0.0,0.0,0.05,0.1,0.0,0.9245988734970435,0.4505897423402243,False,0.0,logreg,dna
0.0,0.0,0.0,0.1,0.1,0.0,0.9349655471037138,0.49146593571372604,False,0.0,logreg,dna
0.0,0.16666666666666666,0.0019392054994654313,0.1,0.1,0.0,0.9293403462156675,0.494152212375362,True,0.0,logreg,dna
0.0,0.0,0.016044368060151016,0.1,0.2,0.1,0.9206602768903089,0.0679351595896026,False,0.0,logreg,dresses-sales
0.0,0.0,0.0,0.0,0.1,0.05,0.94375,0.057013804781089215,False,0.0,logreg,dresses-sales
0.0,0.0,0.006614968947816766,0.0,0.0,0.05,0.953969160479726,0.03569773202569538,False,0.0,logreg,dresses-sales
0.4,1.0,0.019434913991673828,0.4,0.1,0.4,0.9948730641145331,0.005422764248365302,True,0.4,logreg,eucalyptus
0.1,0.8333333333333334,0.03054422445318188,0.1,0.4,0.4,1.0010274110061785,0.0008402518668404024,True,0.1,logreg,eucalyptus
0.4,1.0,0.041701027349296864,0.4,0.4,0.4,1.0009860901733814,0.0016604313891368737,True,0.4,logreg,eucalyptus
0.0,0.0,0.02170802015717301,0.4,0.4,0.4,0.9993122420907842,0.0005156286650868952,False,0.0,logreg,ilpd
0.4,1.0,0.02815583197385062,0.4,0.4,0.4,1.0046960167714882,-0.0021828208618927536,True,0.4,logreg,ilpd
0.4,1.0,0.04168402714831101,0.4,0.4,0.4,1.0005536626916522,-9.607811903099562e-05,True,0.4,logreg,ilpd
0.0,0.0,0.0,0.05,0.0,0.0,0.8388098738343389,0.5980271217414945,False,0.0,logreg,kr-vs-kp
0.0,0.0,0.0,0.1,0.0,0.0,0.8284775455913753,0.6024848323957739,False,0.0,logreg,kr-vs-kp
0.0,0.0,0.0,0.05,0.0,0.0,0.8301456479070526,0.6111314147428244,False,0.0,logreg,kr-vs-kp
0.0,0.16666666666666666,0.000491056054307761,0.1,0.1,0.0,0.948064032081511,0.22752176440683583,True,0.0,logreg,splice
0.0,0.16666666666666666,0.00172051679833581,0.3,0.3,0.1,0.9748518468334201,0.0844184630363932,True,0.0,logreg,splice
0.0,0.16666666666666666,0.0004258345560767725,0.2,0.2,0.1,0.9700156944573098,0.09714887164042471,True,0.0,logreg,splice
0.0,0.0,0.0,0.0,0.0,0.0,0.7419532545328126,0.4874286134555527,False,0.0,logreg,tic-tac-toe
0.0,0.0,0.0,0.0,0.0,0.0,0.6833734167067502,0.6201139695042623,False,0.0,logreg,tic-tac-toe
0.0,0.0,0.0,0.0,0.0,0.0,0.72079148797568,0.5855114266157486,False,0.0,logreg,tic-tac-toe
0.0,0.0,0.0,0.0,0.4,0.4,0.9924302327078852,0.009588893870671956,False,0.0,logreg,vowel
0.0,0.0,0.0,0.0,0.4,0.4,0.9934442711488639,0.007528002406114953,False,0.0,logreg,vowel
0.0,0.0,0.0,0.0,0.4,0.4,0.9925243770314192,0.007974557347277445,False,0.0,logreg,vowel
0.0,0.16666666666666666,0.006655203837454206,0.2,0.1,0.0,0.908507496382952,0.3105177621899263,True,0.0,tabicl,PhishingWebsites
0.0,0.16666666666666666,0.007518079364744625,0.1,0.1,0.0,0.9031576612290035,0.3226017586114227,True,0.0,tabicl,PhishingWebsites
0.0,0.16666666666666666,0.006916449465788464,0.1,0.1,0.0,0.9017348397275032,0.32973204663776395,True,0.0,tabicl,PhishingWebsites
0.0,0.16666666666666666,0.006029144121290658,0.05,0.05,0.0,0.8763494880018232,0.4203270657831954,True,0.0,tabicl,car
0.0,0.16666666666666666,0.005195638281984799,0.1,0.05,0.0,0.8818236845914017,0.41269003740120613,True,0.0,tabicl,car
0.0,0.16666666666666666,0.005674706071732409,0.05,0.05,0.0,0.8691728775986286,0.4411161375371705,True,0.0,tabicl,car
0.05,0.3333333333333333,0.01105723335142452,0.3,0.1,0.0,0.9396516176886973,0.2058102366553328,True,0.05,tabicl,churn
0.05,0.3333333333333333,0.009019981768639357,0.4,0.1,0.0,0.9464388780788007,0.15858037176408196,True,0.05,tabicl,churn
0.0,0.16666666666666666,0.008380440697071353,0.1,0.1,0.0,0.9236902018297368,0.2690536107503772,True,0.0,tabicl,churn
0.0,0.0,0.10661731531303965,0.4,0.3,0.1,0.9461273753039656,0.0410196137653743,False,0.0,tabicl,cmc
0.0,0.0,0.10202512269351115,0.3,0.4,0.2,0.9722711190145297,0.022159603180178337,False,0.0,tabicl,cmc
0.0,0.0,0.14704469805557815,0.4,0.4,0.1,0.9716408664893873,0.021254697353447177,False,0.0,tabicl,cmc
0.05,0.3333333333333333,0.012100162727168231,0.4,0.05,0.05,0.9258280879166237,0.09576881000221833,True,0.05,tabicl,credit-approval
0.05,0.3333333333333333,0.003488307852503758,0.1,0.1,0.05,0.9182117553138409,0.15510945304624552,True,0.05,tabicl,credit-approval
0.0,0.16666666666666666,0.004604905374277601,0.2,0.1,0.0,0.9084704937775994,0.1596639767070976,True,0.0,tabicl,credit-approval
0.2,0.6666666666666666,0.012967015348342714,0.4,0.2,0.05,0.9279913902749242,0.048089410262317014,True,0.2,tabicl,credit-g
0.05,0.3333333333333333,0.009057807361799864,0.4,0.1,0.05,0.9276383265856953,0.05081875947902788,True,0.05,tabicl,credit-g
0.1,0.5,0.025911067965456693,0.4,0.2,0.2,0.9561307627829004,0.02615641239194123,True,0.1,tabicl,credit-g
0.0,0.16666666666666666,0.00738078847279508,0.05,0.1,0.0,0.9170254417170064,0.379932707437729,True,0.0,tabicl,dna
0.0,0.16666666666666666,0.00637274016363341,0.05,0.1,0.0,0.9134594333943383,0.3779120827444177,True,0.0,tabicl,dna
0.0,0.16666666666666666,0.0067510203707122724,0.05,0.1,0.0,0.9127046572354949,0.40973722977139937,True,0.0,tabicl,dna
0.0,0.0,0.027025659101782798,0.4,0.05,0.3,0.9653406744666209,0.020572922484033956,False,0.0,tabicl,dresses-sales
0.0,0.0,0.00046460227522258343,0.0,0.0,0.1,0.9418487394957984,0.020549764478925658,False,0.0,tabicl,dresses-sales
0.0,0.0,0.04045446145342194,0.4,0.1,0.1,0.9326304691618343,0.024065694904901944,False,0.0,tabicl,dresses-sales
0.1,0.8333333333333334,0.08234381658999133,0.1,0.4,0.1,0.9825048479813303,0.035151793765137926,True,0.1,tabicl,eucalyptus
0.4,1.0,0.06949349221672427,0.4,0.4,0.1,0.9815092603850024,0.03849140298235011,True,0.4,tabicl,eucalyptus
0.4,1.0,0.06100956590730642,0.4,0.4,0.1,0.9849309135714079,0.025770415123141998,True,0.4,tabicl,eucalyptus
0.0,0.0,0.039545290464075226,0.4,0.4,0.4,0.9991538632821196,-0.0017338751109720412,False,0.0,tabicl,ilpd
0.4,1.0,0.04363733191956515,0.4,0.4,0.4,1.015213746856664,-0.012377484696946033,True,0.4,tabicl,ilpd
0.4,1.0,0.048342274355811225,0.4,0.4,0.4,1.0063264445381697,-0.006483736383003635,True,0.4,tabicl,ilpd
0.0,0.16666666666666666,0.005368958642793982,0.05,0.05,0.0,0.8318854227977243,0.48448058118939114,True,0.0,tabicl,kr-vs-kp
0.0,0.16666666666666666,0.005800580355871415,0.05,0.0,0.0,0.824894842143346,0.5179437808772366,True,0.0,tabicl,kr-vs-kp
0.0,0.16666666666666666,0.006230410966753308,0.05,0.05,0.0,0.8206250490294351,0.5121174857580615,True,0.0,tabicl,kr-vs-kp
0.0,0.16666666666666666,0.00644996441872651,0.1,0.2,0.0,0.9446832163202175,0.23020638874090743,True,0.0,tabicl,splice
0.05,0.3333333333333333,0.01131157017214382,0.1,0.3,0.05,0.9793483239348518,0.1406463416696175,True,0.05,tabicl,splice
0.05,0.3333333333333333,0.011419134468176837,0.1,0.3,0.05,0.9772722039517665,0.12982168706350738,True,0.05,tabicl,splice
0.0,0.16666666666666666,0.0062313966903100775,0.0,0.0,0.0,0.7409850905218317,0.8426470094076839,True,0.0,tabicl,tic-tac-toe
0.0,0.16666666666666666,0.007276505802691439,0.0,0.0,0.0,0.7078469968612013,0.9476273192226294,True,0.0,tabicl,tic-tac-toe
0.0,0.16666666666666666,0.006471015646621965,0.0,0.0,0.0,0.7183585428206218,0.8318305085186012,True,0.0,tabicl,tic-tac-toe
0.4,1.0,0.07471163680624078,0.4,0.4,0.4,0.9999725651577502,0.0030717030965159873,True,0.4,tabicl,vowel
0.4,1.0,0.07096629885212834,0.4,0.4,0.4,0.9999675770046139,0.0034351339455623185,True,0.4,tabicl,vowel
0.4,1.0,0.06114181169819432,0.4,0.4,0.4,0.9999201895498192,0.005824000541236718,True,0.4,tabicl,vowel
0.0,0.16666666666666666,0.006714925483853477,0.2,0.1,0.0,0.9069250681832098,0.29759429734846937,True,0.0,tabpfn,PhishingWebsites
0.0,0.16666666666666666,0.007393834471093809,0.1,0.1,0.0,0.9027630866391009,0.31701827311527075,True,0.0,tabpfn,PhishingWebsites
0.0,0.16666666666666666,0.006600728700562876,0.1,0.1,0.0,0.9027689684978426,0.31643013859565017,True,0.0,tabpfn,PhishingWebsites
0.0,0.16666666666666666,0.006035433608667706,0.05,0.05,0.0,0.8517686903802918,0.40894135340304005,True,0.0,tabpfn,car
0.0,0.16666666666666666,0.005636474664890793,0.1,0.05,0.0,0.8650621974458186,0.4036705852168958,True,0.0,tabpfn,car
0.0,0.16666666666666666,0.00620370341292914,0.1,0.0,0.0,0.8568638218513416,0.4145027485446632,True,0.0,tabpfn,car
0.05,0.3333333333333333,0.013428566436777875,0.3,0.1,0.0,0.9372374737325329,0.18625281335709976,True,0.05,tabpfn,churn
0.05,0.3333333333333333,0.011772705696408675,0.4,0.1,0.0,0.9416782644933519,0.17200286932112396,True,0.05,tabpfn,churn
0.05,0.3333333333333333,0.012068008864682131,0.2,0.1,0.0,0.9327644025435795,0.2069871777840068,True,0.05,tabpfn,churn
0.0,0.0,0.11666066898003298,0.4,0.3,0.2,0.954847661758399,0.031911791802498625,False,0.0,tabpfn,cmc
0.0,0.0,0.1107781244578492,0.4,0.4,0.3,0.9774384024955787,0.015839428490138877,False,0.0,tabpfn,cmc
0.0,0.0,0.15198329109284575,0.4,0.4,0.3,0.9782127024189595,0.01924638551728794,False,0.0,tabpfn,cmc
0.05,0.3333333333333333,0.010417398121757274,0.4,0.1,0.05,0.9198148148148148,0.09947872409309673,True,0.05,tabpfn,credit-approval
0.05,0.3333333333333333,0.002438018903290068,0.2,0.1,0.05,0.9269547738693469,0.12909655189750854,True,0.05,tabpfn,credit-approval
0.0,0.16666666666666666,0.005819932855911601,0.2,0.1,0.0,0.9045309381237525,0.19169158751183385,True,0.0,tabpfn,credit-approval
0.2,0.6666666666666666,0.011528290709988393,0.4,0.2,0.2,0.9304763776947775,0.03858679610391449,True,0.2,tabpfn,credit-g
0.0,0.16666666666666666,0.003067850889563998,0.4,0.05,0.05,0.9356279197581753,0.037098048720178536,True,0.0,tabpfn,credit-g
0.1,0.5,0.025562110136048782,0.4,0.2,0.1,0.9563514868025393,0.027066949461454215,True,0.1,tabpfn,credit-g
0.0,0.16666666666666666,0.006000428163060678,0.1,0.1,0.0,0.9249088763873697,0.2858560851976758,True,0.0,tabpfn,dna
0.0,0.16666666666666666,0.00516360426288201,0.1,0.1,0.0,0.9257242916318293,0.2877734754623079,True,0.0,tabpfn,dna
0.0,0.16666666666666666,0.004733619156933451,0.1,0.1,0.0,0.9202872027222664,0.29888475719494156,True,0.0,tabpfn,dna
0.0,0.0,0.019510390096055246,0.4,0.05,0.3,0.9529828384636339,0.025328659553912104,False,0.0,tabpfn,dresses-sales
0.0,0.0,0.005549348408783,0.0,0.0,0.1,0.9435811937312437,0.021168349404880663,False,0.0,tabpfn,dresses-sales
0.0,0.0,0.028701810789180066,0.4,0.1,0.1,0.9260371179039302,0.02471747608818636,False,0.0,tabpfn,dresses-sales
0.4,1.0,0.07220991027193074,0.4,0.4,0.1,0.9832435414771782,0.03187412831287899,True,0.4,tabpfn,eucalyptus
0.05,0.8333333333333334,0.05952088911452669,0.05,0.4,0.1,0.985496624112176,0.0403702498100096,True,0.05,tabpfn,eucalyptus
0.4,1.0,0.06759630303893244,0.4,0.4,0.3,0.9883469229949309,0.022150326945916666,True,0.4,tabpfn,eucalyptus
0.0,0.0,0.03396664479157038,0.4,0.4,0.4,0.9971621621621622,-0.0028010278110241066,False,0.0,tabpfn,ilpd
0.4,1.0,0.05716572645017124,0.4,0.4,0.4,1.0028,0.000470232816086219,True,0.4,tabpfn,ilpd
0.4,1.0,0.04220401533457278,0.4,0.4,0.4,0.9873364288729422,0.00035072610286035477,True,0.4,tabpfn,ilpd
0.0,0.16666666666666666,0.00512370602611643,0.1,0.05,0.0,0.8307355589175238,0.47170879992646525,True,0.0,tabpfn,kr-vs-kp
0.0,0.16666666666666666,0.005539154227011178,0.05,0.0,0.0,0.8243341019147703,0.4848408391677951,True,0.0,tabpfn,kr-vs-kp
0.0,0.16666666666666666,0.005992478077235954,0.05,0.05,0.0,0.819678718359947,0.49107797090759836,True,0.0,tabpfn,kr-vs-kp
0.0,0.16666666666666666,0.005579070923959262,0.2,0.1,0.0,0.9368852264219634,0.19898781145687375,True,0.0,tabpfn,splice
0.05,0.3333333333333333,0.00914948316484826,0.3,0.4,0.05,0.9794914295479582,0.0969363117577677,True,0.05,tabpfn,splice
0.05,0.3333333333333333,0.0069810104907628194,0.2,0.3,0.05,0.9768167582490956,0.09840940719525154,True,0.05,tabpfn,splice
0.0,0.16666666666666666,0.007293363757161904,0.0,0.05,0.0,0.7616248137901681,0.8510782065199629,True,0.0,tabpfn,tic-tac-toe
0.0,0.16666666666666666,0.007921177385251194,0.0,0.0,0.0,0.7336223404255319,0.9281318248177796,True,0.0,tabpfn,tic-tac-toe
0.0,0.16666666666666666,0.008684380054576696,0.0,0.0,0.0,0.7408031914893617,0.863015874083618,True,0.0,tabpfn,tic-tac-toe
0.4,1.0,0.05940286898600964,0.4,0.4,0.3,0.9995111427039296,0.01831347839835775,True,0.4,tabpfn,vowel
0.4,1.0,0.055043375344647184,0.4,0.4,0.3,0.9996034368803702,0.01959176878456741,True,0.4,tabpfn,vowel
0.4,1.0,0.053002320677137456,0.4,0.4,0.3,0.9996632996632997,0.017262354731998275,True,0.4,tabpfn,vowel
0.0,0.16666666666666666,0.004999999999999995,0.1,0.1,0.0,0.9286118795961315,0.34374405886689424,True,0.0,xgboost,PhishingWebsites
0.0,0.16666666666666666,0.0050000000000000044,0.1,0.1,0.0,0.9257292711173928,0.3750640864314179,True,0.0,xgboost,PhishingWebsites
0.0,0.16666666666666666,0.004999999999999995,0.1,0.1,0.0,0.9247693699738718,0.36549347347248407,True,0.0,xgboost,PhishingWebsites
0.0,0.16666666666666666,0.0050000000000000044,0.05,0.05,0.0,0.8869855192410254,0.324492309711359,True,0.0,xgboost,car
0.0,0.16666666666666666,0.004999999999999995,0.1,0.05,0.0,0.8945558827067742,0.3135415711545067,True,0.0,xgboost,car
0.0,0.16666666666666666,0.004999999999999995,0.1,0.05,0.0,0.8770557504291278,0.3319048429565517,True,0.0,xgboost,car
0.0,0.16666666666666666,0.0018944524717377786,0.2,0.1,0.0,0.9433973894561566,0.16168808802251755,True,0.0,xgboost,churn
0.0,0.0,0.0,0.2,0.05,0.0,0.9390849561692137,0.14884185554415666,False,0.0,xgboost,churn
0.0,0.0,0.0,0.2,0.05,0.0,0.9401104098374022,0.15827538413501513,False,0.0,xgboost,churn
0.0,0.0,0.0,0.0,0.0,0.05,0.9460482410136055,0.12913450381899705,False,0.0,xgboost,cmc
0.0,0.0,0.0,0.0,0.05,0.05,0.9520226729545336,0.08097802259184769,False,0.0,xgboost,cmc
0.0,0.0,0.0,0.0,0.0,0.0,0.9609484370215963,0.07100123446164255,False,0.0,xgboost,cmc
0.0,0.0,0.0,0.0,0.1,0.0,0.9532524120759416,0.1046401484773444,False,0.0,xgboost,credit-approval
0.0,0.0,0.0,0.1,0.1,0.0,0.9420243240526686,0.1321682154984551,False,0.0,xgboost,credit-approval
0.0,0.0,0.0,0.0,0.05,0.0,0.9382325772349382,0.14305551425200655,False,0.0,xgboost,credit-approval
0.0,0.0,0.0,0.0,0.1,0.1,0.9457982910583329,0.050183715815121356,False,0.0,xgboost,credit-g
0.0,0.0,0.0,0.0,0.1,0.05,0.9336113199808599,0.06310159384378784,False,0.0,xgboost,credit-g
0.0,0.0,0.0,0.0,0.1,0.2,0.9599747386148338,0.01194065532193304,False,0.0,xgboost,credit-g
0.0,0.16666666666666666,0.0038834131917334924,0.05,0.1,0.0,0.9215531463905735,0.353171086624909,True,0.0,xgboost,dna
0.0,0.16666666666666666,0.004999999999999995,0.1,0.1,0.0,0.9218141670972619,0.3599439267724181,True,0.0,xgboost,dna
0.0,0.16666666666666666,0.004114080401748719,0.1,0.1,0.0,0.9224403085027723,0.3611683989564948,True,0.0,xgboost,dna
0.0,0.0,0.0,0.0,0.0,0.4,1.0085228908724446,-0.01962284550251543,False,0.0,xgboost,dresses-sales
0.0,0.0,0.0,0.0,0.0,0.4,0.994392523364486,-0.003999270500947738,False,0.0,xgboost,dresses-sales
0.0,0.0,0.0,0.0,0.0,0.1,0.9233568075117369,0.07566058773453746,False,0.0,xgboost,dresses-sales
0.0,0.0,0.0,0.0,0.2,0.4,0.9991108048978562,0.001682461913807981,False,0.0,xgboost,eucalyptus
0.0,0.0,0.0,0.0,0.4,0.4,0.9993533774359037,-0.0037115030995950706,False,0.0,xgboost,eucalyptus
0.0,0.0,0.0,0.0,0.4,0.4,1.0010654162844543,-0.0049401037551332575,False,0.0,xgboost,eucalyptus
0.0,0.0,0.0,0.0,0.0,0.4,0.9934299516908212,0.0022034147059075914,False,0.0,xgboost,ilpd
0.0,0.0,0.0,0.0,0.0,0.4,1.0011081560283688,-0.003789799574400541,False,0.0,xgboost,ilpd
0.0,0.0,0.0,0.0,0.0,0.4,0.9970114405790333,0.0017797253596512242,False,0.0,xgboost,ilpd
0.0,0.16666666666666666,0.004999999999999995,0.1,0.05,0.0,0.8510596458182087,0.6060695245454596,True,0.0,xgboost,kr-vs-kp
0.0,0.16666666666666666,0.004999999999999995,0.05,0.05,0.0,0.8486400934799481,0.6063023241195256,True,0.0,xgboost,kr-vs-kp
0.0,0.16666666666666666,0.0050000000000000044,0.05,0.05,0.0,0.8406645714460073,0.6234656000120388,True,0.0,xgboost,kr-vs-kp
0.0,0.16666666666666666,0.0035596378858508324,0.05,0.1,0.0,0.9377258154832209,0.39515782451514836,True,0.0,xgboost,splice
0.0,0.16666666666666666,0.0027112264322193638,0.05,0.1,0.0,0.9435721262371184,0.3680038874191277,True,0.0,xgboost,splice
0.0,0.16666666666666666,0.0050000000000000044,0.05,0.1,0.0,0.937135727842947,0.3829352295302044,True,0.0,xgboost,splice
0.0,0.16666666666666666,0.0050000000000000044,0.1,0.05,0.0,0.8486352753391859,0.4046683618741255,True,0.0,xgboost,tic-tac-toe
0.0,0.16666666666666666,0.0050000000000000044,0.05,0.0,0.0,0.8055383959953136,0.5321632105799534,True,0.0,xgboost,tic-tac-toe
0.0,0.16666666666666666,0.0049241754628014485,0.05,0.0,0.0,0.8387146915366888,0.4685640212808032,True,0.0,xgboost,tic-tac-toe
0.4,1.0,0.004838659535380994,0.4,0.4,0.4,0.9997614683506162,0.0018147042080809306,True,0.4,xgboost,vowel
0.4,1.0,0.012451779290818107,0.4,0.4,0.4,0.9997921596614459,0.0018053671425586337,True,0.4,xgboost,vowel
0.4,1.0,0.01912118137301394,0.4,0.4,0.4,0.9999299080042554,0.0009570181020315483,True,0.4,xgboost,vowel
