dataset_id,n_rows,n_features,n_classes,numeric_feature_ratio,categorical_feature_ratio,mean_cardinality,max_cardinality,class_imbalance_ratio,missing_rate,duplicate_rate,train_test_duplicate_rate,feature_shift_proxy
kr-vs-kp,3196,36,2,0.0,1.0,2.0277777777777777,3.0,1.0929927963326784,0.0,0.0,0.0,0.47608505399439327
breast-w,699,9,2,1.0,0.0,0.0,0.0,1.900414937759336,0.002543315848036878,0.3376251788268956,0.3904761904761905,0.530032135553608
mfeat-fourier,2000,76,10,1.0,0.0,0.0,0.0,1.0,0.0,0.003,0.006666666666666667,0.48354277524024836
mfeat-karhunen,2000,64,10,1.0,0.0,0.0,0.0,1.0,0.0,0.003,0.005,0.5130411600542838
mfeat-morphological,2000,6,10,1.0,0.0,0.0,0.0,1.0,0.0,0.056,0.09,0.44885728464953
mfeat-zernike,2000,47,10,1.0,0.0,0.0,0.0,1.0,0.0,0.003,0.008333333333333333,0.4653912632913952
mfeat-factors,2000,216,10,1.0,0.0,0.0,0.0,1.0,0.0,0.003,0.0016666666666666668,0.49672946668994866
cmc,1473,9,3,0.2222222222222222,0.7777777777777778,3.142857142857143,4.0,1.8888888888888888,0.0,0.07807196198234895,0.12217194570135746,0.46661531183363164
credit-approval,690,15,2,0.4,0.6,4.444444444444445,14.0,1.247557003257329,0.006473429951690821,0.0,0.0,0.5101869355177484
credit-g,1000,20,2,0.35,0.65,4.153846153846154,10.0,2.3333333333333335,0.0,0.0,0.0,0.47748725285205973
diabetes,768,8,2,1.0,0.0,0.0,0.0,1.8656716417910448,0.0,0.0,0.0,0.5082105975960725
tic-tac-toe,958,9,2,0.0,1.0,3.0,3.0,1.8855421686746987,0.0,0.0,0.0,0.45202401249644103
vehicle,846,18,4,1.0,0.0,0.0,0.0,1.0954773869346734,0.0,0.0,0.0,0.5052704477507902
spambase,4601,57,2,1.0,0.0,0.0,0.0,1.5377826806398236,0.0,0.08563355792219082,0.11006517016654598,0.508688967805001
analcatdata_authorship,841,70,4,1.0,0.0,0.0,0.0,5.763636363636364,0.0,0.0,0.0,0.4664044189104213
pc4,1458,37,2,1.0,0.0,0.0,0.0,7.191011235955056,0.0,0.07887517146776406,0.1004566210045662,0.5103511952726296
pc3,1563,37,2,1.0,0.0,0.0,0.0,8.76875,0.0,0.08125399872040946,0.07249466950959488,0.5130508794543346
kc1,2109,21,2,1.0,0.0,0.0,0.0,5.469325153374233,0.0,0.4348032242769085,0.47709320695102686,0.5001444919662467
pc1,1109,21,2,1.0,0.0,0.0,0.0,13.402597402597403,0.0,0.14517583408476104,0.17717717717717718,0.5541626523713261
ilpd,583,10,2,0.9,0.1,2.0,2.0,2.4910179640718564,0.0,0.022298456260720412,0.017142857142857144,0.462541971785792
qsar-biodeg,1055,41,2,1.0,0.0,0.0,0.0,1.9634831460674158,0.0,0.002843601895734597,0.00946372239747634,0.47720862338901915
wdbc,569,30,2,1.0,0.0,0.0,0.0,1.6839622641509433,0.0,0.0,0.0,0.5110470221273545
ozone-level-8hr,2534,72,2,1.0,0.0,0.0,0.0,14.8375,0.0,0.0031570639305445935,0.003942181340341655,0.5017432469373343
phoneme,5404,5,2,1.0,0.0,0.0,0.0,2.407313997477932,0.0,0.0016654330125832717,0.0030826140567200987,0.5037887897226273
steel-plates-fault,1941,33,2,1.0,0.0,0.0,0.0,1.8841010401188707,0.0,0.0,0.0,0.49232097104112943
wall-robot-navigation,5456,24,4,1.0,0.0,0.0,0.0,6.722560975609756,0.0,0.0,0.0,0.4993262384377788
cnae-9,1080,856,9,1.0,0.0,0.0,0.0,1.0,0.0,0.025925925925925925,0.037037037037037035,0.4767538702723888
first-order-theorem-proving,6118,51,6,1.0,0.0,0.0,0.0,5.255144032921811,0.0,0.10068649885583524,0.13507625272331156,0.5129350406522403
churn,5000,20,2,0.8,0.2,4.25,10.0,6.072135785007072,0.0,0.0,0.0,0.48342616885251605
texture,5500,40,11,1.0,0.0,0.0,0.0,1.0,0.0,0.004909090909090909,0.007272727272727273,0.4758998631723372
optdigits,5620,64,10,1.0,0.0,0.0,0.0,1.032490974729242,0.0,0.0,0.0,0.4885450774559233
pendigits,10992,16,10,1.0,0.0,0.0,0.0,1.0843601895734598,0.0,0.0,0.0,0.5024329862017097
satimage,6430,36,6,1.0,0.0,0.0,0.0,2.4496,0.0,0.0,0.0,0.501550302678233
segment,2310,19,7,1.0,0.0,0.0,0.0,1.0,0.0,0.09696969696969697,0.1471861471861472,0.47941380408912876
vowel,990,12,11,0.8333333333333334,0.16666666666666666,8.5,15.0,1.0,0.0,0.0,0.0,0.4566735172795779
climate-model-simulation-crashes,540,18,2,1.0,0.0,0.0,0.0,10.73913043478261,0.0,0.0,0.0,0.4709484616892024
car,1728,6,4,0.0,1.0,3.5,4.0,18.615384615384617,0.0,0.0,0.0,0.49276859010217205
dna,3186,180,3,0.0,1.0,2.0,2.0,2.1620915032679737,0.0,0.05806654111738858,0.0794979079497908,0.49825850424731444
splice,3190,60,3,0.0,1.0,4.783333333333333,6.0,2.1577574967405475,0.0,0.05799373040752351,0.08986415882967608,0.5176401965621532
eucalyptus,736,19,5,0.7368421052631579,0.2631578947368421,15.4,27.0,2.038095238095238,0.032036613272311214,0.0,0.0,0.5358857205657226
PhishingWebsites,11055,30,2,0.0,1.0,2.2666666666666666,3.0,1.2570436913025724,0.0,0.4767073722297603,0.6183298160988845,0.4926141055593071
GesturePhaseSegmentation,9873,32,5,1.0,0.0,0.0,0.0,2.9559118236472948,0.0,0.0,0.0,0.5095287465645707
MiceProtein,1080,77,8,1.0,0.0,0.0,0.0,1.4285714285714286,0.016786916786916788,0.0,0.0,0.47806437389770723
dresses-sales,500,12,2,0.08333333333333333,0.9166666666666666,14.090909090909092,24.0,1.380952380952381,0.13916666666666666,0.002,0.0,0.5460875331564986
