dataset_id,model,family,shift_axis,shift_lambda,seed,split_policy,clean_split_passed,leakage_risk_level,applicable,status,error_message,accuracy,auc,nll,nll_norm,ece,brier,ece_adaptive,ece_classwise,calib_slope,calib_intercept,utility,n_train,best_gbdt,reference_utility,failed,failure_reason,metric_notes
car,catboost,gbdt,categorical_covariate_shift,0.0,2586897250,test_only,True,low,True,ok,,0.9788053949903661,0.9990234570350258,0.06655823430283597,0.04801161727951358,0.022979918783197745,0.03383181506095988,0.022979918783197623,0.017291736630670625,1.6425603950755499,0.3134201068993803,0.4774795502703203,1209,xgboost,0.48636557107419304,False,,
car,catboost,gbdt,categorical_covariate_shift,0.05,1067766471,test_only,True,high,True,ok,,0.9421965317919075,0.9763869450361944,0.28288666645768856,0.20405959541605878,0.052344964052825405,0.11603502771455086,0.049813315728350155,0.029399165613685295,0.3562082169055903,1.2439736774662609,0.4113780390960714,1209,xgboost,0.48636557107419304,True,utility_gap,
car,catboost,gbdt,categorical_covariate_shift,0.1,1885504252,test_only,True,high,True,ok,,0.8728323699421965,0.9338047686931161,0.5905185022431028,0.4259690573696513,0.10097855069558996,0.23137496309935945,0.09310457109745507,0.05556677915042839,0.4080604672786241,0.14172617797376824,0.30977009718390675,1209,xgboost,0.48636557107419304,True,utility_gap;ece,
car,catboost,gbdt,categorical_covariate_shift,0.2,2197698047,test_only,True,high,True,ok,,0.8342967244701349,0.8665804642210289,0.8900830326035473,0.6420591885582736,0.1536149086326022,0.31986638667100925,0.14331088366210684,0.07684627802125861,0.34115558795045475,-0.05817497144194534,0.2051069328538778,1209,xgboost,0.48636557107419304,True,utility_gap;ece,
car,catboost,gbdt,categorical_covariate_shift,0.3,2300353037,test_only,True,high,True,ok,,0.7726396917148363,0.8510146534836558,1.199212338372691,0.8650488467715695,0.20634561145230731,0.4263812382078396,0.20275280102687765,0.10518097824458655,0.4370602409215157,-0.9585300339210571,0.11296730615457264,1209,xgboost,0.48636557107419304,True,utility_gap;ece;nll,
car,catboost,gbdt,categorical_covariate_shift,0.4,3204576500,test_only,True,high,True,ok,,0.7013487475915221,0.7852023690438195,1.5756078443483206,1.136560811713536,0.28308648907333345,0.5676803708348702,0.272634034973249,0.1431852850717277,0.47942662709276496,-1.5552264085812584,-0.017562400024662375,1209,xgboost,0.48636557107419304,True,utility_gap;ece;nll,
car,hist_gbdt,gbdt,categorical_covariate_shift,0.0,2586897250,test_only,True,low,True,ok,,0.9922928709055877,0.9999892380542402,0.016129245930106288,0.011634791558321419,0.009902520549796168,0.009578449190605146,0.0015336085616840728,0.005623900808865687,1.9603115530352648,-0.8806267153813991,0.4933692223773665,1209,xgboost,0.48636557107419304,False,,
car,hist_gbdt,gbdt,categorical_covariate_shift,0.05,1067766471,test_only,True,high,True,ok,,0.9460500963391136,0.9782048214050222,0.4681121776801857,0.33767155865946863,0.053870697634274,0.10194848883173492,0.044832824435631996,0.02742619101894477,0.1872453087267115,1.0598997924051186,0.37220359481792936,1209,xgboost,0.48636557107419304,True,utility_gap,
car,hist_gbdt,gbdt,categorical_covariate_shift,0.1,1885504252,test_only,True,high,True,ok,,0.884393063583815,0.941085103209132,1.0774762494715027,0.7772348208940882,0.11495061273160191,0.22727546181140665,0.10944451411313673,0.057456173544110666,0.20220991628879117,0.056283768014267564,0.20587817684622156,1209,xgboost,0.48636557107419304,True,utility_gap;ece;nll,
car,hist_gbdt,gbdt,categorical_covariate_shift,0.2,2197698047,test_only,True,high,True,ok,,0.8342967244701349,0.8727349271943857,1.7519609840999966,1.2637727117960067,0.16375555728579794,0.326647467742145,0.16297608811818776,0.08187311048545555,0.1752765650744944,-0.2547211371620947,0.01871880819259364,1209,xgboost,0.48636557107419304,True,utility_gap;ece;nll,
car,hist_gbdt,gbdt,categorical_covariate_shift,0.3,2300353037,test_only,True,high,True,ok,,0.7803468208092486,0.8540837421571472,2.335837272567027,1.6849504247280258,0.21633341251126084,0.4365339221706166,0.21376756039088232,0.10966412806475623,0.19341673896123426,-0.7955840199660755,-0.13277047704427108,1209,xgboost,0.48636557107419304,True,utility_gap;ece;nll,
car,hist_gbdt,gbdt,categorical_covariate_shift,0.4,3204576500,test_only,True,high,True,ok,,0.7013487475915221,0.8009890468819266,3.174336821671268,2.2897999953681865,0.2983223229286394,0.5949792046275537,0.2966588896779312,0.14916112858493155,0.23322024647464717,-1.6880748180024705,-0.3610559846487812,1209,xgboost,0.48636557107419304,True,utility_gap;ece;nll,
car,logreg,linear,categorical_covariate_shift,0.0,2586897250,test_only,True,low,True,ok,,0.8959537572254336,0.9874833511741763,0.22599314419010796,0.16301959419898662,0.04949749726950016,0.13341048934747848,0.04920723247105746,0.039494809808224215,2.236788338242864,-0.36233896722140163,0.4212068587811807,1209,xgboost,0.48636557107419304,True,utility_gap,
car,logreg,linear,categorical_covariate_shift,0.05,1067766471,test_only,True,high,True,ok,,0.861271676300578,0.9684338652254971,0.3339492174938604,0.24089343999357116,0.031164199729545605,0.18660044705671874,0.025027629675016684,0.036158484710402436,0.7470558125351561,0.2275888136807149,0.3896417323300302,1209,xgboost,0.48636557107419304,True,utility_gap,
car,logreg,linear,categorical_covariate_shift,0.1,1885504252,test_only,True,high,True,ok,,0.8246628131021194,0.9291606838051991,0.508613838155041,0.36688733101688975,0.05761014381060976,0.24463804903935918,0.03923589256692762,0.034909580262774326,0.5269092367689929,0.17891320729334786,0.3273174332299488,1209,xgboost,0.48636557107419304,True,utility_gap,
car,logreg,linear,categorical_covariate_shift,0.2,2197698047,test_only,True,high,True,ok,,0.791907514450867,0.8794851714888987,0.6724209014125604,0.48504914992899373,0.07776142817280857,0.29791676728080374,0.07720891398394258,0.05638957700701654,0.3833951569151088,0.08162381891837618,0.2655389065754847,1209,xgboost,0.48636557107419304,True,utility_gap,
car,logreg,linear,categorical_covariate_shift,0.3,2300353037,test_only,True,high,True,ok,,0.7552986512524085,0.8467625500770846,0.9271647154945689,0.6688079685656206,0.11270940942641272,0.3658849151690358,0.1106099886839161,0.07375389849789804,0.3124715965378692,0.02503484121216587,0.1864774177598721,1209,xgboost,0.48636557107419304,True,utility_gap;ece,
car,logreg,linear,categorical_covariate_shift,0.4,3204576500,test_only,True,high,True,ok,,0.7129094412331407,0.7833362472322859,1.1811553245435342,0.8520234646192755,0.15174711210580408,0.4483415431657201,0.14942814327531842,0.09675957190832996,0.2568633559197352,-0.07250938862417153,0.09514764090932773,1209,xgboost,0.48636557107419304,True,utility_gap;ece;nll,
car,tabicl,icl,categorical_covariate_shift,0.0,2586897250,test_only,True,low,True,ok,,0.9942196531791907,0.9999804084999561,0.018456081516883497,0.01331324863932514,0.012958402790643418,0.008922905739439472,0.0085101382937765,0.0075643069228507245,4.3636515312911,-0.9862448825269189,0.49254043580193696,1209,xgboost,0.48636557107419304,False,,
car,tabicl,icl,categorical_covariate_shift,0.05,1067766471,test_only,True,high,True,ok,,0.9518304431599229,0.9777996864177868,0.41397444093371644,0.2986194364949269,0.05343421974162111,0.09944072867206162,0.05055312768497021,0.02729862545800664,0.14943612927071367,1.6745183910427883,0.3847317818234115,1209,xgboost,0.48636557107419304,True,utility_gap,
car,tabicl,icl,categorical_covariate_shift,0.1,1885504252,test_only,True,high,True,ok,,0.884393063583815,0.9311992077257571,0.9381104543384938,0.6767036501401187,0.1111090248963643,0.22663374624821492,0.10866873112962823,0.057263922054160366,0.20488639625724742,0.2611827495739733,0.23334578222027877,1209,xgboost,0.48636557107419304,True,utility_gap;ece,
car,tabicl,icl,categorical_covariate_shift,0.2,2197698047,test_only,True,high,True,ok,,0.8362235067437379,0.8737278619419281,1.4212075729642086,1.0251845587946518,0.1587411901706513,0.3231937677366525,0.156911224294639,0.08049106108753241,0.22285169208583128,-0.35238488503519005,0.09193467201870967,1209,xgboost,0.48636557107419304,True,utility_gap;ece;nll,
car,tabicl,icl,categorical_covariate_shift,0.3,2300353037,test_only,True,high,True,ok,,0.7764932562620424,0.8453194628259403,1.9872104374684734,1.433469321669277,0.2166452584116959,0.43731834309735934,0.21664540274187233,0.10975233907207983,0.2513790137183206,-1.0737595104090705,-0.06103404775473691,1209,xgboost,0.48636557107419304,True,utility_gap;ece;nll,
car,tabicl,icl,categorical_covariate_shift,0.4,3204576500,test_only,True,high,True,ok,,0.7032755298651252,0.7536153760925397,2.7637855253172785,1.9936498357279682,0.29536549303861154,0.5893474385834877,0.29311795437812355,0.1476399227128732,0.26109656924215735,-1.6562978770606922,-0.28791133821395515,1209,xgboost,0.48636557107419304,True,utility_gap;ece;nll,
car,tabpfn,icl,categorical_covariate_shift,0.0,2586897250,test_only,True,low,True,ok,,0.9942196531791907,1.0,0.020454408464139068,0.014754736827765336,0.010641771011748694,0.009206186374713344,0.010439267697586439,0.008148148439756893,3.1747151016404294,-0.3293156016306015,0.49257817272619925,1209,xgboost,0.48636557107419304,False,,
car,tabpfn,icl,categorical_covariate_shift,0.05,1067766471,test_only,True,high,True,ok,,0.9460500963391136,0.9774758781685534,0.4009606228939288,0.28923195112041045,0.050280616752474,0.10110446032360614,0.045566645042403264,0.02821697400041956,0.2222113483531485,1.2623262758270477,0.38719836312324285,1209,xgboost,0.48636557107419304,True,utility_gap,
car,tabpfn,icl,categorical_covariate_shift,0.1,1885504252,test_only,True,high,True,ok,,0.884393063583815,0.9286462644608053,0.8828769693905678,0.6368611127274247,0.10694267517846348,0.22349840720340652,0.1003608539078147,0.05552942490029164,0.2402610509127536,0.25035891823831746,0.2452382832449339,1209,xgboost,0.48636557107419304,True,utility_gap;ece,
car,tabpfn,icl,categorical_covariate_shift,0.2,2197698047,test_only,True,high,True,ok,,0.8342967244701349,0.8604914146912754,1.3595045197317777,0.9806752143415838,0.1603460319990848,0.3234456741832031,0.15571525654567978,0.0819767343041011,0.2613923031957969,-0.4084291768987419,0.10004473311017455,1209,xgboost,0.48636557107419304,True,utility_gap;ece;nll,
car,tabpfn,icl,categorical_covariate_shift,0.3,2300353037,test_only,True,high,True,ok,,0.7784200385356455,0.7969089188109753,1.8952822419031794,1.3671571457393168,0.21758536513289453,0.4351209123978036,0.21239699238147491,0.1098555934641719,0.28269368463660893,-1.002642253742286,-0.05798308938418577,1209,xgboost,0.48636557107419304,True,utility_gap;ece;nll,
car,tabpfn,icl,categorical_covariate_shift,0.4,3204576500,test_only,True,high,True,ok,,0.7013487475915221,0.6953209757698491,2.5230954166270334,1.8200286226287472,0.294351301739606,0.5875992798360814,0.29134460825204544,0.14769362517756754,0.31387817904690124,-1.7012645645619604,-0.2563141934783699,1209,xgboost,0.48636557107419304,True,utility_gap;ece;nll,
car,xgboost,gbdt,categorical_covariate_shift,0.0,2586897250,test_only,True,low,True,ok,,0.9903660886319846,0.9995355661623186,0.039674162308974886,0.028618858607290947,0.017205663976144456,0.019194281075108323,0.015242361488669413,0.012517440126572996,1.2233169812235616,0.8384307425027164,0.48636557107419304,1209,xgboost,0.48636557107419304,False,,
car,xgboost,gbdt,categorical_covariate_shift,0.05,1067766471,test_only,True,high,True,ok,,0.9460500963391136,0.9765570875855638,0.3067918368779554,0.22130353082452106,0.04842453255611637,0.1056303684696046,0.05145922118716298,0.02819351127018974,0.26922090539585614,1.280660406684257,0.4076265293472347,1209,xgboost,0.48636557107419304,True,utility_gap,
car,xgboost,gbdt,categorical_covariate_shift,0.1,1885504252,test_only,True,high,True,ok,,0.884393063583815,0.9381658202800267,0.6885338962475114,0.49667221880012036,0.10904330572810701,0.22575225573447733,0.09769939559720418,0.056513740516973575,0.28895564391433065,0.31784261209214987,0.29020666984992405,1209,xgboost,0.48636557107419304,True,utility_gap;ece,
car,xgboost,gbdt,categorical_covariate_shift,0.2,2197698047,test_only,True,high,True,ok,,0.8362235067437379,0.8770771999324133,1.0928636429473342,0.7883344790239829,0.1577046279923162,0.32151349339688157,0.14881998305394217,0.08090902908997752,0.25054266995286134,-0.0011459815955726376,0.16436927668224718,1209,xgboost,0.48636557107419304,True,utility_gap;ece;nll,
car,xgboost,gbdt,categorical_covariate_shift,0.3,2300353037,test_only,True,high,True,ok,,0.7745664739884393,0.850960172394847,1.4868609461121383,1.072543456723727,0.21155815766814504,0.43449336438602143,0.21155815766814498,0.1076443428978493,0.3009644787086828,-0.7273400143842492,0.04994636288571517,1209,xgboost,0.48636557107419304,True,utility_gap;ece;nll,
car,xgboost,gbdt,categorical_covariate_shift,0.4,3204576500,test_only,True,high,True,ok,,0.7013487475915221,0.7901075855689317,1.9699612960041406,1.4210266962441844,0.29107245082775113,0.5842999797391604,0.28599785142381473,0.14648383630456496,0.33668362080161,-1.3846775769509148,-0.10278253195095113,1209,xgboost,0.48636557107419304,True,utility_gap;ece;nll,
credit-approval,catboost,gbdt,categorical_covariate_shift,0.0,4191613765,test_only,True,low,True,ok,,0.8405797101449275,0.916257088846881,0.36979319389293913,0.5334988069838342,0.0704314563340643,0.21853684922287,0.08086687267295424,0.084698703747075,0.8934684427333445,-0.3431889287411096,0.2726410042561843,483,catboost,0.2726410042561843,False,,
credit-approval,catboost,gbdt,categorical_covariate_shift,0.05,4187467237,test_only,True,low,True,ok,,0.8405797101449275,0.9129489603024575,0.39124654209661414,0.5644494460477403,0.0543951921262312,0.23080206864510458,0.07160892989041943,0.09761014352876021,0.7945156319248282,-0.17656918948036468,0.26540522038803094,483,catboost,0.2726410042561843,False,,
credit-approval,catboost,gbdt,categorical_covariate_shift,0.1,3154470258,test_only,True,low,True,ok,,0.7971014492753623,0.8965028355387523,0.4274262808049837,0.6166457756629635,0.0727981396416286,0.2696312121552039,0.0987332189905843,0.1129270486964617,0.9660444559946672,-0.6049987500364351,0.23378784920265286,483,catboost,0.2726410042561843,True,utility_gap,
credit-approval,catboost,gbdt,categorical_covariate_shift,0.2,2082248130,test_only,True,low,True,ok,,0.8019323671497585,0.8793950850661625,0.46662458489738695,0.6731969745883313,0.0842936930300503,0.2865148914499703,0.07729029007357173,0.09897698511320538,0.7458249981724655,-0.2075504608444929,0.2092603038631112,483,catboost,0.2726410042561843,True,utility_gap,
credit-approval,catboost,gbdt,categorical_covariate_shift,0.3,370067149,test_only,True,low,True,ok,,0.7729468599033816,0.8549149338374292,0.5139294422013512,0.7414434576307205,0.08924496032571178,0.3226508605510092,0.10371311860478127,0.10999293084609946,0.7329507833944718,-0.28776458981080594,0.17488022647424895,483,catboost,0.2726410042561843,True,utility_gap,
credit-approval,catboost,gbdt,categorical_covariate_shift,0.4,1568213478,test_only,True,low,True,ok,,0.7632850241545893,0.839413988657845,0.5401964299952814,0.7793387106601146,0.09581251083738128,0.34177779676624476,0.10894322254097638,0.11515666783916512,0.6748939284661646,-0.18547483357808203,0.15532353428792348,483,catboost,0.2726410042561843,True,utility_gap;nll,
credit-approval,hist_gbdt,gbdt,categorical_covariate_shift,0.0,4191613765,test_only,True,low,True,ok,,0.8454106280193237,0.9205576559546313,0.4637419082345456,0.6690381512623637,0.0854360452796265,0.2392110836483792,0.09255140628491494,0.09997019594179549,0.5002844702867634,-0.09634293447170561,0.23120811935238508,483,catboost,0.2726410042561843,True,utility_gap,
credit-approval,hist_gbdt,gbdt,categorical_covariate_shift,0.05,4187467237,test_only,True,low,True,ok,,0.8454106280193237,0.9073251417769377,0.5204345172934015,0.7508282972066318,0.10520840889220773,0.25575351461354556,0.09165905630851721,0.10605640702659043,0.40453098164887874,0.16695557320496973,0.19808522288439565,483,catboost,0.2726410042561843,True,utility_gap;ece;nll,
credit-approval,hist_gbdt,gbdt,categorical_covariate_shift,0.1,3154470258,test_only,True,low,True,ok,,0.7922705314009661,0.8842155009451796,0.5709253149896139,0.8236711206534852,0.12356427220991284,0.30832850313545307,0.12550701901826894,0.12920758972220747,0.5152774130429844,-0.3976879751706866,0.15650181440292965,483,catboost,0.2726410042561843,True,utility_gap;ece;nll,
credit-approval,hist_gbdt,gbdt,categorical_covariate_shift,0.2,2082248130,test_only,True,low,True,ok,,0.7874396135265701,0.8672022684310019,0.6503172653535438,0.9382094937300298,0.1496592957983756,0.33084923223912266,0.14193720583805636,0.16310257745125872,0.4639516080764357,-0.35513090030427674,0.11024202870115206,483,catboost,0.2726410042561843,True,utility_gap;ece;nll,
credit-approval,hist_gbdt,gbdt,categorical_covariate_shift,0.3,370067149,test_only,True,low,True,ok,,0.7777777777777778,0.8500945179584121,0.7047023259087346,1.0166705508914495,0.15773535370437997,0.3612290940723952,0.15174164318586206,0.15773535370438002,0.37155782071729265,-0.046340393616333526,0.07765151194380003,483,catboost,0.2726410042561843,True,utility_gap;ece;nll,
credit-approval,hist_gbdt,gbdt,categorical_covariate_shift,0.4,1568213478,test_only,True,low,True,ok,,0.7681159420289855,0.8353497164461249,0.713210937214923,1.0289458822277393,0.15308538884245526,0.3620921605790736,0.15378851859619797,0.15837195741652274,0.3813128709619017,-0.0948847591394656,0.0682889496236787,483,catboost,0.2726410042561843,True,utility_gap;ece;nll,
credit-approval,logreg,linear,categorical_covariate_shift,0.0,4191613765,test_only,True,low,True,ok,,0.8357487922705314,0.9141776937618148,0.3725281444938536,0.5374445066528498,0.061759731971057996,0.21709442884904287,0.06343949395598718,0.08065785917096582,0.8614890050650981,-0.0903612854944858,0.2717392132671483,483,catboost,0.2726410042561843,False,,
credit-approval,logreg,linear,categorical_covariate_shift,0.05,4187467237,test_only,True,low,True,ok,,0.8502415458937198,0.907561436672968,0.3783452404181349,0.5458368020951858,0.05454890861947287,0.22055643461127267,0.06568819068429083,0.0867850497128227,0.7064566251237303,0.2716048351690434,0.2705219123671464,483,catboost,0.2726410042561843,False,,
credit-approval,logreg,linear,categorical_covariate_shift,0.1,3154470258,test_only,True,low,True,ok,,0.7777777777777778,0.8796786389413989,0.446246872425322,0.643798149860222,0.06900968832849241,0.2807035239788498,0.0924584606553144,0.072587572968031,0.9250630965542602,-0.46243329062238264,0.2176128076723912,483,catboost,0.2726410042561843,True,utility_gap,
credit-approval,logreg,linear,categorical_covariate_shift,0.2,2082248130,test_only,True,low,True,ok,,0.782608695652174,0.8518903591682421,0.5137125526518087,0.7411305521531749,0.10538299551406019,0.2994768788679684,0.1104402463383551,0.13256251001001484,0.5686808121476453,0.09660501683910956,0.1721371653079463,483,catboost,0.2726410042561843,True,utility_gap;ece,
credit-approval,logreg,linear,categorical_covariate_shift,0.3,370067149,test_only,True,low,True,ok,,0.748792270531401,0.8241965973534972,0.581493953524061,0.8389184430560802,0.10104573283824844,0.35517552348020853,0.1328820369420433,0.11893024280378607,0.49406411792927557,0.07476536198439757,0.12890297016896038,483,catboost,0.2726410042561843,True,utility_gap;ece;nll,
credit-approval,logreg,linear,categorical_covariate_shift,0.4,1568213478,test_only,True,low,True,ok,,0.7004830917874396,0.8049149338374292,0.6897274950106196,0.9950664366165881,0.1535369408208268,0.4249291446151108,0.15353694082082686,0.19137613142930449,0.48748820165256496,-0.2549950733446156,0.05756537146207434,483,catboost,0.2726410042561843,True,utility_gap;ece;nll,
credit-approval,tabicl,icl,categorical_covariate_shift,0.0,4191613765,test_only,True,low,True,ok,,0.8502415458937198,0.9159735349716446,0.36362540754451284,0.5246005722056969,0.05064424571782873,0.2114137706378496,0.06452287122519654,0.08077106775910867,0.7619566110062456,0.0044570663003292545,0.2806179483188587,483,catboost,0.2726410042561843,False,,
credit-approval,tabicl,icl,categorical_covariate_shift,0.05,4187467237,test_only,True,low,True,ok,,0.8502415458937198,0.916351606805293,0.37240392037818154,0.5372652891372109,0.049073380709783086,0.22080511513531306,0.05950691398899856,0.09868466987455365,0.6935419728068621,0.2960803468095034,0.27726503138279057,483,catboost,0.2726410042561843,False,,
credit-approval,tabicl,icl,categorical_covariate_shift,0.1,3154470258,test_only,True,low,True,ok,,0.7922705314009661,0.8694706994328922,0.4589057395450981,0.6620610346771953,0.08651353368537562,0.29086355907264466,0.08942640269020304,0.09143782017366658,0.6817212207593166,0.12813789926192828,0.20723430737142343,483,catboost,0.2726410042561843,True,utility_gap,
credit-approval,tabicl,icl,categorical_covariate_shift,0.2,2082248130,test_only,True,low,True,ok,,0.7971014492753623,0.8520793950850661,0.5030016173819072,0.7256779389560053,0.07113553522480714,0.3148431502987035,0.08366928507880259,0.1355749616358868,0.4636838859839187,0.6525699316794458,0.18586251693931444,483,catboost,0.2726410042561843,True,utility_gap,
credit-approval,tabicl,icl,categorical_covariate_shift,0.3,370067149,test_only,True,low,True,ok,,0.7439613526570048,0.7996219281663516,0.5785866150894274,0.8347240403142485,0.05643369017093689,0.3698652650949091,0.06629782541959914,0.13067179285573421,0.41035208245085336,0.5309788898313738,0.12975792762831184,483,catboost,0.2726410042561843,True,utility_gap;nll,
credit-approval,tabicl,icl,categorical_covariate_shift,0.4,1568213478,test_only,True,low,True,ok,,0.7101449275362319,0.8026465028355387,0.5725454537422207,0.8260084867974231,0.07759788075608867,0.37884705181302625,0.10722374788795738,0.17243814703182894,0.6543869024687359,0.18878547842095136,0.12412589293242865,483,catboost,0.2726410042561843,True,utility_gap;nll,
credit-approval,tabpfn,icl,categorical_covariate_shift,0.0,4191613765,test_only,True,low,True,ok,,0.8647342995169082,0.9187145557655955,0.36476195969229525,0.5262402703530143,0.06503842166523385,0.20855841118088134,0.08483318505902043,0.07638395380848212,0.6173339052276282,0.39118690476203544,0.28038047400654353,483,catboost,0.2726410042561843,False,,
credit-approval,tabpfn,icl,categorical_covariate_shift,0.05,4187467237,test_only,True,low,True,ok,,0.8599033816425121,0.9121928166351607,0.3839433109832533,0.5539131107380286,0.07336568305452809,0.2226002155578338,0.06143444677263412,0.0735985749556129,0.5560169982077353,0.5902010993747056,0.2674059232363688,483,catboost,0.2726410042561843,False,,
credit-approval,tabpfn,icl,categorical_covariate_shift,0.1,3154470258,test_only,True,low,True,ok,,0.8067632850241546,0.8766540642722118,0.45066212696969016,0.6501680156956444,0.07181070795608352,0.27914354706896,0.09762909428367299,0.07719587395233354,0.6239004537102762,0.26852706480747335,0.21843086894898728,483,catboost,0.2726410042561843,True,utility_gap,
credit-approval,tabpfn,icl,categorical_covariate_shift,0.2,2082248130,test_only,True,low,True,ok,,0.782608695652174,0.8515122873345936,0.5031990453545708,0.7259627673130999,0.08671178255472604,0.30470505253979413,0.1144965640884719,0.13726208647757873,0.5648693396305686,0.38015175568234216,0.18028941821005864,483,catboost,0.2726410042561843,True,utility_gap,
credit-approval,tabpfn,icl,categorical_covariate_shift,0.3,370067149,test_only,True,low,True,ok,,0.7342995169082126,0.7980151228733459,0.568888467315609,0.8207325706151524,0.09781714984327233,0.3631886990618874,0.10800878447608481,0.12171636638219446,0.5441485548261816,0.29536418629122435,0.12366701938870277,483,catboost,0.2726410042561843,True,utility_gap;nll,
credit-approval,tabpfn,icl,categorical_covariate_shift,0.4,1568213478,test_only,True,low,True,ok,,0.7053140096618358,0.7868620037807184,0.5729577813971337,0.8266033498603876,0.09251139015646966,0.374337326487988,0.1059855915034192,0.1478348223480916,0.6899438275035102,0.09164348327297969,0.11471551978311655,483,catboost,0.2726410042561843,True,utility_gap;nll,
credit-approval,xgboost,gbdt,categorical_covariate_shift,0.0,4191613765,test_only,True,low,True,ok,,0.8599033816425121,0.9110586011342154,0.5583980714766243,0.8055981285612869,0.11152820211220187,0.24023918904219185,0.09487577712589021,0.1225879894983331,0.3325168158309461,0.2809110267125959,0.18387093865252577,483,catboost,0.2726410042561843,True,utility_gap;ece;nll,
credit-approval,xgboost,gbdt,categorical_covariate_shift,0.05,4187467237,test_only,True,low,True,ok,,0.8502415458937198,0.896219281663516,0.6306659610847912,0.9098586545145003,0.12393978090899348,0.2593417148681448,0.10899865946357315,0.12735055678930035,0.29648639477214567,0.32275660609116086,0.14346742793013978,483,catboost,0.2726410042561843,True,utility_gap;ece;nll,
credit-approval,xgboost,gbdt,categorical_covariate_shift,0.1,3154470258,test_only,True,low,True,ok,,0.8019323671497585,0.8832703213610585,0.6727851220812265,0.9706237592104614,0.1435715739042449,0.3201067096335612,0.14622759734960433,0.1506255078232607,0.40174928174987024,-0.2947154486002029,0.10953302500484682,483,catboost,0.2726410042561843,True,utility_gap;ece;nll,
credit-approval,xgboost,gbdt,categorical_covariate_shift,0.2,2082248130,test_only,True,low,True,ok,,0.8019323671497585,0.8651228733459358,0.7654299562014772,1.1042820019597277,0.14461229857969315,0.33220303422892944,0.14369857681085552,0.1509380810295611,0.31393932530110064,-0.00034459689846183604,0.06287580043968435,483,catboost,0.2726410042561843,True,utility_gap;ece;nll,
credit-approval,xgboost,gbdt,categorical_covariate_shift,0.3,370067149,test_only,True,low,True,ok,,0.7922705314009661,0.8463137996219282,0.8115809290969457,1.170863781688221,0.15592721227112566,0.3553086852498568,0.14378330953424454,0.16396620351517327,0.25780426700340325,0.23217166187312732,0.03260583261712838,483,catboost,0.2726410042561843,True,utility_gap;ece;nll,
credit-approval,xgboost,gbdt,categorical_covariate_shift,0.4,1568213478,test_only,True,low,True,ok,,0.7922705314009661,0.8514177693761814,0.7746338333496009,1.1175603898782769,0.1694840857210888,0.3593383190405784,0.16110623125143023,0.17297460628131178,0.29260609257599257,0.11380647893815912,0.047671864884107525,483,catboost,0.2726410042561843,True,utility_gap;ece;nll,
tic-tac-toe,catboost,gbdt,categorical_covariate_shift,0.0,4278581270,test_only,True,low,True,ok,,0.9930555555555556,0.9999468085106382,0.07317638054087292,0.105571201316521,0.061114305733485356,0.02284188555832187,0.05739656313031658,0.06318161369182101,10.700791646363452,-5.111296390961517,0.4550454947704033,670,xgboost,0.4750618147425544,False,,
tic-tac-toe,catboost,gbdt,categorical_covariate_shift,0.05,3395723596,test_only,True,low,True,ok,,0.96875,0.9844148936170213,0.14884326129767572,0.21473543494389694,0.04738370798112347,0.07315136689610913,0.05149659661627779,0.0515115116208098,0.7531304590400646,1.5295211375570252,0.4159603406865637,670,xgboost,0.4750618147425544,True,utility_gap,
tic-tac-toe,catboost,gbdt,categorical_covariate_shift,0.1,3033481053,test_only,True,low,True,ok,,0.9236111111111112,0.9705851063829787,0.20593372795315273,0.2970995680697904,0.03870463136655526,0.1148912924649162,0.05649196536854076,0.046588140441167686,1.136442205939318,0.050649080346767864,0.381375657206461,670,xgboost,0.4750618147425544,True,utility_gap,
tic-tac-toe,catboost,gbdt,categorical_covariate_shift,0.2,3408853577,test_only,True,medium,True,ok,,0.8055555555555556,0.8787765957446808,0.43584422017821084,0.6287902950512223,0.07820923708394115,0.26809096380014896,0.08991121211247786,0.08315669926992839,0.8718325891461136,-0.5188775987714632,0.2241262059118167,670,xgboost,0.4750618147425544,True,utility_gap,
tic-tac-toe,catboost,gbdt,categorical_covariate_shift,0.3,1588227633,test_only,True,medium,True,ok,,0.7604166666666666,0.7853723404255318,0.6304162614418172,0.9094984140778699,0.12734529491098606,0.38270221412057204,0.12939885462095507,0.14170945809157365,0.39734488634182796,0.20307651806751303,0.09062423594337797,670,xgboost,0.4750618147425544,True,utility_gap;ece;nll,
tic-tac-toe,catboost,gbdt,categorical_covariate_shift,0.4,3474445338,test_only,True,medium,True,ok,,0.7534722222222222,0.7678457446808511,0.6606585256327959,0.9531287786514488,0.12918564272180993,0.384940133922532,0.11720505141395261,0.13430518397756902,0.3152636029420796,0.37444631207076584,0.06999108183183456,670,xgboost,0.4750618147425544,True,utility_gap;ece;nll,
tic-tac-toe,hist_gbdt,gbdt,categorical_covariate_shift,0.0,4278581270,test_only,True,low,True,ok,,0.9861111111111112,0.9991489361702128,0.05807803530245091,0.08378889351542008,0.04143609189871071,0.026193230394684724,0.029069865361674142,0.04422047414860614,2.004096174247457,0.14566351837139163,0.46419490789187295,670,xgboost,0.4750618147425544,False,,
tic-tac-toe,hist_gbdt,gbdt,categorical_covariate_shift,0.05,3395723596,test_only,True,low,True,ok,,0.9513888888888888,0.9685638297872341,0.18453167293655717,0.2662229294325152,0.025823326243777013,0.08624819826106273,0.034568669032425496,0.03602407794543016,0.5443168785271363,1.0578462484311193,0.39667412968035526,670,xgboost,0.4750618147425544,True,utility_gap,
tic-tac-toe,hist_gbdt,gbdt,categorical_covariate_shift,0.1,3033481053,test_only,True,low,True,ok,,0.90625,0.9380319148936169,0.32079629611726523,0.462811225543926,0.05490313721702438,0.15728833312441362,0.045545087488587016,0.06547833823470797,0.48345370929270576,0.5113538304584063,0.3144246751061832,670,xgboost,0.4750618147425544,True,utility_gap,
tic-tac-toe,hist_gbdt,gbdt,categorical_covariate_shift,0.2,3408853577,test_only,True,medium,True,ok,,0.8090277777777778,0.8351063829787235,0.6766733340353905,0.976233263314659,0.14103855015238598,0.32126135668701344,0.12977642949787416,0.1439070016026036,0.31988861716628586,0.22879281225098433,0.09256371168434493,670,xgboost,0.4750618147425544,True,utility_gap;ece;nll,
tic-tac-toe,hist_gbdt,gbdt,categorical_covariate_shift,0.3,1588227633,test_only,True,medium,True,ok,,0.7361111111111112,0.7332446808510639,1.057827645088688,1.5261226976847009,0.21380849478137354,0.46953751423052004,0.20791001641897872,0.21380849478137348,0.1941148062186953,0.21371626655254294,-0.13354620329714598,670,xgboost,0.4750618147425544,True,utility_gap;ece;nll,
tic-tac-toe,hist_gbdt,gbdt,categorical_covariate_shift,0.4,3474445338,test_only,True,medium,True,ok,,0.75,0.7608776595744681,0.9883545705188079,1.4258942375274255,0.20598736363548378,0.4476006280542308,0.19590817946347172,0.20637635690343087,0.21531728667665648,0.2039057027481961,-0.0901585631342606,670,xgboost,0.4750618147425544,True,utility_gap;ece;nll,
tic-tac-toe,logreg,linear,categorical_covariate_shift,0.0,4278581270,test_only,True,low,True,ok,,0.9756944444444444,0.9945212765957447,0.21165756077761946,0.30535731330052596,0.14803441564477574,0.0937461641894584,0.14722107537192716,0.15477332927552778,2.7531471296462358,0.6592307554529782,0.3732225363560644,670,xgboost,0.4750618147425544,True,utility_gap;ece,
tic-tac-toe,logreg,linear,categorical_covariate_shift,0.05,3395723596,test_only,True,low,True,ok,,0.8611111111111112,0.8540425531914894,0.5299229785871201,0.7645172532607466,0.12863133215442418,0.2568592979248829,0.12785139332563522,0.1308352496538817,-0.17146739056780394,2.2139973526149754,0.17300011787457914,670,xgboost,0.4750618147425544,True,utility_gap;ece;nll,
tic-tac-toe,logreg,linear,categorical_covariate_shift,0.1,3033481053,test_only,True,low,True,ok,,0.8020833333333334,0.8337765957446809,0.5856478000422387,0.8449111768284691,0.10105502133214644,0.32404391828195556,0.09616064313349143,0.10294666470046825,0.2200871544768683,0.8474026520930347,0.13844995119566827,670,xgboost,0.4750618147425544,True,utility_gap;ece;nll,
tic-tac-toe,logreg,linear,categorical_covariate_shift,0.2,3408853577,test_only,True,medium,True,ok,,0.6423611111111112,0.6633510638297873,1.1418456951653282,1.64733512187543,0.232637208250474,0.565451517256453,0.23038485167704098,0.25476842574448444,0.1265217895509962,0.1886348784722275,-0.2122009392056316,670,xgboost,0.4750618147425544,True,utility_gap;ece;nll,
tic-tac-toe,logreg,linear,categorical_covariate_shift,0.3,1588227633,test_only,True,medium,True,ok,,0.6180555555555556,0.6547872340425531,1.4211289349917327,2.050255666976387,0.2652720364065382,0.6156380334729162,0.26527203640653835,0.27103362546992416,0.10089269763381632,0.10199749964815563,-0.3462472421259968,670,xgboost,0.4750618147425544,True,utility_gap;ece;nll,
tic-tac-toe,logreg,linear,categorical_covariate_shift,0.4,3474445338,test_only,True,medium,True,ok,,0.6423611111111112,0.6834840425531914,1.3968771872080714,2.015267790716009,0.27512758790770875,0.5900012779814708,0.27512758790770875,0.27898311693976163,0.07097713259100254,0.31047206363670793,-0.32403227323606076,670,xgboost,0.4750618147425544,True,utility_gap;ece;nll,
tic-tac-toe,tabicl,icl,categorical_covariate_shift,0.0,4278581270,test_only,True,low,True,ok,,0.9895833333333334,0.998936170212766,0.03087832355199155,0.04454800425942309,0.011252829518073413,0.019632440086472438,0.002074741948789498,0.011252829518073175,0.9405398291655868,0.3449417353229654,0.4824501923930265,670,xgboost,0.4750618147425544,False,,
tic-tac-toe,tabicl,icl,categorical_covariate_shift,0.05,3395723596,test_only,True,low,True,ok,,0.8611111111111112,0.943404255319149,0.7093636686474772,1.0233954469445172,0.1262225148522861,0.26079226894721785,0.1157720881556065,0.12398093766368731,0.22939403319937812,0.48874225774461916,0.12709501897455644,670,xgboost,0.4750618147425544,True,utility_gap;ece;nll,
tic-tac-toe,tabicl,icl,categorical_covariate_shift,0.1,3033481053,test_only,True,low,True,ok,,0.7916666666666666,0.8273404255319149,1.2099581154701964,1.7456005728722082,0.21350239351183037,0.412076013268693,0.19901621385140278,0.2135023935118304,0.012810127540327077,1.2642167610523924,-0.1580615016278583,670,xgboost,0.4750618147425544,True,utility_gap;ece;nll,
tic-tac-toe,tabicl,icl,categorical_covariate_shift,0.2,3408853577,test_only,True,medium,True,ok,,0.59375,0.6307978723404255,2.073907527662244,2.99201610542061,0.3382078715180594,0.7311786739447599,0.33357533404976747,0.34212555543946144,0.0010929411878707166,0.37422337658268806,-0.6554046506106459,670,xgboost,0.4750618147425544,True,utility_gap;ece;nll,
tic-tac-toe,tabicl,icl,categorical_covariate_shift,0.3,1588227633,test_only,True,medium,True,ok,,0.6111111111111112,0.6482978723404256,1.8785883293335846,2.7102300666014454,0.33817501494888896,0.720536880678498,0.33626361303648467,0.3381750149488889,-0.03948300654411537,0.6225282569698366,-0.5621331009843957,670,xgboost,0.4750618147425544,True,utility_gap;ece;nll,
tic-tac-toe,tabicl,icl,categorical_covariate_shift,0.4,3474445338,test_only,True,medium,True,ok,,0.6215277777777778,0.6511436170212765,1.8626039715231382,2.6871695128565194,0.33729206887095653,0.702661228545797,0.3266373604058253,0.33817010107745604,-0.03681169870628194,0.6587120701021254,-0.5524798350070337,670,xgboost,0.4750618147425544,True,utility_gap;ece;nll,
tic-tac-toe,tabpfn,icl,categorical_covariate_shift,0.0,4278581270,test_only,True,low,True,ok,,0.9930555555555556,0.9997872340425532,0.019006576762965646,0.027420694040205945,0.00917829875319652,0.010347288528460306,0.004659011965627005,0.00917829875319656,1.6149902779685537,-0.1385804399179865,0.48882199728552583,670,xgboost,0.4750618147425544,False,,
tic-tac-toe,tabpfn,icl,categorical_covariate_shift,0.05,3395723596,test_only,True,low,True,ok,,0.8645833333333334,0.9557978723404255,0.7307653380985055,1.0542715293282607,0.11604191524023198,0.24138871349827035,0.1066327745172108,0.1194823516299431,0.22836059791603616,0.4104888334365312,0.12472691347262432,670,xgboost,0.4750618147425544,True,utility_gap;ece;nll,
tic-tac-toe,tabpfn,icl,categorical_covariate_shift,0.1,3033481053,test_only,True,low,True,ok,,0.8055555555555556,0.857872340425532,1.1744694862190603,1.6944013034436471,0.19305934165802752,0.3825246670973337,0.18216920220624777,0.19305934165802743,0.020413470784772098,1.3026208564197757,-0.12584360688243013,670,xgboost,0.4750618147425544,True,utility_gap;ece;nll,
tic-tac-toe,tabpfn,icl,categorical_covariate_shift,0.2,3408853577,test_only,True,medium,True,ok,,0.6145833333333334,0.6629255319148937,2.1167753379685923,3.053861282763348,0.32484351684122503,0.7088915117844778,0.3219766182479781,0.32623167962394917,0.0012614025254481106,0.46032327566591524,-0.6569156520270365,670,xgboost,0.4750618147425544,True,utility_gap;ece;nll,
tic-tac-toe,tabpfn,icl,categorical_covariate_shift,0.3,1588227633,test_only,True,medium,True,ok,,0.6041666666666666,0.6590957446808511,1.9723422531737609,2.8454883875895494,0.34920258571603036,0.7148928271661809,0.3263507344578915,0.3530044915765338,-0.018492182167383464,0.5079924561838547,-0.602178522781773,670,xgboost,0.4750618147425544,True,utility_gap;ece;nll,
tic-tac-toe,tabpfn,icl,categorical_covariate_shift,0.4,3474445338,test_only,True,medium,True,ok,,0.6215277777777778,0.6716223404255319,1.8831105413978788,2.716754239520451,0.321704459565191,0.6908282099427149,0.3235350989610983,0.3223232341431836,-0.03634034967086779,0.6625064712159011,-0.5510701779535706,670,xgboost,0.4750618147425544,True,utility_gap;ece;nll,
tic-tac-toe,xgboost,gbdt,categorical_covariate_shift,0.0,4278581270,test_only,True,low,True,ok,,0.9861111111111112,0.9997340425531915,0.04091066040100785,0.05902160688002652,0.0252764237686071,0.01794301261557611,0.018484581589355724,0.028440221643767125,4.4233363000360235,-1.2712362461935645,0.4750618147425544,670,xgboost,0.4750618147425544,False,,
tic-tac-toe,xgboost,gbdt,categorical_covariate_shift,0.05,3395723596,test_only,True,low,True,ok,,0.9479166666666666,0.9652659574468084,0.20514309427977162,0.2959589247900436,0.02868478157579225,0.08983460314540065,0.03494594030852942,0.037030618556267755,0.480088954124998,0.9588872988536388,0.3855059513542114,670,xgboost,0.4750618147425544,True,utility_gap,
tic-tac-toe,xgboost,gbdt,categorical_covariate_shift,0.1,3033481053,test_only,True,low,True,ok,,0.9027777777777778,0.9435106382978723,0.3400834567496268,0.4906367165410629,0.061954042759771275,0.15824748872347674,0.06274647406678227,0.06789451691564778,0.5139244857433839,0.12159220728671585,0.30606356655664885,670,xgboost,0.4750618147425544,True,utility_gap,
tic-tac-toe,xgboost,gbdt,categorical_covariate_shift,0.2,3408853577,test_only,True,medium,True,ok,,0.8055555555555556,0.8347872340425532,0.7692986822189559,1.1098633937997022,0.14592028762720038,0.33593187686675674,0.14206004779374387,0.152740649881494,0.262223820274319,0.2846951341308586,0.05086578958287623,670,xgboost,0.4750618147425544,True,utility_gap;ece;nll,
tic-tac-toe,xgboost,gbdt,categorical_covariate_shift,0.3,1588227633,test_only,True,medium,True,ok,,0.7291666666666666,0.7457978723404255,1.2120517404766105,1.7486210352864429,0.22619566643446412,0.48411662611809336,0.22016347066438585,0.22596134494856804,0.18099043994170544,0.11343021257886653,-0.1994211885536768,670,xgboost,0.4750618147425544,True,utility_gap;ece;nll,
tic-tac-toe,xgboost,gbdt,categorical_covariate_shift,0.4,3474445338,test_only,True,medium,True,ok,,0.7291666666666666,0.752686170212766,1.1981297442770817,1.7285358404101079,0.2265063102467567,0.47827405291522435,0.21984036367529836,0.24012675595429292,0.17814329682200358,0.14007163455047586,-0.19104685459791557,670,xgboost,0.4750618147425544,True,utility_gap;ece;nll,
