tau_utility,tau_ece,tau_nll,lambda0_fail_max,lambda0_fail_mean,n_common,aure_catboost,aure_hist_gbdt,aure_logreg,aure_tabicl,aure_tabpfn_client,aure_xgboost,margin,margin_common
0.0,0.05,0.3,0.9166666666666666,0.6574074074074074,0,0.0006944444444444445,0.05,0.001388888888888889,0.018750000000000003,0.013888888888888888,0.03888888888888889,-0.036111111111111115,
0.0,0.05,0.5,0.9166666666666666,0.6342592592592592,0,0.0006944444444444445,0.05,0.001388888888888889,0.018750000000000003,0.013888888888888888,0.03888888888888889,-0.036111111111111115,
0.0,0.05,0.75,0.9166666666666666,0.611111111111111,0,0.0006944444444444445,0.05,0.001388888888888889,0.019444444444444445,0.018750000000000003,0.03888888888888889,-0.03125,
0.0,0.05,1.0,0.9166666666666666,0.611111111111111,0,0.0006944444444444445,0.05,0.001388888888888889,0.019444444444444445,0.020138888888888887,0.03888888888888889,-0.030555555555555558,
0.0,0.05,1.25,0.9166666666666666,0.611111111111111,0,0.0006944444444444445,0.05,0.001388888888888889,0.019444444444444445,0.020138888888888887,0.03888888888888889,-0.030555555555555558,
0.0,0.05,1.5,0.9166666666666666,0.611111111111111,0,0.0006944444444444445,0.05,0.001388888888888889,0.019444444444444445,0.020138888888888887,0.03888888888888889,-0.030555555555555558,
0.0,0.075,0.3,0.9166666666666666,0.648148148148148,0,0.001388888888888889,0.05,0.001388888888888889,0.02291666666666667,0.015972222222222224,0.03888888888888889,-0.03402777777777778,
0.0,0.075,0.5,0.8611111111111112,0.6018518518518517,0,0.001388888888888889,0.05,0.001388888888888889,0.025,0.016666666666666666,0.03888888888888889,-0.03333333333333334,
0.0,0.075,0.75,0.8611111111111112,0.550925925925926,0,0.005555555555555556,0.05,0.001388888888888889,0.03333333333333333,0.02291666666666667,0.03888888888888889,-0.027083333333333334,
0.0,0.075,1.0,0.8611111111111112,0.550925925925926,0,0.005555555555555556,0.05,0.001388888888888889,0.03333333333333333,0.024305555555555556,0.03888888888888889,-0.025694444444444447,
0.0,0.075,1.25,0.8611111111111112,0.550925925925926,0,0.005555555555555556,0.05,0.001388888888888889,0.03333333333333333,0.024305555555555556,0.03888888888888889,-0.025694444444444447,
0.0,0.075,1.5,0.8611111111111112,0.550925925925926,0,0.005555555555555556,0.05,0.001388888888888889,0.03333333333333333,0.024305555555555556,0.03888888888888889,-0.025694444444444447,
0.0,0.1,0.3,0.9166666666666666,0.648148148148148,0,0.001388888888888889,0.05,0.001388888888888889,0.025,0.018055555555555557,0.03888888888888889,-0.03194444444444444,
0.0,0.1,0.5,0.8055555555555556,0.5787037037037037,0,0.001388888888888889,0.05,0.0041666666666666675,0.028472222222222225,0.020833333333333332,0.03888888888888889,-0.02916666666666667,
0.0,0.1,0.75,0.8055555555555556,0.5277777777777777,0,0.00625,0.05,0.0041666666666666675,0.03680555555555556,0.027083333333333334,0.03888888888888889,-0.02291666666666667,
0.0,0.1,1.0,0.8055555555555556,0.5277777777777777,0,0.00625,0.05,0.0041666666666666675,0.03680555555555556,0.028472222222222225,0.03888888888888889,-0.021527777777777778,
0.0,0.1,1.25,0.8055555555555556,0.5277777777777777,0,0.00625,0.05,0.0041666666666666675,0.03680555555555556,0.028472222222222225,0.03888888888888889,-0.021527777777777778,
0.0,0.1,1.5,0.8055555555555556,0.5277777777777777,0,0.00625,0.05,0.0041666666666666675,0.03680555555555556,0.028472222222222225,0.03888888888888889,-0.021527777777777778,
0.0,0.125,0.3,0.9166666666666666,0.648148148148148,0,0.001388888888888889,0.05,0.001388888888888889,0.025,0.019444444444444445,0.03888888888888889,-0.030555555555555558,
0.0,0.125,0.5,0.8055555555555556,0.5694444444444445,0,0.0020833333333333337,0.05,0.004861111111111111,0.03125,0.025,0.03888888888888889,-0.025,
0.0,0.125,0.75,0.8055555555555556,0.5138888888888888,0,0.0076388888888888895,0.05,0.004861111111111111,0.03958333333333333,0.03125,0.03888888888888889,-0.018750000000000003,
0.0,0.125,1.0,0.8055555555555556,0.5138888888888888,0,0.0076388888888888895,0.05,0.004861111111111111,0.03958333333333333,0.03263888888888889,0.03888888888888889,-0.017361111111111112,
0.0,0.125,1.25,0.8055555555555556,0.5138888888888888,0,0.0076388888888888895,0.05,0.004861111111111111,0.03958333333333333,0.03263888888888889,0.03888888888888889,-0.017361111111111112,
0.0,0.125,1.5,0.8055555555555556,0.5138888888888888,0,0.0076388888888888895,0.05,0.004861111111111111,0.03958333333333333,0.03263888888888889,0.03888888888888889,-0.017361111111111112,
0.0,0.15,0.3,0.9166666666666666,0.648148148148148,0,0.001388888888888889,0.05,0.001388888888888889,0.025,0.019444444444444445,0.03888888888888889,-0.030555555555555558,
0.0,0.15,0.5,0.8055555555555556,0.5648148148148149,0,0.003472222222222222,0.05,0.004861111111111111,0.03263888888888889,0.025,0.03888888888888889,-0.025,
0.0,0.15,0.75,0.8055555555555556,0.5092592592592592,0,0.009027777777777779,0.05,0.004861111111111111,0.04097222222222222,0.03125,0.03888888888888889,-0.018750000000000003,
0.0,0.15,1.0,0.8055555555555556,0.5092592592592592,0,0.009027777777777779,0.05,0.004861111111111111,0.04097222222222222,0.03263888888888889,0.03888888888888889,-0.017361111111111112,
0.0,0.15,1.25,0.8055555555555556,0.5092592592592592,0,0.009027777777777779,0.05,0.004861111111111111,0.04097222222222222,0.03263888888888889,0.03888888888888889,-0.017361111111111112,
0.0,0.15,1.5,0.8055555555555556,0.5092592592592592,0,0.009027777777777779,0.05,0.004861111111111111,0.04097222222222222,0.03263888888888889,0.03888888888888889,-0.017361111111111112,
0.0,0.2,0.3,0.9166666666666666,0.648148148148148,0,0.001388888888888889,0.05,0.001388888888888889,0.025,0.019444444444444445,0.03888888888888889,-0.030555555555555558,
0.0,0.2,0.5,0.8055555555555556,0.5648148148148149,0,0.003472222222222222,0.05,0.005555555555555556,0.03402777777777778,0.027777777777777776,0.03888888888888889,-0.022222222222222227,
0.0,0.2,0.75,0.8055555555555556,0.5092592592592592,0,0.009027777777777779,0.05,0.005555555555555556,0.04236111111111111,0.03402777777777778,0.03888888888888889,-0.01597222222222222,
0.0,0.2,1.0,0.8055555555555556,0.5092592592592592,0,0.009027777777777779,0.05,0.005555555555555556,0.04236111111111111,0.03541666666666667,0.03888888888888889,-0.01458333333333333,
0.0,0.2,1.25,0.8055555555555556,0.5092592592592592,0,0.009027777777777779,0.05,0.005555555555555556,0.04236111111111111,0.03541666666666667,0.03888888888888889,-0.01458333333333333,
0.0,0.2,1.5,0.8055555555555556,0.5092592592592592,0,0.009027777777777779,0.05,0.005555555555555556,0.04236111111111111,0.03541666666666667,0.03888888888888889,-0.01458333333333333,
0.0,0.25,0.3,0.9166666666666666,0.648148148148148,0,0.001388888888888889,0.05,0.001388888888888889,0.025,0.019444444444444445,0.03888888888888889,-0.030555555555555558,
0.0,0.25,0.5,0.8055555555555556,0.5648148148148149,0,0.003472222222222222,0.05,0.005555555555555556,0.03402777777777778,0.027777777777777776,0.03888888888888889,-0.022222222222222227,
0.0,0.25,0.75,0.8055555555555556,0.5092592592592592,0,0.009027777777777779,0.05,0.005555555555555556,0.04236111111111111,0.03402777777777778,0.03888888888888889,-0.01597222222222222,
0.0,0.25,1.0,0.8055555555555556,0.5092592592592592,0,0.009027777777777779,0.05,0.005555555555555556,0.04236111111111111,0.03541666666666667,0.03888888888888889,-0.01458333333333333,
0.0,0.25,1.25,0.8055555555555556,0.5092592592592592,0,0.009027777777777779,0.05,0.005555555555555556,0.04236111111111111,0.03541666666666667,0.03888888888888889,-0.01458333333333333,
0.0,0.25,1.5,0.8055555555555556,0.5092592592592592,0,0.009027777777777779,0.05,0.005555555555555556,0.04236111111111111,0.03541666666666667,0.03888888888888889,-0.01458333333333333,
0.01,0.05,0.3,0.75,0.49074074074074076,12,0.060416666666666674,0.05555555555555555,0.005555555555555556,0.051388888888888894,0.04861111111111111,0.06875,-0.020138888888888894,-0.1
0.01,0.05,0.5,0.7222222222222222,0.4583333333333333,12,0.060416666666666674,0.05555555555555555,0.006944444444444444,0.051388888888888894,0.04861111111111111,0.06875,-0.020138888888888894,-0.1
0.01,0.05,0.75,0.6944444444444444,0.4305555555555555,12,0.061111111111111116,0.05555555555555555,0.008333333333333335,0.05416666666666667,0.05347222222222223,0.06875,-0.015277777777777779,-0.1
0.01,0.05,1.0,0.6944444444444444,0.4305555555555555,12,0.061111111111111116,0.05555555555555555,0.008333333333333335,0.05416666666666667,0.05486111111111111,0.06875,-0.014583333333333337,-0.1
0.01,0.05,1.25,0.6944444444444444,0.4305555555555555,12,0.061111111111111116,0.05555555555555555,0.008333333333333335,0.05416666666666667,0.05486111111111111,0.06875,-0.014583333333333337,-0.1
0.01,0.05,1.5,0.6944444444444444,0.4305555555555555,12,0.061111111111111116,0.05555555555555555,0.008333333333333335,0.05416666666666667,0.05486111111111111,0.06875,-0.014583333333333337,-0.1
0.01,0.075,0.3,0.75,0.48148148148148157,12,0.061111111111111116,0.05555555555555555,0.00625,0.05763888888888889,0.052777777777777785,0.06875,-0.01597222222222222,-0.09583333333333334
0.01,0.075,0.5,0.6666666666666666,0.4259259259259259,12,0.06180555555555556,0.05555555555555555,0.008333333333333335,0.060416666666666674,0.05416666666666667,0.06875,-0.014583333333333337,-0.09583333333333334
0.01,0.075,0.75,0.6111111111111112,0.36574074074074076,12,0.06805555555555556,0.05555555555555555,0.0125,0.07500000000000001,0.06319444444444444,0.06875,-0.005555555555555564,-0.09583333333333334
0.01,0.075,1.0,0.6111111111111112,0.36574074074074076,12,0.06944444444444445,0.05555555555555555,0.0125,0.0763888888888889,0.06458333333333334,0.06875,-0.004861111111111108,-0.09583333333333334
0.01,0.075,1.25,0.6111111111111112,0.36574074074074076,12,0.06944444444444445,0.05555555555555555,0.0125,0.0763888888888889,0.06458333333333334,0.06875,-0.004861111111111108,-0.09583333333333334
0.01,0.075,1.5,0.6111111111111112,0.36574074074074076,12,0.06944444444444445,0.05555555555555555,0.0125,0.0763888888888889,0.06458333333333334,0.06875,-0.004861111111111108,-0.09583333333333334
0.01,0.1,0.3,0.75,0.48148148148148157,12,0.061111111111111116,0.05555555555555555,0.00625,0.05972222222222222,0.05486111111111111,0.06875,-0.013888888888888895,-0.09583333333333334
0.01,0.1,0.5,0.6111111111111112,0.40277777777777785,12,0.06180555555555556,0.05555555555555555,0.011111111111111112,0.06458333333333334,0.058333333333333334,0.06875,-0.010416666666666671,-0.09583333333333334
0.01,0.1,0.75,0.6111111111111112,0.33796296296296297,12,0.06875,0.05555555555555555,0.015277777777777779,0.0798611111111111,0.06944444444444445,0.06875,0.000694444444444442,-0.09583333333333334
0.01,0.1,1.0,0.6111111111111112,0.33796296296296297,12,0.0701388888888889,0.05555555555555555,0.015277777777777779,0.08125,0.07083333333333335,0.06875,0.000694444444444442,-0.09583333333333334
0.01,0.1,1.25,0.6111111111111112,0.33796296296296297,12,0.0701388888888889,0.05555555555555555,0.015277777777777779,0.08125,0.07083333333333335,0.06875,0.000694444444444442,-0.09583333333333334
0.01,0.1,1.5,0.6111111111111112,0.33796296296296297,12,0.0701388888888889,0.05555555555555555,0.015277777777777779,0.08125,0.07083333333333335,0.06875,0.000694444444444442,-0.09583333333333334
0.01,0.125,0.3,0.75,0.48148148148148157,12,0.061111111111111116,0.05555555555555555,0.00625,0.05972222222222222,0.056249999999999994,0.06875,-0.012500000000000011,-0.09583333333333334
0.01,0.125,0.5,0.6111111111111112,0.3935185185185186,12,0.06319444444444444,0.05555555555555555,0.011805555555555557,0.06736111111111112,0.0625,0.06875,-0.0062500000000000056,-0.09583333333333334
0.01,0.125,0.75,0.6111111111111112,0.3240740740740741,12,0.07083333333333335,0.05555555555555555,0.015972222222222224,0.08402777777777778,0.07500000000000001,0.06875,0.004166666666666666,-0.09583333333333334
0.01,0.125,1.0,0.6111111111111112,0.3240740740740741,12,0.07222222222222223,0.05555555555555555,0.015972222222222224,0.08541666666666667,0.0763888888888889,0.06875,0.004166666666666666,-0.09583333333333334
0.01,0.125,1.25,0.6111111111111112,0.3240740740740741,12,0.07222222222222223,0.05555555555555555,0.015972222222222224,0.08541666666666667,0.0763888888888889,0.06875,0.004166666666666666,-0.09583333333333334
0.01,0.125,1.5,0.6111111111111112,0.3240740740740741,12,0.07222222222222223,0.05555555555555555,0.015972222222222224,0.08541666666666667,0.0763888888888889,0.06875,0.004166666666666666,-0.09583333333333334
0.01,0.15,0.3,0.75,0.48148148148148157,12,0.061111111111111116,0.05555555555555555,0.00625,0.05972222222222222,0.056249999999999994,0.06875,-0.012500000000000011,-0.09583333333333334
0.01,0.15,0.5,0.6111111111111112,0.38888888888888884,12,0.06458333333333334,0.05555555555555555,0.011805555555555557,0.0701388888888889,0.0625,0.06875,-0.0062500000000000056,-0.09583333333333334
0.01,0.15,0.75,0.6111111111111112,0.3194444444444445,12,0.07361111111111113,0.05555555555555555,0.015972222222222224,0.08819444444444445,0.07500000000000001,0.06875,0.001388888888888884,-0.09583333333333334
0.01,0.15,1.0,0.6111111111111112,0.3194444444444445,12,0.07500000000000001,0.05555555555555555,0.015972222222222224,0.08958333333333333,0.0763888888888889,0.06875,0.001388888888888884,-0.09583333333333334
0.01,0.15,1.25,0.6111111111111112,0.3194444444444445,12,0.07500000000000001,0.05555555555555555,0.015972222222222224,0.08958333333333333,0.0763888888888889,0.06875,0.001388888888888884,-0.09583333333333334
0.01,0.15,1.5,0.6111111111111112,0.3194444444444445,12,0.07500000000000001,0.05555555555555555,0.015972222222222224,0.08958333333333333,0.0763888888888889,0.06875,0.001388888888888884,-0.09583333333333334
0.01,0.2,0.3,0.75,0.48148148148148157,12,0.061111111111111116,0.05555555555555555,0.00625,0.05972222222222222,0.056249999999999994,0.06875,-0.012500000000000011,-0.09583333333333334
0.01,0.2,0.5,0.6111111111111112,0.38888888888888884,12,0.06458333333333334,0.05555555555555555,0.013888888888888888,0.07152777777777779,0.06527777777777778,0.06875,-0.0034722222222222238,-0.09583333333333334
0.01,0.2,0.75,0.6111111111111112,0.3194444444444445,12,0.07361111111111113,0.05555555555555555,0.018055555555555557,0.09097222222222223,0.07777777777777778,0.06875,0.004166666666666652,-0.09583333333333334
0.01,0.2,1.0,0.6111111111111112,0.3194444444444445,12,0.07500000000000001,0.05555555555555555,0.018055555555555557,0.09236111111111112,0.07916666666666666,0.06875,0.004166666666666652,-0.09583333333333334
0.01,0.2,1.25,0.6111111111111112,0.3194444444444445,12,0.07500000000000001,0.05555555555555555,0.018055555555555557,0.09236111111111112,0.07916666666666666,0.06875,0.004166666666666652,-0.09583333333333334
0.01,0.2,1.5,0.6111111111111112,0.3194444444444445,12,0.07500000000000001,0.05555555555555555,0.018055555555555557,0.09236111111111112,0.07916666666666666,0.06875,0.004166666666666652,-0.09583333333333334
0.01,0.25,0.3,0.75,0.48148148148148157,12,0.061111111111111116,0.05555555555555555,0.00625,0.05972222222222222,0.056249999999999994,0.06875,-0.012500000000000011,-0.09583333333333334
0.01,0.25,0.5,0.6111111111111112,0.38888888888888884,12,0.06458333333333334,0.05555555555555555,0.013888888888888888,0.07291666666666667,0.06666666666666667,0.06875,-0.00208333333333334,-0.09583333333333334
0.01,0.25,0.75,0.6111111111111112,0.3194444444444445,12,0.07361111111111113,0.05555555555555555,0.018055555555555557,0.09236111111111112,0.07916666666666666,0.06875,0.005555555555555536,-0.09583333333333334
0.01,0.25,1.0,0.6111111111111112,0.3194444444444445,12,0.07500000000000001,0.05555555555555555,0.018055555555555557,0.09375,0.08055555555555556,0.06875,0.00555555555555555,-0.09583333333333334
0.01,0.25,1.25,0.6111111111111112,0.3194444444444445,12,0.07500000000000001,0.05555555555555555,0.018055555555555557,0.09375,0.08055555555555556,0.06875,0.00555555555555555,-0.09583333333333334
0.01,0.25,1.5,0.6111111111111112,0.3194444444444445,12,0.07500000000000001,0.05555555555555555,0.018055555555555557,0.09375,0.08055555555555556,0.06875,0.00555555555555555,-0.09583333333333334
0.02,0.05,0.3,0.6944444444444444,0.449074074074074,14,0.07708333333333334,0.0701388888888889,0.014583333333333334,0.05763888888888889,0.05972222222222222,0.08333333333333333,-0.025694444444444436,-0.1392857142857143
0.02,0.05,0.5,0.6388888888888888,0.40277777777777785,14,0.07708333333333334,0.0701388888888889,0.018750000000000003,0.05763888888888889,0.05972222222222222,0.08333333333333333,-0.025694444444444436,-0.1392857142857143
0.02,0.05,0.75,0.6111111111111112,0.375,14,0.07777777777777778,0.0701388888888889,0.02013888888888889,0.060416666666666674,0.06458333333333334,0.08333333333333333,-0.022916666666666655,-0.1392857142857143
0.02,0.05,1.0,0.6111111111111112,0.375,14,0.07777777777777778,0.0701388888888889,0.02013888888888889,0.060416666666666674,0.06597222222222222,0.08333333333333333,-0.022916666666666655,-0.1392857142857143
0.02,0.05,1.25,0.6111111111111112,0.375,14,0.07777777777777778,0.0701388888888889,0.02013888888888889,0.060416666666666674,0.06597222222222222,0.08333333333333333,-0.022916666666666655,-0.1392857142857143
0.02,0.05,1.5,0.6111111111111112,0.375,14,0.07777777777777778,0.0701388888888889,0.02013888888888889,0.060416666666666674,0.06597222222222222,0.08333333333333333,-0.022916666666666655,-0.1392857142857143
0.02,0.075,0.3,0.6944444444444444,0.4398148148148148,14,0.07916666666666666,0.0701388888888889,0.015972222222222224,0.06527777777777778,0.06666666666666668,0.08333333333333333,-0.018055555555555547,-0.1285714285714286
0.02,0.075,0.5,0.5833333333333334,0.36111111111111116,14,0.08055555555555556,0.07083333333333335,0.024305555555555556,0.06805555555555556,0.06805555555555556,0.08333333333333333,-0.015277777777777765,-0.1285714285714286
0.02,0.075,0.75,0.5555555555555556,0.30092592592592593,14,0.09652777777777778,0.07083333333333335,0.030555555555555558,0.08888888888888889,0.0798611111111111,0.08333333333333333,-0.016666666666666677,-0.1285714285714286
0.02,0.075,1.0,0.5555555555555556,0.30092592592592593,14,0.09930555555555556,0.07083333333333335,0.03194444444444445,0.09027777777777778,0.08125,0.08333333333333333,-0.01805555555555556,-0.1285714285714286
0.02,0.075,1.25,0.5555555555555556,0.30092592592592593,14,0.09930555555555556,0.07083333333333335,0.03194444444444445,0.09027777777777778,0.08125,0.08333333333333333,-0.01805555555555556,-0.1285714285714286
0.02,0.075,1.5,0.5555555555555556,0.30092592592592593,14,0.09930555555555556,0.07083333333333335,0.03194444444444445,0.09027777777777778,0.08125,0.08333333333333333,-0.01805555555555556,-0.1285714285714286
0.02,0.1,0.3,0.6944444444444444,0.4398148148148148,14,0.0798611111111111,0.0701388888888889,0.015972222222222224,0.06805555555555556,0.06944444444444445,0.08333333333333333,-0.015277777777777765,-0.1285714285714286
0.02,0.1,0.5,0.5555555555555556,0.33796296296296297,14,0.08263888888888889,0.07083333333333335,0.027777777777777776,0.07361111111111113,0.07291666666666667,0.08333333333333333,-0.010416666666666657,-0.1285714285714286
0.02,0.1,0.75,0.5555555555555556,0.27314814814814814,14,0.1,0.07083333333333335,0.036111111111111115,0.0951388888888889,0.08819444444444445,0.08333333333333333,-0.011805555555555555,-0.1285714285714286
0.02,0.1,1.0,0.5555555555555556,0.27314814814814814,14,0.10277777777777779,0.07083333333333335,0.037500000000000006,0.09652777777777778,0.08958333333333333,0.08333333333333333,-0.013194444444444453,-0.1285714285714286
0.02,0.1,1.25,0.5555555555555556,0.27314814814814814,14,0.10277777777777779,0.07083333333333335,0.037500000000000006,0.09652777777777778,0.08958333333333333,0.08333333333333333,-0.013194444444444453,-0.1285714285714286
0.02,0.1,1.5,0.5555555555555556,0.27314814814814814,14,0.10277777777777779,0.07083333333333335,0.037500000000000006,0.09652777777777778,0.08958333333333333,0.08333333333333333,-0.013194444444444453,-0.1285714285714286
0.02,0.125,0.3,0.6944444444444444,0.4398148148148148,14,0.0798611111111111,0.0701388888888889,0.015972222222222224,0.06805555555555556,0.07083333333333335,0.08333333333333333,-0.015277777777777765,-0.1285714285714286
0.02,0.125,0.5,0.5555555555555556,0.3287037037037037,14,0.08402777777777778,0.07083333333333335,0.028472222222222225,0.0763888888888889,0.07708333333333334,0.08333333333333333,-0.0076388888888888895,-0.1285714285714286
0.02,0.125,0.75,0.5555555555555556,0.25925925925925924,14,0.10277777777777779,0.07083333333333335,0.03888888888888889,0.09930555555555556,0.09375,0.08333333333333333,-0.009027777777777787,-0.1285714285714286
0.02,0.125,1.0,0.5555555555555556,0.25925925925925924,14,0.10555555555555557,0.07083333333333335,0.04027777777777778,0.10069444444444445,0.0951388888888889,0.08333333333333333,-0.010416666666666671,-0.1285714285714286
0.02,0.125,1.25,0.5555555555555556,0.25925925925925924,14,0.10555555555555557,0.07083333333333335,0.04027777777777778,0.10069444444444445,0.0951388888888889,0.08333333333333333,-0.010416666666666671,-0.1285714285714286
0.02,0.125,1.5,0.5555555555555556,0.25925925925925924,14,0.10555555555555557,0.07083333333333335,0.04027777777777778,0.10069444444444445,0.0951388888888889,0.08333333333333333,-0.010416666666666671,-0.1285714285714286
0.02,0.15,0.3,0.6944444444444444,0.4398148148148148,14,0.0798611111111111,0.0701388888888889,0.015972222222222224,0.06805555555555556,0.07083333333333335,0.08333333333333333,-0.015277777777777765,-0.1285714285714286
0.02,0.15,0.5,0.5555555555555556,0.3240740740740741,14,0.08541666666666667,0.07083333333333335,0.028472222222222225,0.07916666666666666,0.07708333333333334,0.08333333333333333,-0.008333333333333331,-0.1285714285714286
0.02,0.15,0.75,0.5555555555555556,0.2546296296296296,14,0.10555555555555557,0.07083333333333335,0.03888888888888889,0.10347222222222223,0.09375,0.08333333333333333,-0.011805555555555569,-0.1285714285714286
0.02,0.15,1.0,0.5555555555555556,0.2546296296296296,14,0.10833333333333334,0.07083333333333335,0.04027777777777778,0.10486111111111113,0.0951388888888889,0.08333333333333333,-0.01319444444444444,-0.1285714285714286
0.02,0.15,1.25,0.5555555555555556,0.2546296296296296,14,0.10833333333333334,0.07083333333333335,0.04027777777777778,0.10486111111111113,0.0951388888888889,0.08333333333333333,-0.01319444444444444,-0.1285714285714286
0.02,0.15,1.5,0.5555555555555556,0.2546296296296296,14,0.10833333333333334,0.07083333333333335,0.04027777777777778,0.10486111111111113,0.0951388888888889,0.08333333333333333,-0.01319444444444444,-0.1285714285714286
0.02,0.2,0.3,0.6944444444444444,0.4398148148148148,14,0.0798611111111111,0.0701388888888889,0.015972222222222224,0.06805555555555556,0.07083333333333335,0.08333333333333333,-0.015277777777777765,-0.1285714285714286
0.02,0.2,0.5,0.5555555555555556,0.3240740740740741,14,0.08541666666666667,0.07083333333333335,0.030555555555555558,0.08055555555555556,0.0798611111111111,0.08333333333333333,-0.005555555555555564,-0.1285714285714286
0.02,0.2,0.75,0.5555555555555556,0.2546296296296296,14,0.10555555555555557,0.07083333333333335,0.04097222222222222,0.10625000000000001,0.09791666666666668,0.08333333333333333,-0.0076388888888888895,-0.1285714285714286
0.02,0.2,1.0,0.5555555555555556,0.2546296296296296,14,0.10833333333333334,0.07083333333333335,0.04236111111111111,0.1076388888888889,0.09930555555555556,0.08333333333333333,-0.009027777777777773,-0.1285714285714286
0.02,0.2,1.25,0.5555555555555556,0.2546296296296296,14,0.10833333333333334,0.07083333333333335,0.04236111111111111,0.1076388888888889,0.09930555555555556,0.08333333333333333,-0.009027777777777773,-0.1285714285714286
0.02,0.2,1.5,0.5555555555555556,0.2546296296296296,14,0.10833333333333334,0.07083333333333335,0.04236111111111111,0.1076388888888889,0.09930555555555556,0.08333333333333333,-0.009027777777777773,-0.1285714285714286
0.02,0.25,0.3,0.6944444444444444,0.4398148148148148,14,0.0798611111111111,0.0701388888888889,0.015972222222222224,0.06805555555555556,0.07083333333333335,0.08333333333333333,-0.015277777777777765,-0.1285714285714286
0.02,0.25,0.5,0.5555555555555556,0.3240740740740741,14,0.08541666666666667,0.07083333333333335,0.030555555555555558,0.08194444444444444,0.08125,0.08333333333333333,-0.004166666666666666,-0.1285714285714286
0.02,0.25,0.75,0.5555555555555556,0.2546296296296296,14,0.10555555555555557,0.07083333333333335,0.04097222222222222,0.1076388888888889,0.09930555555555556,0.08333333333333333,-0.0062500000000000056,-0.1285714285714286
0.02,0.25,1.0,0.5555555555555556,0.2546296296296296,14,0.10833333333333334,0.07083333333333335,0.04236111111111111,0.10902777777777778,0.10069444444444445,0.08333333333333333,-0.0076388888888888895,-0.1285714285714286
0.02,0.25,1.25,0.5555555555555556,0.2546296296296296,14,0.10833333333333334,0.07083333333333335,0.04236111111111111,0.10902777777777778,0.10069444444444445,0.08333333333333333,-0.0076388888888888895,-0.1285714285714286
0.02,0.25,1.5,0.5555555555555556,0.2546296296296296,14,0.10833333333333334,0.07083333333333335,0.04236111111111111,0.10902777777777778,0.10069444444444445,0.08333333333333333,-0.0076388888888888895,-0.1285714285714286
0.03,0.05,0.3,0.6388888888888888,0.4166666666666666,22,0.0798611111111111,0.09305555555555556,0.029166666666666667,0.06180555555555556,0.0638888888888889,0.08888888888888889,-0.03125,-0.11136363636363637
0.03,0.05,0.5,0.5555555555555556,0.35648148148148145,22,0.0798611111111111,0.09375,0.03333333333333334,0.0625,0.06597222222222222,0.09027777777777778,-0.03125,-0.11136363636363637
0.03,0.05,0.75,0.5277777777777778,0.3287037037037037,22,0.08055555555555556,0.09375,0.036111111111111115,0.06527777777777778,0.07083333333333335,0.09027777777777778,-0.028472222222222218,-0.11136363636363637
0.03,0.05,1.0,0.5277777777777778,0.3287037037037037,22,0.08055555555555556,0.09375,0.036111111111111115,0.06597222222222222,0.07222222222222223,0.09027777777777778,-0.027777777777777776,-0.11136363636363637
0.03,0.05,1.25,0.5277777777777778,0.3287037037037037,22,0.08055555555555556,0.09375,0.036111111111111115,0.06597222222222222,0.07222222222222223,0.09027777777777778,-0.027777777777777776,-0.11136363636363637
0.03,0.05,1.5,0.5277777777777778,0.3287037037037037,22,0.08055555555555556,0.09375,0.036111111111111115,0.06597222222222222,0.07222222222222223,0.09027777777777778,-0.027777777777777776,-0.11136363636363637
0.03,0.075,0.3,0.6388888888888888,0.4074074074074074,22,0.08541666666666667,0.09305555555555556,0.03125,0.07291666666666667,0.07222222222222223,0.08888888888888889,-0.02083333333333333,-0.09772727272727273
0.03,0.075,0.5,0.4722222222222222,0.3055555555555556,24,0.08680555555555555,0.09444444444444446,0.04097222222222222,0.07777777777777778,0.0763888888888889,0.09027777777777778,-0.01805555555555556,-0.08541666666666665
0.03,0.075,0.75,0.4444444444444444,0.24074074074074073,24,0.10347222222222223,0.09444444444444446,0.04861111111111111,0.09861111111111112,0.09305555555555556,0.09027777777777778,-0.010416666666666671,-0.08541666666666665
0.03,0.075,1.0,0.4444444444444444,0.23611111111111113,24,0.1076388888888889,0.09444444444444446,0.051388888888888894,0.10069444444444445,0.09583333333333334,0.09027777777777778,-0.011805555555555555,-0.08541666666666665
0.03,0.075,1.25,0.4444444444444444,0.23611111111111113,24,0.1076388888888889,0.09444444444444446,0.051388888888888894,0.10069444444444445,0.09583333333333334,0.09027777777777778,-0.011805555555555555,-0.08541666666666665
0.03,0.075,1.5,0.4444444444444444,0.23611111111111113,24,0.1076388888888889,0.09444444444444446,0.051388888888888894,0.10069444444444445,0.09583333333333334,0.09027777777777778,-0.011805555555555555,-0.08541666666666665
0.03,0.1,0.3,0.6388888888888888,0.4074074074074074,22,0.08611111111111111,0.09305555555555556,0.03125,0.07916666666666666,0.07777777777777778,0.08888888888888889,-0.015277777777777779,-0.08863636363636362
0.03,0.1,0.5,0.4444444444444444,0.28240740740740744,24,0.08888888888888889,0.09444444444444446,0.04513888888888889,0.08750000000000001,0.08541666666666667,0.09027777777777778,-0.009027777777777787,-0.07708333333333332
0.03,0.1,0.75,0.4444444444444444,0.21296296296296294,24,0.1076388888888889,0.09444444444444446,0.05555555555555555,0.11180555555555556,0.1076388888888889,0.09027777777777778,0.0,-0.07708333333333332
0.03,0.1,1.0,0.4444444444444444,0.20370370370370372,24,0.11180555555555556,0.09444444444444446,0.059027777777777776,0.1138888888888889,0.11041666666666666,0.09027777777777778,-0.0013888888888888978,-0.07708333333333332
0.03,0.1,1.25,0.4444444444444444,0.20370370370370372,24,0.11180555555555556,0.09444444444444446,0.059027777777777776,0.1138888888888889,0.11041666666666666,0.09027777777777778,-0.0013888888888888978,-0.07708333333333332
0.03,0.1,1.5,0.4444444444444444,0.20370370370370372,24,0.11180555555555556,0.09444444444444446,0.059027777777777776,0.1138888888888889,0.11041666666666666,0.09027777777777778,-0.0013888888888888978,-0.07708333333333332
0.03,0.125,0.3,0.6388888888888888,0.4074074074074074,22,0.08611111111111111,0.09305555555555556,0.03125,0.07916666666666666,0.07916666666666666,0.08888888888888889,-0.013888888888888895,-0.08863636363636362
0.03,0.125,0.5,0.4444444444444444,0.2731481481481482,24,0.09027777777777778,0.09444444444444446,0.04652777777777778,0.09027777777777778,0.08958333333333333,0.09027777777777778,-0.004861111111111122,-0.07708333333333332
0.03,0.125,0.75,0.4444444444444444,0.19907407407407407,24,0.1138888888888889,0.09444444444444446,0.05972222222222222,0.11736111111111112,0.11319444444444444,0.09027777777777778,-0.0006944444444444559,-0.07708333333333332
0.03,0.125,1.0,0.4444444444444444,0.1898148148148148,24,0.11805555555555555,0.09444444444444446,0.06319444444444444,0.11944444444444444,0.11597222222222221,0.09027777777777778,-0.00208333333333334,-0.07708333333333332
0.03,0.125,1.25,0.4444444444444444,0.1898148148148148,24,0.11805555555555555,0.09444444444444446,0.06319444444444444,0.11944444444444444,0.11597222222222221,0.09027777777777778,-0.00208333333333334,-0.07708333333333332
0.03,0.125,1.5,0.4444444444444444,0.1898148148148148,24,0.11805555555555555,0.09444444444444446,0.06319444444444444,0.11944444444444444,0.11597222222222221,0.09027777777777778,-0.00208333333333334,-0.07708333333333332
0.03,0.15,0.3,0.6388888888888888,0.4074074074074074,22,0.08611111111111111,0.09305555555555556,0.03125,0.07916666666666666,0.07916666666666666,0.08888888888888889,-0.013888888888888895,-0.08863636363636362
0.03,0.15,0.5,0.4444444444444444,0.26851851851851855,24,0.09166666666666667,0.09444444444444446,0.04652777777777778,0.09305555555555556,0.08958333333333333,0.09027777777777778,-0.004861111111111122,-0.07708333333333332
0.03,0.15,0.75,0.4444444444444444,0.19444444444444442,24,0.11736111111111112,0.09444444444444446,0.05972222222222222,0.12152777777777778,0.11458333333333333,0.09027777777777778,-0.0027777777777777957,-0.07708333333333332
0.03,0.15,1.0,0.4444444444444444,0.1851851851851852,24,0.12152777777777778,0.09444444444444446,0.06319444444444444,0.12361111111111112,0.11736111111111112,0.09027777777777778,-0.004166666666666652,-0.07708333333333332
0.03,0.15,1.25,0.4444444444444444,0.1851851851851852,24,0.12152777777777778,0.09444444444444446,0.06319444444444444,0.12361111111111112,0.11736111111111112,0.09027777777777778,-0.004166666666666652,-0.07708333333333332
0.03,0.15,1.5,0.4444444444444444,0.1851851851851852,24,0.12152777777777778,0.09444444444444446,0.06319444444444444,0.12361111111111112,0.11736111111111112,0.09027777777777778,-0.004166666666666652,-0.07708333333333332
0.03,0.2,0.3,0.6388888888888888,0.4074074074074074,22,0.08611111111111111,0.09305555555555556,0.03125,0.07916666666666666,0.07916666666666666,0.08888888888888889,-0.013888888888888895,-0.08863636363636362
0.03,0.2,0.5,0.4444444444444444,0.26851851851851855,24,0.09166666666666667,0.09444444444444446,0.04861111111111111,0.09444444444444446,0.09375,0.09027777777777778,-0.0006944444444444559,-0.07708333333333332
0.03,0.2,0.75,0.4444444444444444,0.19444444444444442,24,0.11736111111111112,0.09444444444444446,0.06180555555555556,0.12430555555555557,0.12013888888888889,0.09027777777777778,0.002777777777777768,-0.07708333333333332
0.03,0.2,1.0,0.4444444444444444,0.1851851851851852,24,0.12152777777777778,0.09444444444444446,0.06527777777777778,0.12638888888888888,0.12291666666666666,0.09027777777777778,0.001388888888888884,-0.07708333333333332
0.03,0.2,1.25,0.4444444444444444,0.1851851851851852,24,0.12152777777777778,0.09444444444444446,0.06527777777777778,0.12638888888888888,0.12291666666666666,0.09027777777777778,0.001388888888888884,-0.07708333333333332
0.03,0.2,1.5,0.4444444444444444,0.1851851851851852,24,0.12152777777777778,0.09444444444444446,0.06527777777777778,0.12638888888888888,0.12291666666666666,0.09027777777777778,0.001388888888888884,-0.07708333333333332
0.03,0.25,0.3,0.6388888888888888,0.4074074074074074,22,0.08611111111111111,0.09305555555555556,0.03125,0.07916666666666666,0.07916666666666666,0.08888888888888889,-0.013888888888888895,-0.08863636363636362
0.03,0.25,0.5,0.4444444444444444,0.26851851851851855,24,0.09166666666666667,0.09444444444444446,0.04861111111111111,0.09583333333333334,0.0951388888888889,0.09027777777777778,0.000694444444444442,-0.07708333333333332
0.03,0.25,0.75,0.4444444444444444,0.19444444444444442,24,0.11736111111111112,0.09444444444444446,0.06180555555555556,0.12569444444444444,0.12152777777777778,0.09027777777777778,0.004166666666666652,-0.07708333333333332
0.03,0.25,1.0,0.4444444444444444,0.1851851851851852,24,0.12152777777777778,0.09444444444444446,0.06527777777777778,0.1277777777777778,0.12430555555555557,0.09027777777777778,0.0027777777777777957,-0.07708333333333332
0.03,0.25,1.25,0.4444444444444444,0.1851851851851852,24,0.12152777777777778,0.09444444444444446,0.06527777777777778,0.1277777777777778,0.12430555555555557,0.09027777777777778,0.0027777777777777957,-0.07708333333333332
0.03,0.25,1.5,0.4444444444444444,0.1851851851851852,24,0.12152777777777778,0.09444444444444446,0.06527777777777778,0.1277777777777778,0.12430555555555557,0.09027777777777778,0.0027777777777777957,-0.07708333333333332
0.04,0.05,0.3,0.6388888888888888,0.4166666666666666,22,0.08125,0.09375,0.03263888888888889,0.0638888888888889,0.0638888888888889,0.09305555555555556,-0.029861111111111102,-0.11363636363636363
0.04,0.05,0.5,0.5555555555555556,0.35185185185185186,24,0.08194444444444444,0.09652777777777778,0.037500000000000006,0.06597222222222222,0.06736111111111112,0.09583333333333334,-0.030555555555555558,-0.10625000000000002
0.04,0.05,0.75,0.5277777777777778,0.3240740740740741,24,0.08263888888888889,0.09652777777777778,0.04027777777777777,0.06875,0.07222222222222223,0.09583333333333334,-0.027777777777777776,-0.10625000000000002
0.04,0.05,1.0,0.5277777777777778,0.3240740740740741,24,0.08263888888888889,0.09652777777777778,0.04027777777777777,0.06944444444444445,0.07361111111111113,0.09583333333333334,-0.027083333333333334,-0.10625000000000002
0.04,0.05,1.25,0.5277777777777778,0.3240740740740741,24,0.08263888888888889,0.09652777777777778,0.04027777777777777,0.06944444444444445,0.07361111111111113,0.09583333333333334,-0.027083333333333334,-0.10625000000000002
0.04,0.05,1.5,0.5277777777777778,0.3240740740740741,24,0.08263888888888889,0.09652777777777778,0.04027777777777777,0.06944444444444445,0.07361111111111113,0.09583333333333334,-0.027083333333333334,-0.10625000000000002
0.04,0.075,0.3,0.6388888888888888,0.4074074074074074,22,0.08750000000000001,0.09583333333333334,0.03680555555555556,0.0763888888888889,0.07291666666666667,0.09305555555555556,-0.02291666666666667,-0.09999999999999999
0.04,0.075,0.5,0.4722222222222222,0.300925925925926,26,0.09097222222222223,0.1,0.04930555555555556,0.08472222222222223,0.08125,0.09583333333333334,-0.018750000000000003,-0.07692307692307694
0.04,0.075,0.75,0.4444444444444444,0.23611111111111113,26,0.1076388888888889,0.1,0.05694444444444445,0.10555555555555557,0.09791666666666668,0.09583333333333334,-0.009722222222222215,-0.07692307692307694
0.04,0.075,1.0,0.4444444444444444,0.23148148148148148,26,0.11180555555555556,0.1,0.05972222222222222,0.1076388888888889,0.1013888888888889,0.09583333333333334,-0.010416666666666657,-0.07692307692307694
0.04,0.075,1.25,0.4444444444444444,0.23148148148148148,26,0.11180555555555556,0.1,0.05972222222222222,0.1076388888888889,0.1013888888888889,0.09583333333333334,-0.010416666666666657,-0.07692307692307694
0.04,0.075,1.5,0.4444444444444444,0.23148148148148148,26,0.11180555555555556,0.1,0.05972222222222222,0.1076388888888889,0.1013888888888889,0.09583333333333334,-0.010416666666666657,-0.07692307692307694
0.04,0.1,0.3,0.6388888888888888,0.4074074074074074,22,0.08888888888888889,0.09583333333333334,0.03888888888888889,0.08333333333333333,0.0798611111111111,0.09305555555555556,-0.015972222222222235,-0.08636363636363636
0.04,0.1,0.5,0.4444444444444444,0.2777777777777778,26,0.09583333333333334,0.1,0.05694444444444445,0.09652777777777778,0.09166666666666667,0.09583333333333334,-0.008333333333333331,-0.06346153846153847
0.04,0.1,0.75,0.4444444444444444,0.20833333333333334,26,0.11458333333333333,0.1,0.06736111111111112,0.12222222222222223,0.11527777777777778,0.09583333333333334,0.0006944444444444559,-0.06346153846153847
0.04,0.1,1.0,0.4444444444444444,0.19907407407407407,26,0.11875000000000001,0.1,0.07361111111111111,0.12430555555555557,0.11875000000000001,0.09583333333333334,0.0,-0.06346153846153847
0.04,0.1,1.25,0.4444444444444444,0.19907407407407407,26,0.11875000000000001,0.1,0.07361111111111111,0.12430555555555557,0.11875000000000001,0.09583333333333334,0.0,-0.06346153846153847
0.04,0.1,1.5,0.4444444444444444,0.19907407407407407,26,0.11875000000000001,0.1,0.07361111111111111,0.12430555555555557,0.11875000000000001,0.09583333333333334,0.0,-0.06346153846153847
0.04,0.125,0.3,0.6388888888888888,0.4074074074074074,22,0.08958333333333333,0.09583333333333334,0.03888888888888889,0.08472222222222223,0.08194444444444444,0.09305555555555556,-0.013888888888888895,-0.08409090909090908
0.04,0.125,0.5,0.4166666666666667,0.2638888888888889,26,0.09791666666666668,0.1,0.058333333333333334,0.10069444444444445,0.09722222222222222,0.09583333333333334,-0.002777777777777782,-0.06153846153846154
0.04,0.125,0.75,0.4166666666666667,0.1898148148148148,26,0.12152777777777778,0.1,0.07222222222222223,0.12916666666666668,0.12222222222222223,0.09583333333333334,0.0006944444444444559,-0.06153846153846154
0.04,0.125,1.0,0.4166666666666667,0.18055555555555558,26,0.12569444444444444,0.1,0.07847222222222222,0.13125,0.12569444444444444,0.09583333333333334,0.0,-0.06153846153846154
0.04,0.125,1.25,0.4166666666666667,0.18055555555555558,26,0.12569444444444444,0.1,0.07847222222222222,0.13125,0.12569444444444444,0.09583333333333334,0.0,-0.06153846153846154
0.04,0.125,1.5,0.4166666666666667,0.18055555555555558,26,0.12569444444444444,0.1,0.07847222222222222,0.13125,0.12569444444444444,0.09583333333333334,0.0,-0.06153846153846154
0.04,0.15,0.3,0.6388888888888888,0.4074074074074074,22,0.08958333333333333,0.09583333333333334,0.03888888888888889,0.08472222222222223,0.08194444444444444,0.09305555555555556,-0.013888888888888895,-0.08409090909090908
0.04,0.15,0.5,0.4166666666666667,0.2592592592592593,26,0.09930555555555556,0.1,0.058333333333333334,0.10347222222222223,0.09722222222222222,0.09583333333333334,-0.002777777777777782,-0.06153846153846154
0.04,0.15,0.75,0.4166666666666667,0.1851851851851852,26,0.12569444444444444,0.1,0.07222222222222223,0.13333333333333333,0.12361111111111112,0.09583333333333334,-0.002083333333333326,-0.06153846153846154
0.04,0.15,1.0,0.4166666666666667,0.17592592592592593,26,0.1298611111111111,0.1,0.07847222222222222,0.13541666666666666,0.12708333333333333,0.09583333333333334,-0.002777777777777768,-0.06153846153846154
0.04,0.15,1.25,0.4166666666666667,0.17592592592592593,26,0.1298611111111111,0.1,0.07847222222222222,0.13541666666666666,0.12708333333333333,0.09583333333333334,-0.002777777777777768,-0.06153846153846154
0.04,0.15,1.5,0.4166666666666667,0.17592592592592593,26,0.1298611111111111,0.1,0.07847222222222222,0.13541666666666666,0.12708333333333333,0.09583333333333334,-0.002777777777777768,-0.06153846153846154
0.04,0.2,0.3,0.6388888888888888,0.4074074074074074,22,0.08958333333333333,0.09583333333333334,0.03888888888888889,0.08472222222222223,0.08194444444444444,0.09305555555555556,-0.013888888888888895,-0.08409090909090908
0.04,0.2,0.5,0.4166666666666667,0.2592592592592593,26,0.09930555555555556,0.1,0.060416666666666674,0.10486111111111113,0.1013888888888889,0.09583333333333334,0.0013888888888888978,-0.06153846153846154
0.04,0.2,0.75,0.3888888888888889,0.18055555555555555,26,0.12569444444444444,0.1,0.07430555555555557,0.13611111111111113,0.12916666666666668,0.09583333333333334,0.0034722222222222376,-0.06153846153846154
0.04,0.2,1.0,0.3888888888888889,0.17129629629629628,26,0.1298611111111111,0.1,0.08055555555555555,0.13819444444444445,0.1326388888888889,0.09583333333333334,0.0027777777777777957,-0.06153846153846154
0.04,0.2,1.25,0.3888888888888889,0.17129629629629628,26,0.1298611111111111,0.1,0.08055555555555555,0.13819444444444445,0.1326388888888889,0.09583333333333334,0.0027777777777777957,-0.06153846153846154
0.04,0.2,1.5,0.3888888888888889,0.17129629629629628,26,0.1298611111111111,0.1,0.08055555555555555,0.13819444444444445,0.1326388888888889,0.09583333333333334,0.0027777777777777957,-0.06153846153846154
0.04,0.25,0.3,0.6388888888888888,0.4074074074074074,22,0.08958333333333333,0.09583333333333334,0.03888888888888889,0.08472222222222223,0.08194444444444444,0.09305555555555556,-0.013888888888888895,-0.08409090909090908
0.04,0.25,0.5,0.4166666666666667,0.2592592592592593,26,0.09930555555555556,0.1,0.060416666666666674,0.10625000000000001,0.10277777777777779,0.09583333333333334,0.002777777777777782,-0.06153846153846154
0.04,0.25,0.75,0.3888888888888889,0.18055555555555555,26,0.12569444444444444,0.1,0.07430555555555557,0.1388888888888889,0.13055555555555556,0.09583333333333334,0.004861111111111122,-0.06153846153846154
0.04,0.25,1.0,0.3888888888888889,0.17129629629629628,26,0.1298611111111111,0.1,0.08055555555555555,0.14097222222222222,0.13402777777777777,0.09583333333333334,0.00416666666666668,-0.06153846153846154
0.04,0.25,1.25,0.3888888888888889,0.17129629629629628,26,0.1298611111111111,0.1,0.08055555555555555,0.14097222222222222,0.13402777777777777,0.09583333333333334,0.00416666666666668,-0.06153846153846154
0.04,0.25,1.5,0.3888888888888889,0.17129629629629628,26,0.1298611111111111,0.1,0.08055555555555555,0.14097222222222222,0.13402777777777777,0.09583333333333334,0.00416666666666668,-0.06153846153846154
0.05,0.05,0.3,0.5833333333333334,0.4074074074074074,26,0.08194444444444444,0.09444444444444446,0.04375,0.0638888888888889,0.0638888888888889,0.09652777777777778,-0.032638888888888884,-0.10384615384615385
0.05,0.05,0.5,0.5,0.3333333333333333,28,0.08472222222222223,0.09791666666666668,0.04930555555555556,0.06736111111111112,0.06736111111111112,0.1013888888888889,-0.03402777777777778,-0.09821428571428571
0.05,0.05,0.75,0.4722222222222222,0.3055555555555555,28,0.08541666666666667,0.09791666666666668,0.052083333333333336,0.0701388888888889,0.07222222222222223,0.1013888888888889,-0.03125,-0.09821428571428571
0.05,0.05,1.0,0.4722222222222222,0.3055555555555555,28,0.08541666666666667,0.09791666666666668,0.052083333333333336,0.07083333333333335,0.07361111111111113,0.1013888888888889,-0.030555555555555558,-0.09821428571428571
0.05,0.05,1.25,0.4722222222222222,0.3055555555555555,28,0.08541666666666667,0.09791666666666668,0.052083333333333336,0.07083333333333335,0.07361111111111113,0.1013888888888889,-0.030555555555555558,-0.09821428571428571
0.05,0.05,1.5,0.4722222222222222,0.3055555555555555,28,0.08541666666666667,0.09791666666666668,0.052083333333333336,0.07083333333333335,0.07361111111111113,0.1013888888888889,-0.030555555555555558,-0.09821428571428571
0.05,0.075,0.3,0.5833333333333334,0.39814814814814814,26,0.09027777777777778,0.09791666666666668,0.04791666666666667,0.07708333333333334,0.07361111111111113,0.10069444444444445,-0.02708333333333332,-0.10192307692307694
0.05,0.075,0.5,0.4166666666666667,0.27777777777777785,30,0.09652777777777778,0.10347222222222223,0.06319444444444444,0.08750000000000001,0.08333333333333333,0.10555555555555557,-0.02222222222222224,-0.08166666666666665
0.05,0.075,0.75,0.3611111111111111,0.20833333333333334,32,0.11319444444444444,0.10347222222222223,0.07083333333333335,0.10902777777777778,0.1,0.10555555555555557,-0.01319444444444444,-0.075
0.05,0.075,1.0,0.3611111111111111,0.2037037037037037,32,0.11805555555555555,0.10347222222222223,0.07569444444444445,0.1111111111111111,0.10347222222222223,0.10555555555555557,-0.014583333333333323,-0.075
0.05,0.075,1.25,0.3611111111111111,0.2037037037037037,32,0.11805555555555555,0.10347222222222223,0.07569444444444445,0.1111111111111111,0.10347222222222223,0.10555555555555557,-0.014583333333333323,-0.075
0.05,0.075,1.5,0.3611111111111111,0.2037037037037037,32,0.11805555555555555,0.10347222222222223,0.07569444444444445,0.1111111111111111,0.10347222222222223,0.10555555555555557,-0.014583333333333323,-0.075
0.05,0.1,0.3,0.5833333333333334,0.39814814814814814,26,0.09375,0.09791666666666668,0.05,0.08541666666666667,0.08194444444444444,0.10069444444444445,-0.018750000000000003,-0.09038461538461538
0.05,0.1,0.5,0.3611111111111111,0.25462962962962965,30,0.10347222222222223,0.10347222222222223,0.07222222222222223,0.1013888888888889,0.09722222222222222,0.10555555555555557,-0.008333333333333345,-0.06999999999999998
0.05,0.1,0.75,0.3333333333333333,0.17592592592592593,32,0.12361111111111112,0.10486111111111113,0.08472222222222223,0.1277777777777778,0.12361111111111112,0.10555555555555557,0.0,-0.0625
0.05,0.1,1.0,0.3333333333333333,0.16666666666666666,32,0.1284722222222222,0.10486111111111113,0.09444444444444446,0.1298611111111111,0.12708333333333333,0.10555555555555557,-0.001388888888888884,-0.0625
0.05,0.1,1.25,0.3333333333333333,0.16666666666666666,32,0.1284722222222222,0.10486111111111113,0.09444444444444446,0.1298611111111111,0.12708333333333333,0.10555555555555557,-0.001388888888888884,-0.0625
0.05,0.1,1.5,0.3333333333333333,0.16666666666666666,32,0.1284722222222222,0.10486111111111113,0.09444444444444446,0.1298611111111111,0.12708333333333333,0.10555555555555557,-0.001388888888888884,-0.0625
0.05,0.125,0.3,0.5833333333333334,0.39814814814814814,26,0.0951388888888889,0.09791666666666668,0.05,0.08819444444444445,0.08402777777777778,0.10069444444444445,-0.016666666666666663,-0.08846153846153847
0.05,0.125,0.5,0.3611111111111111,0.24074074074074073,30,0.10694444444444445,0.10347222222222223,0.07430555555555557,0.10694444444444445,0.10277777777777779,0.10555555555555557,-0.004166666666666666,-0.06833333333333332
0.05,0.125,0.75,0.3333333333333333,0.1574074074074074,32,0.13194444444444445,0.10486111111111113,0.09027777777777778,0.1375,0.13055555555555556,0.10555555555555557,-0.001388888888888884,-0.06093749999999999
0.05,0.125,1.0,0.3333333333333333,0.14814814814814814,32,0.13680555555555557,0.10486111111111113,0.1,0.14097222222222222,0.13541666666666666,0.10555555555555557,-0.0013888888888889117,-0.06093749999999999
0.05,0.125,1.25,0.3333333333333333,0.14814814814814814,32,0.13680555555555557,0.10486111111111113,0.1,0.14097222222222222,0.13541666666666666,0.10555555555555557,-0.0013888888888889117,-0.06093749999999999
0.05,0.125,1.5,0.3333333333333333,0.14814814814814814,32,0.13680555555555557,0.10486111111111113,0.1,0.14097222222222222,0.13541666666666666,0.10555555555555557,-0.0013888888888889117,-0.06093749999999999
0.05,0.15,0.3,0.5833333333333334,0.39814814814814814,26,0.0951388888888889,0.09791666666666668,0.05,0.09097222222222223,0.08402777777777778,0.10069444444444445,-0.016666666666666663,-0.08846153846153847
0.05,0.15,0.5,0.3611111111111111,0.23611111111111113,30,0.10833333333333334,0.10347222222222223,0.07430555555555557,0.11249999999999999,0.10277777777777779,0.10555555555555557,-0.00555555555555555,-0.06833333333333332
0.05,0.15,0.75,0.3333333333333333,0.1527777777777778,32,0.13611111111111113,0.10486111111111113,0.09027777777777778,0.14444444444444446,0.13194444444444445,0.10555555555555557,-0.00416666666666668,-0.06093749999999999
0.05,0.15,1.0,0.3333333333333333,0.14351851851851852,32,0.14097222222222222,0.10486111111111113,0.1,0.14791666666666667,0.13680555555555554,0.10555555555555557,-0.00416666666666668,-0.06093749999999999
0.05,0.15,1.25,0.3333333333333333,0.14351851851851852,32,0.14097222222222222,0.10486111111111113,0.1,0.14791666666666667,0.13680555555555554,0.10555555555555557,-0.00416666666666668,-0.06093749999999999
0.05,0.15,1.5,0.3333333333333333,0.14351851851851852,32,0.14097222222222222,0.10486111111111113,0.1,0.14791666666666667,0.13680555555555554,0.10555555555555557,-0.00416666666666668,-0.06093749999999999
0.05,0.2,0.3,0.5833333333333334,0.39814814814814814,26,0.0951388888888889,0.09791666666666668,0.05,0.09097222222222223,0.08402777777777778,0.10069444444444445,-0.016666666666666663,-0.08846153846153847
0.05,0.2,0.5,0.3611111111111111,0.23611111111111113,30,0.10833333333333334,0.10347222222222223,0.0763888888888889,0.1138888888888889,0.10694444444444445,0.10555555555555557,-0.001388888888888884,-0.06833333333333332
0.05,0.2,0.75,0.3333333333333333,0.14814814814814817,32,0.13611111111111113,0.10486111111111113,0.09236111111111112,0.14861111111111114,0.1375,0.10555555555555557,0.001388888888888884,-0.06093749999999999
0.05,0.2,1.0,0.3333333333333333,0.1388888888888889,32,0.14097222222222222,0.10486111111111113,0.10208333333333335,0.15208333333333335,0.1423611111111111,0.10555555555555557,0.001388888888888884,-0.06093749999999999
0.05,0.2,1.25,0.3333333333333333,0.1388888888888889,32,0.14097222222222222,0.10486111111111113,0.10208333333333335,0.15208333333333335,0.1423611111111111,0.10555555555555557,0.001388888888888884,-0.06093749999999999
0.05,0.2,1.5,0.3333333333333333,0.1388888888888889,32,0.14097222222222222,0.10486111111111113,0.10208333333333335,0.15208333333333335,0.1423611111111111,0.10555555555555557,0.001388888888888884,-0.06093749999999999
0.05,0.25,0.3,0.5833333333333334,0.39814814814814814,26,0.0951388888888889,0.09791666666666668,0.05,0.09097222222222223,0.08402777777777778,0.10069444444444445,-0.016666666666666663,-0.08846153846153847
0.05,0.25,0.5,0.3611111111111111,0.23611111111111113,30,0.10833333333333334,0.10347222222222223,0.0763888888888889,0.11666666666666667,0.10833333333333334,0.10555555555555557,0.0,-0.06833333333333332
0.05,0.25,0.75,0.3333333333333333,0.14814814814814817,32,0.13611111111111113,0.10486111111111113,0.09236111111111112,0.15416666666666667,0.14027777777777778,0.10555555555555557,0.004166666666666652,-0.06093749999999999
0.05,0.25,1.0,0.3333333333333333,0.1388888888888889,32,0.14097222222222222,0.10486111111111113,0.10208333333333335,0.15763888888888888,0.1451388888888889,0.10555555555555557,0.00416666666666668,-0.06093749999999999
0.05,0.25,1.25,0.3333333333333333,0.1388888888888889,32,0.14097222222222222,0.10486111111111113,0.10208333333333335,0.15763888888888888,0.1451388888888889,0.10555555555555557,0.00416666666666668,-0.06093749999999999
0.05,0.25,1.5,0.3333333333333333,0.1388888888888889,32,0.14097222222222222,0.10486111111111113,0.10208333333333335,0.15763888888888888,0.1451388888888889,0.10555555555555557,0.00416666666666668,-0.06093749999999999
0.07,0.05,0.3,0.5277777777777778,0.3981481481481481,30,0.08194444444444444,0.09652777777777778,0.05763888888888889,0.0638888888888889,0.0638888888888889,0.10486111111111113,-0.04097222222222223,-0.11333333333333336
0.07,0.05,0.5,0.4166666666666667,0.3194444444444445,32,0.08819444444444445,0.10069444444444445,0.06597222222222222,0.06805555555555556,0.06875,0.1138888888888889,-0.04583333333333334,-0.11093750000000002
0.07,0.05,0.75,0.4166666666666667,0.2916666666666667,32,0.08888888888888889,0.10069444444444445,0.06875,0.07083333333333335,0.07361111111111113,0.1138888888888889,-0.043055555555555555,-0.11093750000000002
0.07,0.05,1.0,0.4166666666666667,0.2916666666666667,32,0.08888888888888889,0.10069444444444445,0.06875,0.07152777777777779,0.07500000000000001,0.1138888888888889,-0.04236111111111111,-0.11093750000000002
0.07,0.05,1.25,0.4166666666666667,0.2916666666666667,32,0.08888888888888889,0.10069444444444445,0.06875,0.07152777777777779,0.07500000000000001,0.1138888888888889,-0.04236111111111111,-0.11093750000000002
0.07,0.05,1.5,0.4166666666666667,0.2916666666666667,32,0.08888888888888889,0.10069444444444445,0.06875,0.07152777777777779,0.07500000000000001,0.1138888888888889,-0.04236111111111111,-0.11093750000000002
0.07,0.075,0.3,0.5277777777777778,0.38425925925925924,32,0.09444444444444446,0.10416666666666667,0.07152777777777779,0.07708333333333334,0.07361111111111113,0.11041666666666666,-0.036805555555555536,-0.10624999999999998
0.07,0.075,0.5,0.3611111111111111,0.25462962962962965,36,0.10486111111111113,0.11319444444444444,0.09097222222222223,0.09097222222222223,0.08541666666666667,0.11944444444444444,-0.03402777777777777,-0.09166666666666667
0.07,0.075,0.75,0.3333333333333333,0.1851851851851852,38,0.12291666666666666,0.11319444444444444,0.09861111111111112,0.11249999999999999,0.10208333333333335,0.11944444444444444,-0.020833333333333315,-0.08552631578947367
0.07,0.075,1.0,0.3333333333333333,0.18055555555555555,38,0.13194444444444445,0.11319444444444444,0.10625000000000001,0.11597222222222221,0.10694444444444445,0.11944444444444444,-0.024999999999999994,-0.08552631578947367
0.07,0.075,1.25,0.3333333333333333,0.18055555555555555,38,0.13194444444444445,0.11319444444444444,0.10625000000000001,0.11597222222222221,0.10694444444444445,0.11944444444444444,-0.024999999999999994,-0.08552631578947367
0.07,0.075,1.5,0.3333333333333333,0.18055555555555555,38,0.13194444444444445,0.11319444444444444,0.10625000000000001,0.11597222222222221,0.10694444444444445,0.11944444444444444,-0.024999999999999994,-0.08552631578947367
0.07,0.1,0.3,0.5277777777777778,0.38425925925925924,32,0.1,0.10416666666666667,0.07361111111111113,0.08819444444444445,0.08611111111111111,0.11041666666666666,-0.024305555555555552,-0.0859375
0.07,0.1,0.5,0.3611111111111111,0.2314814814814815,36,0.11666666666666667,0.11319444444444444,0.10069444444444445,0.1138888888888889,0.1076388888888889,0.11944444444444444,-0.011805555555555541,-0.06944444444444445
0.07,0.1,0.75,0.3333333333333333,0.14814814814814814,38,0.14097222222222222,0.11597222222222221,0.11597222222222221,0.14375,0.13680555555555554,0.12013888888888889,-0.00416666666666668,-0.0644736842105263
0.07,0.1,1.0,0.3333333333333333,0.13888888888888887,38,0.15000000000000002,0.11597222222222221,0.13125,0.14861111111111114,0.1416666666666667,0.12013888888888889,-0.008333333333333331,-0.0644736842105263
0.07,0.1,1.25,0.3333333333333333,0.13888888888888887,38,0.15000000000000002,0.11597222222222221,0.13125,0.14861111111111114,0.1416666666666667,0.12013888888888889,-0.008333333333333331,-0.0644736842105263
0.07,0.1,1.5,0.3333333333333333,0.13888888888888887,38,0.15000000000000002,0.11597222222222221,0.13125,0.14861111111111114,0.1416666666666667,0.12013888888888889,-0.008333333333333331,-0.0644736842105263
0.07,0.125,0.3,0.5277777777777778,0.38425925925925924,32,0.1013888888888889,0.10833333333333334,0.07500000000000001,0.09097222222222223,0.08888888888888889,0.11180555555555556,-0.02291666666666667,-0.0859375
0.07,0.125,0.5,0.3333333333333333,0.2175925925925926,36,0.12152777777777778,0.11736111111111112,0.10486111111111113,0.11944444444444444,0.1138888888888889,0.12083333333333335,-0.007638888888888876,-0.06944444444444442
0.07,0.125,0.75,0.3055555555555556,0.12962962962962962,38,0.15486111111111112,0.12013888888888889,0.1284722222222222,0.15347222222222223,0.14444444444444446,0.12152777777777778,-0.010416666666666657,-0.06447368421052632
0.07,0.125,1.0,0.3055555555555556,0.11574074074074074,38,0.1638888888888889,0.12083333333333335,0.14375,0.16111111111111112,0.15069444444444446,0.12152777777777778,-0.013194444444444425,-0.06447368421052632
0.07,0.125,1.25,0.3055555555555556,0.11574074074074074,38,0.1638888888888889,0.12083333333333335,0.14375,0.16111111111111112,0.15069444444444446,0.12152777777777778,-0.013194444444444425,-0.06447368421052632
0.07,0.125,1.5,0.3055555555555556,0.11574074074074074,38,0.1638888888888889,0.12083333333333335,0.14375,0.16111111111111112,0.15069444444444446,0.12152777777777778,-0.013194444444444425,-0.06447368421052632
0.07,0.15,0.3,0.5277777777777778,0.38425925925925924,32,0.1013888888888889,0.10833333333333334,0.07708333333333334,0.0951388888888889,0.08888888888888889,0.11180555555555556,-0.02291666666666667,-0.0859375
0.07,0.15,0.5,0.3333333333333333,0.21296296296296294,36,0.12291666666666666,0.11736111111111112,0.1076388888888889,0.12638888888888888,0.1138888888888889,0.12222222222222223,-0.00902777777777776,-0.06944444444444442
0.07,0.15,0.75,0.3055555555555556,0.125,38,0.16111111111111112,0.12013888888888889,0.13125,0.16180555555555556,0.14583333333333334,0.12291666666666666,-0.015277777777777779,-0.06447368421052632
0.07,0.15,1.0,0.3055555555555556,0.10648148148148147,38,0.1701388888888889,0.12361111111111112,0.14652777777777778,0.16944444444444445,0.15347222222222223,0.12291666666666666,-0.016666666666666663,-0.06447368421052632
0.07,0.15,1.25,0.3055555555555556,0.10648148148148147,38,0.1701388888888889,0.12361111111111112,0.14652777777777778,0.16944444444444445,0.15347222222222223,0.12291666666666666,-0.016666666666666663,-0.06447368421052632
0.07,0.15,1.5,0.3055555555555556,0.10648148148148147,38,0.1701388888888889,0.12361111111111112,0.14652777777777778,0.16944444444444445,0.15347222222222223,0.12291666666666666,-0.016666666666666663,-0.06447368421052632
0.07,0.2,0.3,0.5277777777777778,0.38425925925925924,32,0.10416666666666667,0.10833333333333334,0.07708333333333334,0.10069444444444445,0.09375,0.11180555555555556,-0.01805555555555556,-0.07500000000000001
0.07,0.2,0.5,0.3333333333333333,0.21296296296296294,36,0.12569444444444444,0.11736111111111112,0.10972222222222222,0.13333333333333333,0.12430555555555557,0.12222222222222223,-0.00138888888888887,-0.05972222222222223
0.07,0.2,0.75,0.2777777777777778,0.12037037037037036,38,0.1638888888888889,0.12013888888888889,0.13333333333333333,0.1715277777777778,0.1590277777777778,0.12361111111111112,-0.004861111111111094,-0.05526315789473685
0.07,0.2,1.0,0.2777777777777778,0.10185185185185186,38,0.1729166666666667,0.12361111111111112,0.14861111111111114,0.17916666666666667,0.16666666666666666,0.12361111111111112,-0.006250000000000033,-0.05526315789473685
0.07,0.2,1.25,0.2777777777777778,0.10185185185185186,38,0.1729166666666667,0.12361111111111112,0.14861111111111114,0.17916666666666667,0.16666666666666666,0.12361111111111112,-0.006250000000000033,-0.05526315789473685
0.07,0.2,1.5,0.2777777777777778,0.10185185185185186,38,0.1729166666666667,0.12361111111111112,0.14861111111111114,0.17916666666666667,0.16666666666666666,0.12361111111111112,-0.006250000000000033,-0.05526315789473685
0.07,0.25,0.3,0.5277777777777778,0.38425925925925924,32,0.10416666666666667,0.10833333333333334,0.07708333333333334,0.10069444444444445,0.09375,0.11180555555555556,-0.01805555555555556,-0.07500000000000001
0.07,0.25,0.5,0.3333333333333333,0.21296296296296294,36,0.12569444444444444,0.11736111111111112,0.10972222222222222,0.13611111111111113,0.12569444444444444,0.12222222222222223,0.0,-0.05972222222222223
0.07,0.25,0.75,0.2777777777777778,0.12037037037037036,38,0.1638888888888889,0.12013888888888889,0.13472222222222224,0.17708333333333334,0.16458333333333333,0.12430555555555557,0.000694444444444442,-0.05526315789473685
0.07,0.25,1.0,0.2777777777777778,0.10185185185185186,38,0.1729166666666667,0.12361111111111112,0.15000000000000002,0.18472222222222223,0.17222222222222222,0.12430555555555557,-0.0006944444444444697,-0.05526315789473685
0.07,0.25,1.25,0.2777777777777778,0.10185185185185186,38,0.1729166666666667,0.12361111111111112,0.15000000000000002,0.18472222222222223,0.17222222222222222,0.12430555555555557,-0.0006944444444444697,-0.05526315789473685
0.07,0.25,1.5,0.2777777777777778,0.10185185185185186,38,0.1729166666666667,0.12361111111111112,0.15000000000000002,0.18472222222222223,0.17222222222222222,0.12430555555555557,-0.0006944444444444697,-0.05526315789473685
0.1,0.05,0.3,0.5277777777777778,0.3981481481481481,30,0.08194444444444444,0.09791666666666668,0.05763888888888889,0.0638888888888889,0.0638888888888889,0.10694444444444445,-0.043055555555555555,-0.11666666666666665
0.1,0.05,0.5,0.4166666666666667,0.3194444444444445,32,0.08958333333333333,0.10486111111111113,0.06597222222222222,0.06875,0.06875,0.11736111111111112,-0.04861111111111112,-0.11406250000000001
0.1,0.05,0.75,0.4166666666666667,0.2916666666666667,32,0.09027777777777778,0.10486111111111113,0.06875,0.07152777777777779,0.07361111111111113,0.11736111111111112,-0.04583333333333334,-0.11406250000000001
0.1,0.05,1.0,0.4166666666666667,0.2916666666666667,32,0.09027777777777778,0.10486111111111113,0.06875,0.07222222222222223,0.07500000000000001,0.11736111111111112,-0.045138888888888895,-0.11406250000000001
0.1,0.05,1.25,0.4166666666666667,0.2916666666666667,32,0.09027777777777778,0.10486111111111113,0.06875,0.07222222222222223,0.07500000000000001,0.11736111111111112,-0.045138888888888895,-0.11406250000000001
0.1,0.05,1.5,0.4166666666666667,0.2916666666666667,32,0.09027777777777778,0.10486111111111113,0.06875,0.07222222222222223,0.07500000000000001,0.11736111111111112,-0.045138888888888895,-0.11406250000000001
0.1,0.075,0.3,0.5277777777777778,0.3796296296296296,34,0.09583333333333334,0.10833333333333334,0.07777777777777778,0.07708333333333334,0.07361111111111113,0.11249999999999999,-0.03888888888888886,-0.10441176470588234
0.1,0.075,0.5,0.3611111111111111,0.24537037037037038,40,0.11597222222222221,0.12152777777777778,0.09861111111111112,0.09305555555555556,0.08541666666666667,0.125,-0.03958333333333333,-0.08625000000000002
0.1,0.075,0.75,0.3333333333333333,0.17592592592592593,42,0.13402777777777777,0.12152777777777778,0.10625000000000001,0.11458333333333333,0.10208333333333335,0.125,-0.03194444444444443,-0.08095238095238097
0.1,0.075,1.0,0.3333333333333333,0.1712962962962963,42,0.14583333333333334,0.12152777777777778,0.1138888888888889,0.11805555555555555,0.10694444444444445,0.125,-0.03888888888888889,-0.08095238095238097
0.1,0.075,1.25,0.3333333333333333,0.1712962962962963,42,0.14583333333333334,0.12152777777777778,0.1138888888888889,0.11805555555555555,0.10694444444444445,0.125,-0.03888888888888889,-0.08095238095238097
0.1,0.075,1.5,0.3333333333333333,0.1712962962962963,42,0.14583333333333334,0.12152777777777778,0.1138888888888889,0.11805555555555555,0.10694444444444445,0.125,-0.03888888888888889,-0.08095238095238097
0.1,0.1,0.3,0.5277777777777778,0.3796296296296296,34,0.10416666666666667,0.10972222222222222,0.08194444444444444,0.08888888888888889,0.08680555555555555,0.1138888888888889,-0.027083333333333348,-0.08529411764705883
0.1,0.1,0.5,0.3611111111111111,0.22222222222222224,40,0.13194444444444445,0.12291666666666666,0.1138888888888889,0.11805555555555555,0.10833333333333334,0.12638888888888888,-0.02361111111111111,-0.060000000000000026
0.1,0.1,0.75,0.3333333333333333,0.13888888888888887,42,0.1576388888888889,0.1284722222222222,0.13333333333333333,0.15069444444444446,0.14305555555555557,0.1277777777777778,-0.014583333333333337,-0.05476190476190476
0.1,0.1,1.0,0.3333333333333333,0.12962962962962962,42,0.16944444444444445,0.1284722222222222,0.15416666666666667,0.15555555555555556,0.14930555555555555,0.1277777777777778,-0.0201388888888889,-0.05476190476190476
0.1,0.1,1.25,0.3333333333333333,0.12962962962962962,42,0.16944444444444445,0.1284722222222222,0.15416666666666667,0.15555555555555556,0.14930555555555555,0.1277777777777778,-0.0201388888888889,-0.05476190476190476
0.1,0.1,1.5,0.3333333333333333,0.12962962962962962,42,0.16944444444444445,0.1284722222222222,0.15416666666666667,0.15555555555555556,0.14930555555555555,0.1277777777777778,-0.0201388888888889,-0.05476190476190476
0.1,0.125,0.3,0.5277777777777778,0.3796296296296296,34,0.10833333333333334,0.11458333333333333,0.08472222222222223,0.09166666666666667,0.08958333333333333,0.11666666666666667,-0.027083333333333334,-0.08823529411764705
0.1,0.125,0.5,0.3333333333333333,0.20833333333333334,40,0.13958333333333334,0.1277777777777778,0.11944444444444444,0.12916666666666668,0.11875000000000001,0.12916666666666668,-0.02083333333333333,-0.06
0.1,0.125,0.75,0.3055555555555556,0.12037037037037039,42,0.17986111111111114,0.13333333333333333,0.14861111111111114,0.16736111111111113,0.15555555555555556,0.13055555555555556,-0.02430555555555558,-0.054761904761904734
0.1,0.125,1.0,0.2777777777777778,0.10185185185185186,44,0.19166666666666668,0.13611111111111113,0.17083333333333334,0.17500000000000002,0.16319444444444445,0.13055555555555556,-0.028472222222222232,-0.0465909090909091
0.1,0.125,1.25,0.2777777777777778,0.10185185185185186,44,0.19166666666666668,0.13611111111111113,0.17083333333333334,0.17500000000000002,0.16319444444444445,0.13055555555555556,-0.028472222222222232,-0.0465909090909091
0.1,0.125,1.5,0.2777777777777778,0.10185185185185186,44,0.19166666666666668,0.13611111111111113,0.17083333333333334,0.17500000000000002,0.16319444444444445,0.13055555555555556,-0.028472222222222232,-0.0465909090909091
0.1,0.15,0.3,0.5277777777777778,0.3796296296296296,34,0.1111111111111111,0.11458333333333333,0.08680555555555555,0.09722222222222222,0.08958333333333333,0.11666666666666667,-0.027083333333333334,-0.08823529411764705
0.1,0.15,0.5,0.3333333333333333,0.20370370370370372,40,0.14375000000000002,0.1277777777777778,0.12291666666666666,0.1388888888888889,0.12013888888888889,0.13055555555555556,-0.023611111111111124,-0.057499999999999996
0.1,0.15,0.75,0.2777777777777778,0.11111111111111112,42,0.19305555555555556,0.13333333333333333,0.15694444444444444,0.18125000000000002,0.16111111111111112,0.13194444444444445,-0.03194444444444444,-0.051190476190476175
0.1,0.15,1.0,0.25,0.08333333333333333,44,0.2048611111111111,0.1527777777777778,0.17916666666666667,0.1902777777777778,0.1701388888888889,0.13194444444444445,-0.03472222222222221,-0.04886363636363636
0.1,0.15,1.25,0.25,0.08333333333333333,44,0.2048611111111111,0.1527777777777778,0.17916666666666667,0.1902777777777778,0.1701388888888889,0.13194444444444445,-0.03472222222222221,-0.04886363636363636
0.1,0.15,1.5,0.25,0.08333333333333333,44,0.2048611111111111,0.1527777777777778,0.17916666666666667,0.1902777777777778,0.1701388888888889,0.13194444444444445,-0.03472222222222221,-0.04886363636363636
0.1,0.2,0.3,0.5277777777777778,0.3796296296296296,34,0.11527777777777778,0.11875000000000001,0.08680555555555555,0.10555555555555557,0.10277777777777779,0.11666666666666667,-0.01597222222222222,-0.06029411764705883
0.1,0.2,0.5,0.3333333333333333,0.19907407407407407,42,0.15069444444444446,0.1326388888888889,0.12638888888888888,0.1527777777777778,0.14305555555555557,0.13055555555555556,-0.0076388888888888895,-0.035714285714285726
0.1,0.2,0.75,0.25,0.09722222222222222,46,0.2,0.13958333333333334,0.1611111111111111,0.19930555555555557,0.1909722222222222,0.13611111111111113,-0.009027777777777801,-0.028260869565217395
0.1,0.2,1.0,0.2222222222222222,0.06944444444444443,48,0.21180555555555555,0.16319444444444445,0.18333333333333335,0.20833333333333334,0.2,0.13611111111111113,-0.011805555555555541,-0.025000000000000022
0.1,0.2,1.25,0.2222222222222222,0.06944444444444443,48,0.21180555555555555,0.16319444444444445,0.18333333333333335,0.20833333333333334,0.2,0.13611111111111113,-0.011805555555555541,-0.025000000000000022
0.1,0.2,1.5,0.2222222222222222,0.06944444444444443,48,0.21180555555555555,0.16319444444444445,0.18333333333333335,0.20833333333333334,0.2,0.13611111111111113,-0.011805555555555541,-0.025000000000000022
0.1,0.25,0.3,0.5277777777777778,0.3796296296296296,34,0.11527777777777778,0.11875000000000001,0.08680555555555555,0.10972222222222222,0.10416666666666667,0.11666666666666667,-0.014583333333333337,-0.057352941176470607
0.1,0.25,0.5,0.3333333333333333,0.19907407407407407,42,0.15069444444444446,0.1326388888888889,0.12638888888888888,0.1597222222222222,0.14583333333333334,0.13055555555555556,-0.004861111111111122,-0.033333333333333354
0.1,0.25,0.75,0.16666666666666666,0.0787037037037037,48,0.2,0.1423611111111111,0.1625,0.21041666666666667,0.20069444444444445,0.13958333333333334,0.000694444444444442,-0.01874999999999999
0.1,0.25,1.0,0.1388888888888889,0.05092592592592593,50,0.21180555555555555,0.16597222222222224,0.18472222222222223,0.21944444444444444,0.20972222222222225,0.13958333333333334,-0.002083333333333298,-0.016000000000000014
0.1,0.25,1.25,0.1388888888888889,0.05092592592592593,50,0.21180555555555555,0.16597222222222224,0.18472222222222223,0.21944444444444444,0.20972222222222225,0.13958333333333334,-0.002083333333333298,-0.016000000000000014
0.1,0.25,1.5,0.1388888888888889,0.05092592592592593,50,0.21180555555555555,0.16597222222222224,0.18472222222222223,0.21944444444444444,0.20972222222222225,0.13958333333333334,-0.002083333333333298,-0.016000000000000014
