dataset_id,model,family,shift_axis,shift_lambda,seed,split_policy,clean_split_passed,leakage_risk_level,applicable,status,error_message,accuracy,auc,nll,nll_norm,ece,utility,n_train,best_gbdt,reference_utility,failed,failure_reason,metric_notes
car,catboost_tuned,gbdt,covariate_shift,0.0,753924289,test_only,True,low,True,ok,,0.9845857418111753,0.9996641823855319,0.0619182719377162,0.044664591932478716,0.03470465981677221,0.4772300155635144,1209,xgboost_tuned,0.4892056833724835,False,,
car,catboost_tuned,gbdt,covariate_shift,0.05,721500663,test_only,True,low,True,ok,,0.9865125240847784,0.9996999944314922,0.061246116509658916,0.0441797342810963,0.03810735158061755,0.4769964860632866,1209,xgboost_tuned,0.4892056833724835,False,,
car,catboost_tuned,gbdt,covariate_shift,0.1,3859582947,test_only,True,low,True,ok,,0.9865125240847784,0.9996623276213329,0.06255670248344648,0.045125122223617274,0.036498539722941745,0.4770214486685097,1209,xgboost_tuned,0.4892056833724835,False,,
car,catboost_tuned,gbdt,covariate_shift,0.2,1810657330,test_only,True,low,True,ok,,0.9865125240847784,0.9996677085942128,0.0621761508197048,0.04485061222457618,0.03532445418450719,0.47734050211641693,1209,xgboost_tuned,0.4892056833724835,False,,
car,catboost_tuned,gbdt,covariate_shift,0.3,2876542023,test_only,True,low,True,ok,,0.976878612716763,0.9991122464066905,0.0658740131062405,0.04751805601591388,0.022260992707565937,0.4775134628035687,1209,xgboost_tuned,0.4892056833724835,False,,
car,catboost_tuned,gbdt,covariate_shift,0.4,1149131185,test_only,True,low,True,ok,,0.9884393063583815,0.9997411874503322,0.05964377105998183,0.04302388636407623,0.0385500598976992,0.4775581336726108,1209,xgboost_tuned,0.4892056833724835,False,,
car,xgboost_tuned,gbdt,covariate_shift,0.0,753924289,test_only,True,low,True,ok,,0.9903660886319846,0.9997866164862389,0.031364587992777346,0.022624767778352702,0.012435576794959852,0.4892056833724835,1209,xgboost_tuned,0.4892056833724835,False,,
car,xgboost_tuned,gbdt,covariate_shift,0.05,721500663,test_only,True,low,True,ok,,0.9903660886319846,0.9997866164862389,0.031364587992777346,0.022624767778352702,0.012435576794959852,0.4892056833724835,1209,xgboost_tuned,0.4892056833724835,False,,
car,xgboost_tuned,gbdt,covariate_shift,0.1,3859582947,test_only,True,low,True,ok,,0.9903660886319846,0.9997866164862389,0.031364587992777346,0.022624767778352702,0.012435576794959852,0.4892056833724835,1209,xgboost_tuned,0.4892056833724835,False,,
car,xgboost_tuned,gbdt,covariate_shift,0.2,1810657330,test_only,True,low,True,ok,,0.9903660886319846,0.9997866164862389,0.031364587992777346,0.022624767778352702,0.012435576794959852,0.4892056833724835,1209,xgboost_tuned,0.4892056833724835,False,,
car,xgboost_tuned,gbdt,covariate_shift,0.3,2876542023,test_only,True,low,True,ok,,0.9903660886319846,0.9997866164862389,0.031364587992777346,0.022624767778352702,0.012435576794959852,0.4892056833724835,1209,xgboost_tuned,0.4892056833724835,False,,
car,xgboost_tuned,gbdt,covariate_shift,0.4,1149131185,test_only,True,low,True,ok,,0.9922928709055877,0.9994980826718767,0.037353700130049385,0.02694499896823784,0.016718584382278974,0.4872410430040678,1209,xgboost_tuned,0.4892056833724835,False,,
car,catboost_tuned,gbdt,label_noise,0.0,1378653968,train_only,True,low,True,ok,,0.9845857418111753,0.9996641823855319,0.0619182719377162,0.044664591932478716,0.03470465981677221,0.4772300155635144,1209,xgboost_tuned,0.4892056833724835,False,,
car,catboost_tuned,gbdt,label_noise,0.05,2251075837,train_only,True,low,True,ok,,0.9633911368015414,0.9972338349976037,0.1744032214892324,0.12580533137878755,0.09616412630115571,0.4365660880955251,1209,xgboost_tuned,0.4892056833724835,True,utility_gap,
car,catboost_tuned,gbdt,label_noise,0.1,719645287,train_only,True,low,True,ok,,0.9556840077071291,0.9964551631299239,0.24002076090260863,0.17313838073229454,0.14812420625315298,0.4105455527812238,1209,xgboost_tuned,0.4892056833724835,True,utility_gap;ece,
car,catboost_tuned,gbdt,label_noise,0.2,68887170,train_only,True,low,True,ok,,0.9267822736030829,0.9905819344532772,0.45997394498660105,0.33180106468515114,0.25945761269274636,0.3342891761550148,1209,xgboost_tuned,0.4892056833724835,True,utility_gap;ece,
car,catboost_tuned,gbdt,label_noise,0.3,2650549459,train_only,True,low,True,ok,,0.8882466281310212,0.9720571286440648,0.6121388202161541,0.4415648201307331,0.3067033257999181,0.2796468780458723,1209,xgboost_tuned,0.4892056833724835,True,utility_gap;ece,
car,catboost_tuned,gbdt,label_noise,0.4,286087698,train_only,True,low,True,ok,,0.8728323699421965,0.9394903592660961,0.758810287682124,0.547365919507264,0.36707909873818306,0.2221208856346472,1209,xgboost_tuned,0.4892056833724835,True,utility_gap;ece,
car,xgboost_tuned,gbdt,label_noise,0.0,1378653968,train_only,True,low,True,ok,,0.9903660886319846,0.9997866164862389,0.031364587992777346,0.022624767778352702,0.012435576794959852,0.4892056833724835,1209,xgboost_tuned,0.4892056833724835,False,,
car,xgboost_tuned,gbdt,label_noise,0.05,2251075837,train_only,True,low,True,ok,,0.9672447013487476,0.9973784858959481,0.14724952673280828,0.10621808099533468,0.07263916067694935,0.4477759188319037,1209,xgboost_tuned,0.4892056833724835,True,utility_gap,
car,xgboost_tuned,gbdt,label_noise,0.1,719645287,train_only,True,low,True,ok,,0.9152215799614644,0.9833904829594258,0.33160476052309634,0.2392022717709217,0.1477823966928264,0.38015274516017683,1209,xgboost_tuned,0.4892056833724835,True,utility_gap;ece,
car,xgboost_tuned,gbdt,label_noise,0.2,68887170,train_only,True,low,True,ok,,0.8921001926782274,0.9775911396996642,0.45544541934163335,0.3285344239398844,0.21048711594093733,0.33531417742646374,1209,xgboost_tuned,0.4892056833724835,True,utility_gap;ece,
car,xgboost_tuned,gbdt,label_noise,0.3,2650549459,train_only,True,low,True,ok,,0.8863198458574181,0.9505352505875914,0.5923531758038697,0.4272924945935356,0.2860015022982795,0.28024726574655306,1209,xgboost_tuned,0.4892056833724835,True,utility_gap;ece,
car,xgboost_tuned,gbdt,label_noise,0.4,286087698,train_only,True,low,True,ok,,0.8651252408477842,0.8973021887568056,0.7233874570461685,0.5218137484608927,0.3281662690490407,0.22164717384397364,1209,xgboost_tuned,0.4892056833724835,True,utility_gap;ece,
churn,catboost_tuned,gbdt,covariate_shift,0.0,1230650370,test_only,True,low,True,ok,,0.956,0.908868510488691,0.16036456190893653,0.23135715820035388,0.015529564592290858,0.3889909182924775,3500,catboost_tuned,0.3889909182924775,False,,
churn,catboost_tuned,gbdt,covariate_shift,0.05,744225428,test_only,True,low,True,ok,,0.948,0.9073230399624984,0.1723670835541424,0.24867313665605487,0.014276024219230651,0.3823059181462119,3500,catboost_tuned,0.3889909182924775,False,,
churn,catboost_tuned,gbdt,covariate_shift,0.1,3492426655,test_only,True,low,True,ok,,0.9073333333333333,0.8655513887261221,0.2552308757335719,0.36822031870257144,0.02364315794770929,0.32384825885382945,3500,catboost_tuned,0.3889909182924775,True,utility_gap,
churn,catboost_tuned,gbdt,covariate_shift,0.2,1119641414,test_only,True,low,True,ok,,0.8293333333333334,0.8245597972577053,0.45562960998251145,0.6573345788039419,0.08058156569293917,0.1996792422604265,3500,catboost_tuned,0.3889909182924775,True,utility_gap,
churn,catboost_tuned,gbdt,covariate_shift,0.3,2078396232,test_only,True,low,True,ok,,0.7213333333333334,0.7615873666940115,0.7704276594182208,1.1114921636063584,0.1711811951835236,0.007071690224291806,3500,catboost_tuned,0.3889909182924775,True,utility_gap;ece;nll,
churn,catboost_tuned,gbdt,covariate_shift,0.4,2263623152,test_only,True,low,True,ok,,0.622,0.7304985058010078,1.0530125000655488,1.5191759118386565,0.2559173222733632,-0.15796176097591685,3500,catboost_tuned,0.3889909182924775,True,utility_gap;ece;nll,
churn,xgboost_tuned,gbdt,covariate_shift,0.0,1230650370,test_only,True,low,True,ok,,0.9466666666666667,0.9074292452830188,0.1696487930557615,0.24475147243434514,0.01988491339374756,0.3821978114400035,3500,catboost_tuned,0.3889909182924775,False,,
churn,xgboost_tuned,gbdt,covariate_shift,0.05,744225428,test_only,True,low,True,ok,,0.9393333333333334,0.8964205144732217,0.1945796440145751,0.28071908747776736,0.02011354687040138,0.3664087444482171,3500,catboost_tuned,0.3889909182924775,False,,
churn,xgboost_tuned,gbdt,covariate_shift,0.1,3492426655,test_only,True,low,True,ok,,0.9073333333333333,0.8791127094808391,0.2553408384906127,0.3683789614268367,0.027049106768672282,0.3278659385365082,3500,catboost_tuned,0.3889909182924775,True,utility_gap,
churn,xgboost_tuned,gbdt,covariate_shift,0.2,1119641414,test_only,True,low,True,ok,,0.8706666666666667,0.7901309621469589,0.3479559591286367,0.501994336682647,0.038554738967972145,0.24883658795304703,3500,catboost_tuned,0.3889909182924775,True,utility_gap,
churn,xgboost_tuned,gbdt,covariate_shift,0.3,2078396232,test_only,True,low,True,ok,,0.826,0.7222877358490566,0.44124467893473956,0.6365815101177916,0.042604629633823284,0.17720532858506766,3500,catboost_tuned,0.3889909182924775,True,utility_gap,
churn,xgboost_tuned,gbdt,covariate_shift,0.4,2263623152,test_only,True,low,True,ok,,0.7713333333333333,0.6884668346419782,0.532479003561803,0.7682048178161099,0.05075947030255073,0.1160500527193492,3500,catboost_tuned,0.3889909182924775,True,utility_gap;nll,
churn,catboost_tuned,gbdt,label_noise,0.0,2928313127,train_only,True,low,True,ok,,0.956,0.908868510488691,0.16036456190893653,0.23135715820035388,0.015529564592290858,0.3889909182924775,3500,catboost_tuned,0.3889909182924775,False,,
churn,catboost_tuned,gbdt,label_noise,0.05,2807402912,train_only,True,low,True,ok,,0.952,0.9097108285479901,0.19010252427928814,0.27425996903820277,0.060616744236722996,0.3667974504329911,3500,catboost_tuned,0.3889909182924775,False,,
churn,catboost_tuned,gbdt,label_noise,0.1,1487794769,train_only,True,low,True,ok,,0.9386666666666666,0.909296994023204,0.24935628604269539,0.3597450772882865,0.10877683437421154,0.3293750578467931,3500,catboost_tuned,0.3889909182924775,True,utility_gap;ece,
churn,catboost_tuned,gbdt,label_noise,0.2,252632925,train_only,True,low,True,ok,,0.9313333333333333,0.8786073186452595,0.35714229146687543,0.515247412790982,0.19500040705206817,0.25363825627813263,3500,catboost_tuned,0.3889909182924775,True,utility_gap;ece,
churn,catboost_tuned,gbdt,label_noise,0.3,2690041309,train_only,True,low,True,ok,,0.896,0.8244572541896168,0.47135560228385326,0.6800223899101456,0.24027406495234868,0.1708985090028524,3500,catboost_tuned,0.3889909182924775,True,utility_gap;ece,
churn,catboost_tuned,gbdt,label_noise,0.4,164813029,train_only,True,low,True,ok,,0.86,0.7115060646900269,0.5816082711406717,0.8390833685146507,0.2826932629164329,0.06976345950382759,3500,catboost_tuned,0.3889909182924775,True,utility_gap;ece;nll,
churn,xgboost_tuned,gbdt,label_noise,0.0,2928313127,train_only,True,low,True,ok,,0.9466666666666667,0.9074292452830188,0.1696487930557615,0.24475147243434514,0.01988491339374756,0.3821978114400035,3500,catboost_tuned,0.3889909182924775,False,,
churn,xgboost_tuned,gbdt,label_noise,0.05,2807402912,train_only,True,low,True,ok,,0.9473333333333334,0.8999875483417321,0.19819864556099567,0.2859402030617578,0.05278834523025088,0.3607559119550287,3500,catboost_tuned,0.3889909182924775,False,,
churn,xgboost_tuned,gbdt,label_noise,0.1,1487794769,train_only,True,low,True,ok,,0.9373333333333334,0.8995883628266729,0.26145607895703055,0.37720138852158125,0.11238131892649307,0.31981924664756256,3500,catboost_tuned,0.3889909182924775,True,utility_gap;ece,
churn,xgboost_tuned,gbdt,label_noise,0.2,252632925,train_only,True,low,True,ok,,0.92,0.8708470057424118,0.35948761641353577,0.518631001460802,0.1886393625332899,0.24947927906494555,3500,catboost_tuned,0.3889909182924775,True,utility_gap;ece,
churn,xgboost_tuned,gbdt,label_noise,0.3,2690041309,train_only,True,low,True,ok,,0.8946666666666667,0.7973236259228875,0.46345910435420123,0.6686301515066467,0.22890013712969348,0.16689419619507787,3500,catboost_tuned,0.3889909182924775,True,utility_gap;ece,
churn,xgboost_tuned,gbdt,label_noise,0.4,164813029,train_only,True,low,True,ok,,0.812,0.6622377827258878,0.5832876796047269,0.8415062427773702,0.22073592817062612,0.05698416548672447,3500,catboost_tuned,0.3889909182924775,True,utility_gap;ece;nll,
credit-approval,catboost_tuned,gbdt,covariate_shift,0.0,1907374771,test_only,True,low,True,ok,,0.8502415458937198,0.9198487712665407,0.36690060165954747,0.5293256785134062,0.04719305136295199,0.28124698800073494,483,catboost_tuned,0.28124698800073494,False,,
credit-approval,catboost_tuned,gbdt,covariate_shift,0.05,1116143326,test_only,True,low,True,ok,,0.8454106280193237,0.904725897920605,0.4180041608078381,0.6030525298684208,0.08457953454659177,0.2456339926052656,483,catboost_tuned,0.28124698800073494,True,utility_gap,
credit-approval,catboost_tuned,gbdt,covariate_shift,0.1,3283448085,test_only,True,low,True,ok,,0.8454106280193237,0.9068998109640831,0.43089543930249913,0.6216507134233868,0.08751797158609001,0.2402277196960935,483,catboost_tuned,0.28124698800073494,True,utility_gap,
credit-approval,catboost_tuned,gbdt,covariate_shift,0.2,3344708337,test_only,True,low,True,ok,,0.8454106280193237,0.9000945179584121,0.45404454114833237,0.655047807857404,0.0756556799315979,0.23019919714480194,483,catboost_tuned,0.28124698800073494,True,utility_gap,
credit-approval,catboost_tuned,gbdt,covariate_shift,0.3,3157450801,test_only,True,low,True,ok,,0.8454106280193237,0.9017013232514178,0.48794388191994087,0.7039542186780087,0.1061242278310946,0.2099959461712733,483,catboost_tuned,0.28124698800073494,True,utility_gap;ece,
credit-approval,catboost_tuned,gbdt,covariate_shift,0.4,993165435,test_only,True,low,True,ok,,0.8454106280193237,0.8953686200378072,0.5351761099544132,0.7720959198334786,0.1518835299878843,0.1781851292685106,483,catboost_tuned,0.28124698800073494,True,utility_gap;ece;nll,
credit-approval,xgboost_tuned,gbdt,covariate_shift,0.0,1907374771,test_only,True,low,True,ok,,0.8405797101449275,0.9174385633270321,0.39197697673758064,0.5655032404819562,0.07122509676207806,0.2632944621891979,483,catboost_tuned,0.28124698800073494,False,,
credit-approval,xgboost_tuned,gbdt,covariate_shift,0.05,1116143326,test_only,True,low,True,ok,,0.8647342995169082,0.9117674858223062,0.39831154641377625,0.5746420927399692,0.07194472375883312,0.2620471923915859,483,catboost_tuned,0.28124698800073494,False,,
credit-approval,xgboost_tuned,gbdt,covariate_shift,0.1,3283448085,test_only,True,low,True,ok,,0.8454106280193237,0.8975897920604915,0.47727015090010977,0.6885552798679156,0.10255879305820981,0.2138896788520539,483,catboost_tuned,0.28124698800073494,True,utility_gap;ece,
credit-approval,xgboost_tuned,gbdt,covariate_shift,0.2,3344708337,test_only,True,low,True,ok,,0.8454106280193237,0.8935255198487713,0.4986387528203542,0.7193836558889827,0.12397670791425011,0.19893508780042363,483,catboost_tuned,0.28124698800073494,True,utility_gap;ece,
credit-approval,xgboost_tuned,gbdt,covariate_shift,0.3,3157450801,test_only,True,low,True,ok,,0.8357487922705314,0.8676748582230623,0.5945091271147259,0.8576953694516415,0.1511531544035814,0.14150927750244277,483,catboost_tuned,0.28124698800073494,True,utility_gap;ece;nll,
credit-approval,xgboost_tuned,gbdt,covariate_shift,0.4,993165435,test_only,True,low,True,ok,,0.8309178743961353,0.8843572778827978,0.5886711972220858,0.8492730169464722,0.16379616457842336,0.1466215904187732,483,catboost_tuned,0.28124698800073494,True,utility_gap;ece;nll,
credit-approval,catboost_tuned,gbdt,label_noise,0.0,1549211154,train_only,True,low,True,ok,,0.8502415458937198,0.9198487712665407,0.36690060165954747,0.5293256785134062,0.04719305136295199,0.28124698800073494,483,catboost_tuned,0.28124698800073494,False,,
credit-approval,catboost_tuned,gbdt,label_noise,0.05,385198725,train_only,True,low,True,ok,,0.8357487922705314,0.9215500945179583,0.3615693908750042,0.5216343671526118,0.043491090800812655,0.2827163236159191,483,catboost_tuned,0.28124698800073494,False,,
credit-approval,catboost_tuned,gbdt,label_noise,0.1,2585233552,train_only,True,low,True,ok,,0.8599033816425121,0.9315689981096408,0.35262868887338933,0.508735660712816,0.10789773533461917,0.28083441130398246,483,catboost_tuned,0.28124698800073494,True,ece,
credit-approval,catboost_tuned,gbdt,label_noise,0.2,6644746,train_only,True,low,True,ok,,0.8164251207729468,0.8967863894139887,0.4404065429228508,0.6353723354498493,0.09514134962996586,0.22669903384989004,483,catboost_tuned,0.28124698800073494,True,utility_gap,
credit-approval,catboost_tuned,gbdt,label_noise,0.3,2084654547,train_only,True,low,True,ok,,0.8067632850241546,0.8495274102079394,0.5212257840428226,0.751969853822042,0.16427590163745853,0.15990294985229772,483,catboost_tuned,0.28124698800073494,True,utility_gap;ece;nll,
credit-approval,catboost_tuned,gbdt,label_noise,0.4,1012266472,train_only,True,low,True,ok,,0.7439613526570048,0.803875236294896,0.5991932760398619,0.8644531678767206,0.1481283654984981,0.10398891213904853,483,catboost_tuned,0.28124698800073494,True,utility_gap;ece;nll,
credit-approval,xgboost_tuned,gbdt,label_noise,0.0,1549211154,train_only,True,low,True,ok,,0.8405797101449275,0.9174385633270321,0.39197697673758064,0.5655032404819562,0.07122509676207806,0.2632944621891979,483,catboost_tuned,0.28124698800073494,False,,
credit-approval,xgboost_tuned,gbdt,label_noise,0.05,385198725,train_only,True,low,True,ok,,0.8309178743961353,0.9058128544423439,0.3960284724555228,0.5713483132624142,0.031273832589333556,0.2640129197176496,483,catboost_tuned,0.28124698800073494,False,,
credit-approval,xgboost_tuned,gbdt,label_noise,0.1,2585233552,train_only,True,low,True,ok,,0.8309178743961353,0.9136105860113422,0.3743697566451198,0.5401013913707224,0.06118109796273917,0.27013474925962544,483,catboost_tuned,0.28124698800073494,False,,
credit-approval,xgboost_tuned,gbdt,label_noise,0.2,6644746,train_only,True,low,True,ok,,0.8019323671497585,0.8773156899810964,0.44827252697393594,0.6467205516320614,0.0461153213768613,0.2241111168008568,483,catboost_tuned,0.28124698800073494,True,utility_gap,
credit-approval,xgboost_tuned,gbdt,label_noise,0.3,2084654547,train_only,True,low,True,ok,,0.7584541062801933,0.8065689981096408,0.5544859642916631,0.7999541509261172,0.09950563041707634,0.13617989391915283,483,catboost_tuned,0.28124698800073494,True,utility_gap;nll,
credit-approval,xgboost_tuned,gbdt,label_noise,0.4,1012266472,train_only,True,low,True,ok,,0.6618357487922706,0.7145557655954631,0.6245507356159373,0.9010362490566669,0.04814374053707002,0.06943025745283864,483,catboost_tuned,0.28124698800073494,True,utility_gap;nll,
credit-g,catboost_tuned,gbdt,covariate_shift,0.0,2636456702,test_only,True,low,True,ok,,0.7766666666666666,0.798095238095238,0.4863068853062767,0.7015925317815234,0.06253229276743448,0.17284911524538937,700,catboost_tuned,0.17284911524538937,False,,
credit-g,catboost_tuned,gbdt,covariate_shift,0.05,3210124715,test_only,True,low,True,ok,,0.77,0.8034920634920635,0.4833200822800557,0.6972834858674821,0.06954840580204694,0.17362749530156818,700,catboost_tuned,0.17284911524538937,False,,
credit-g,catboost_tuned,gbdt,covariate_shift,0.1,1183950779,test_only,True,low,True,ok,,0.79,0.8052380952380953,0.4837050103017094,0.6978388196154212,0.06244884054750625,0.17849191933920572,700,catboost_tuned,0.17284911524538937,False,,
credit-g,catboost_tuned,gbdt,covariate_shift,0.2,3332046764,test_only,True,low,True,ok,,0.7533333333333333,0.8082539682539682,0.4808963345917213,0.6937867570971561,0.05298739792544541,0.17715538217465293,700,catboost_tuned,0.17284911524538937,False,,
credit-g,catboost_tuned,gbdt,covariate_shift,0.3,1003290627,test_only,True,low,True,ok,,0.73,0.7979365079365079,0.5030609238037972,0.7257635000367589,0.08020304508168599,0.15500811875041284,700,catboost_tuned,0.17284911524538937,False,,
credit-g,catboost_tuned,gbdt,covariate_shift,0.4,1207644330,test_only,True,low,True,ok,,0.7533333333333333,0.7901587301587302,0.5117830528566876,0.7383468723673574,0.08679409268539431,0.15069267530826946,700,catboost_tuned,0.17284911524538937,False,,
credit-g,xgboost_tuned,gbdt,covariate_shift,0.0,2636456702,test_only,True,low,True,ok,,0.75,0.7862962962962964,0.4953189162006693,0.7145941440612017,0.07443059380354829,0.15843934172463356,700,catboost_tuned,0.17284911524538937,False,,
credit-g,xgboost_tuned,gbdt,covariate_shift,0.05,3210124715,test_only,True,low,True,ok,,0.7466666666666667,0.7843386243386243,0.4952387486605766,0.7144784867486697,0.038669269092522135,0.16444111867541317,700,catboost_tuned,0.17284911524538937,False,,
credit-g,xgboost_tuned,gbdt,covariate_shift,0.1,1183950779,test_only,True,low,True,ok,,0.7766666666666666,0.796984126984127,0.48406642069538436,0.6983602245981018,0.05004947107343463,0.17592648285032697,700,catboost_tuned,0.17284911524538937,False,,
credit-g,xgboost_tuned,gbdt,covariate_shift,0.2,3332046764,test_only,True,low,True,ok,,0.7433333333333333,0.7921693121693121,0.4886196310508816,0.7049291185981018,0.04901017272663964,0.16747848913450072,700,catboost_tuned,0.17284911524538937,False,,
credit-g,xgboost_tuned,gbdt,covariate_shift,0.3,1003290627,test_only,True,low,True,ok,,0.7366666666666667,0.7782539682539682,0.5022191636527316,0.7245490968411986,0.056965671303944795,0.15413102557574032,700,catboost_tuned,0.17284911524538937,False,,
credit-g,xgboost_tuned,gbdt,covariate_shift,0.4,1207644330,test_only,True,low,True,ok,,0.7466666666666667,0.7773544973544972,0.5122319959817939,0.7389945603875896,0.045317363239549886,0.15331223330988716,700,catboost_tuned,0.17284911524538937,False,,
credit-g,catboost_tuned,gbdt,label_noise,0.0,358602629,train_only,True,low,True,ok,,0.7766666666666666,0.798095238095238,0.4863068853062767,0.7015925317815234,0.06253229276743448,0.17284911524538937,700,catboost_tuned,0.17284911524538937,False,,
credit-g,catboost_tuned,gbdt,label_noise,0.05,1242578702,train_only,True,low,True,ok,,0.8,0.8043386243386244,0.4910488446661777,0.7084337330341495,0.08657444533168032,0.17167350954193758,700,catboost_tuned,0.17284911524538937,False,,
credit-g,catboost_tuned,gbdt,label_noise,0.1,1985493449,train_only,True,low,True,ok,,0.7766666666666666,0.7803174603174603,0.5162646653885872,0.7448124725423149,0.09046807310285959,0.1480737547278447,700,catboost_tuned,0.17284911524538937,False,,
credit-g,catboost_tuned,gbdt,label_noise,0.2,1435355987,train_only,True,low,True,ok,,0.74,0.7353439153439153,0.5525029838945062,0.797093314940959,0.08307938627534774,0.1126264986330131,700,catboost_tuned,0.17284911524538937,True,utility_gap;nll,
credit-g,catboost_tuned,gbdt,label_noise,0.3,735775633,train_only,True,low,True,ok,,0.6766666666666666,0.626825396825397,0.6203267651963965,0.8949423478795338,0.07012797118515411,0.038380590287997944,700,catboost_tuned,0.17284911524538937,True,utility_gap;nll,
credit-g,catboost_tuned,gbdt,label_noise,0.4,3553327825,train_only,True,low,True,ok,,0.6933333333333334,0.5868253968253968,0.6379936618737094,0.9204302921037908,0.11203992974117287,0.010851815309517055,700,catboost_tuned,0.17284911524538937,True,utility_gap;ece;nll,
credit-g,xgboost_tuned,gbdt,label_noise,0.0,358602629,train_only,True,low,True,ok,,0.75,0.7862962962962964,0.4953189162006693,0.7145941440612017,0.07443059380354829,0.15843934172463356,700,catboost_tuned,0.17284911524538937,False,,
credit-g,xgboost_tuned,gbdt,label_noise,0.05,1242578702,train_only,True,low,True,ok,,0.76,0.7991005291005291,0.48622050558584884,0.7014679121872287,0.04344731438907686,0.17455534865120115,700,catboost_tuned,0.17284911524538937,False,,
credit-g,xgboost_tuned,gbdt,label_noise,0.1,1985493449,train_only,True,low,True,ok,,0.7433333333333333,0.7558730158730158,0.5245254731522214,0.756730298936647,0.04578869345638017,0.13987872718328534,700,catboost_tuned,0.17284911524538937,True,utility_gap;nll,
credit-g,xgboost_tuned,gbdt,label_noise,0.2,1435355987,train_only,True,low,True,ok,,0.7266666666666667,0.732116402116402,0.5538536892214736,0.7990419708178771,0.049850238777346005,0.11555810173990838,700,catboost_tuned,0.17284911524538937,True,utility_gap;nll,
credit-g,xgboost_tuned,gbdt,label_noise,0.3,735775633,train_only,True,low,True,ok,,0.6233333333333333,0.603015873015873,0.6395761914974624,0.922713399744039,0.05830844595139193,0.01607984644206544,700,catboost_tuned,0.17284911524538937,True,utility_gap;nll,
credit-g,xgboost_tuned,gbdt,label_noise,0.4,3553327825,train_only,True,low,True,ok,,0.6166666666666667,0.5633333333333334,0.6513039156347395,0.9396329291978026,0.043763981389994266,-0.0009760083706730205,700,catboost_tuned,0.17284911524538937,True,utility_gap;nll,
eucalyptus,catboost_tuned,gbdt,covariate_shift,0.0,388359511,test_only,True,low,True,ok,,0.6968325791855203,0.9126303340868454,0.7659771273826176,0.47592834831643815,0.09285808283793913,0.26259538274570465,515,catboost_tuned,0.26259538274570465,False,,
eucalyptus,catboost_tuned,gbdt,covariate_shift,0.05,1468235247,test_only,True,low,True,ok,,0.5701357466063348,0.875111550217637,0.9488885811373077,0.589577624465312,0.1070286513653555,0.1935303869544584,515,catboost_tuned,0.26259538274570465,True,utility_gap;ece,
eucalyptus,catboost_tuned,gbdt,covariate_shift,0.1,2813244423,test_only,True,low,True,ok,,0.502262443438914,0.8399973191731755,1.1485895291029071,0.7136587999010102,0.13834414959663166,0.1275719583368191,515,catboost_tuned,0.26259538274570465,True,utility_gap;ece,
eucalyptus,catboost_tuned,gbdt,covariate_shift,0.2,843169740,test_only,True,low,True,ok,,0.3665158371040724,0.7721045091995254,1.6486712142942241,1.0243770210438174,0.27327345178157636,-0.0367538428840158,515,catboost_tuned,0.26259538274570465,True,utility_gap;ece;nll,
eucalyptus,catboost_tuned,gbdt,covariate_shift,0.3,3234733710,test_only,True,low,True,ok,,0.3257918552036199,0.7109182279607169,2.0856416784947927,1.295882035822361,0.32573838781566533,-0.15622213024304749,515,catboost_tuned,0.26259538274570465,True,utility_gap;ece;nll,
eucalyptus,catboost_tuned,gbdt,covariate_shift,0.4,590659504,test_only,True,low,True,ok,,0.27601809954751133,0.6580481097946045,2.4324649468016233,1.5113754485395363,0.4138710575434694,-0.26446729271031655,515,catboost_tuned,0.26259538274570465,True,utility_gap;ece;nll,
eucalyptus,xgboost_tuned,gbdt,covariate_shift,0.0,388359511,test_only,True,low,True,ok,,0.6561085972850679,0.903237022720939,0.7742701051063023,0.48108106508768816,0.1612345455051242,0.23797801891775744,515,catboost_tuned,0.26259538274570465,True,ece,
eucalyptus,xgboost_tuned,gbdt,covariate_shift,0.05,1468235247,test_only,True,low,True,ok,,0.5203619909502263,0.8558623798891792,1.0758514222588627,0.6684640730450757,0.14928927687783983,0.14720905431465597,515,catboost_tuned,0.26259538274570465,True,utility_gap;ece,
eucalyptus,xgboost_tuned,gbdt,covariate_shift,0.1,2813244423,test_only,True,low,True,ok,,0.48868778280542985,0.8361584229963958,1.210847052556644,0.7523415741619812,0.17951190117527388,0.10435376298590386,515,catboost_tuned,0.26259538274570465,True,utility_gap;ece;nll,
eucalyptus,xgboost_tuned,gbdt,covariate_shift,0.2,843169740,test_only,True,low,True,ok,,0.39819004524886875,0.7830459671614481,1.6126516481702795,1.0019968062833309,0.2814567987671267,-0.023095806344587445,515,catboost_tuned,0.26259538274570465,True,utility_gap;ece;nll,
eucalyptus,xgboost_tuned,gbdt,covariate_shift,0.3,3234733710,test_only,True,low,True,ok,,0.35294117647058826,0.7223283018124894,2.202054976188792,1.3682136845269306,0.33673324233532453,-0.17205467172018457,515,catboost_tuned,0.26259538274570465,True,utility_gap;ece;nll,
eucalyptus,xgboost_tuned,gbdt,covariate_shift,0.4,590659504,test_only,True,low,True,ok,,0.3031674208144796,0.6814100692075267,2.564496863638154,1.5934114909469423,0.40517535010549693,-0.2750898799603758,515,catboost_tuned,0.26259538274570465,True,utility_gap;ece;nll,
eucalyptus,catboost_tuned,gbdt,label_noise,0.0,3047671038,train_only,True,low,True,ok,,0.6968325791855203,0.9126303340868454,0.7659771273826176,0.47592834831643815,0.09285808283793913,0.26259538274570465,515,catboost_tuned,0.26259538274570465,False,,
eucalyptus,catboost_tuned,gbdt,label_noise,0.05,3920340813,train_only,True,low,True,ok,,0.6877828054298643,0.9066025673698801,0.8123680081032685,0.5047526231531666,0.08742972431309703,0.25156658758536826,515,catboost_tuned,0.26259538274570465,False,,
eucalyptus,catboost_tuned,gbdt,label_noise,0.1,961916056,train_only,True,low,True,ok,,0.6380090497737556,0.9042360252257765,0.8430666155991668,0.5238267404327017,0.10979144920330243,0.23307765432461405,515,catboost_tuned,0.26259538274570465,True,ece,
eucalyptus,catboost_tuned,gbdt,label_noise,0.2,596624435,train_only,True,low,True,ok,,0.6470588235294118,0.886996671911155,0.9740888187693447,0.6052354124653004,0.15544506256021715,0.19484802244668245,515,catboost_tuned,0.26259538274570465,True,utility_gap;ece,
eucalyptus,catboost_tuned,gbdt,label_noise,0.3,4272373003,train_only,True,low,True,ok,,0.5972850678733032,0.8643286379372146,1.109168466085759,0.6891651162909801,0.1978895536302157,0.14578033784568342,515,catboost_tuned,0.26259538274570465,True,utility_gap;ece,
eucalyptus,catboost_tuned,gbdt,label_noise,0.4,2286472737,train_only,True,low,True,ok,,0.5656108597285068,0.8619583139233269,1.2048687885365403,0.7486270698782701,0.21141188949215425,0.11965653997052851,515,catboost_tuned,0.26259538274570465,True,utility_gap;ece,
eucalyptus,xgboost_tuned,gbdt,label_noise,0.0,3047671038,train_only,True,low,True,ok,,0.6561085972850679,0.903237022720939,0.7742701051063023,0.48108106508768816,0.1612345455051242,0.23797801891775744,515,catboost_tuned,0.26259538274570465,True,ece,
eucalyptus,xgboost_tuned,gbdt,label_noise,0.05,3920340813,train_only,True,low,True,ok,,0.6606334841628959,0.8987145269507206,0.81457576373337,0.5061243788531193,0.047238048747538695,0.25236018365174295,515,catboost_tuned,0.26259538274570465,False,,
eucalyptus,xgboost_tuned,gbdt,label_noise,0.1,961916056,train_only,True,low,True,ok,,0.6289592760180995,0.8881306992282921,0.8751594323890212,0.5437671286526595,0.09908178431543122,0.22224314067373305,515,catboost_tuned,0.26259538274570465,True,utility_gap,
eucalyptus,xgboost_tuned,gbdt,label_noise,0.2,596624435,train_only,True,low,True,ok,,0.6018099547511312,0.8712030523025357,0.9706377383392637,0.603091135632116,0.1069159455620129,0.1928820317165198,515,catboost_tuned,0.26259538274570465,True,utility_gap;ece,
eucalyptus,xgboost_tuned,gbdt,label_noise,0.3,4272373003,train_only,True,low,True,ok,,0.5565610859728507,0.856443998795525,1.0276642036622208,0.6385236707317216,0.09611912210620858,0.17245863683360313,515,catboost_tuned,0.26259538274570465,True,utility_gap,
eucalyptus,xgboost_tuned,gbdt,label_noise,0.4,2286472737,train_only,True,low,True,ok,,0.5610859728506787,0.8212877309094324,1.152701973549387,0.7162140053020438,0.13190312555675016,0.13036877504393996,515,catboost_tuned,0.26259538274570465,True,utility_gap;ece,
kr-vs-kp,catboost_tuned,gbdt,covariate_shift,0.0,1593459504,test_only,True,low,True,ok,,0.9937434827945777,0.9994160151313094,0.020378914544519705,0.029400558952078548,0.0052677078599863685,0.4889834184575241,2237,catboost_tuned,0.4889834184575241,False,,
kr-vs-kp,catboost_tuned,gbdt,covariate_shift,0.05,805070326,test_only,True,low,True,ok,,0.9927007299270073,0.9992678398661193,0.02207033416489644,0.031840761650458356,0.0043831431281111865,0.4882199963214331,2237,catboost_tuned,0.4889834184575241,False,,
kr-vs-kp,catboost_tuned,gbdt,covariate_shift,0.1,4236857155,test_only,True,low,True,ok,,0.9927007299270073,0.9993288532106094,0.021689490261584586,0.03129132003979755,0.005570444653753175,0.48816872317007437,2237,catboost_tuned,0.4889834184575241,False,,
kr-vs-kp,catboost_tuned,gbdt,covariate_shift,0.2,3403802551,test_only,True,low,True,ok,,0.9927007299270073,0.9993462855947493,0.021051711595181728,0.030371199920593367,0.004022085810702668,0.48876053230889477,2237,catboost_tuned,0.4889834184575241,False,,
kr-vs-kp,catboost_tuned,gbdt,covariate_shift,0.3,2551614734,test_only,True,low,True,ok,,0.9927007299270073,0.9993637179788895,0.021779448895022497,0.03142110291414357,0.004360850318968629,0.4883839098436257,2237,catboost_tuned,0.4889834184575241,False,,
kr-vs-kp,catboost_tuned,gbdt,covariate_shift,0.4,1249275781,test_only,True,low,True,ok,,0.9895724713242962,0.9994203732273443,0.024334119095032285,0.035106712942804506,0.006691185363925043,0.4863627503725885,2237,catboost_tuned,0.4889834184575241,False,,
kr-vs-kp,xgboost_tuned,gbdt,covariate_shift,0.0,1593459504,test_only,True,low,True,ok,,0.9927007299270073,0.9995315046762371,0.02649666968546003,0.038226613955286114,0.009228268068535135,0.48542749832544113,2237,catboost_tuned,0.4889834184575241,False,,
kr-vs-kp,xgboost_tuned,gbdt,covariate_shift,0.05,805070326,test_only,True,low,True,ok,,0.9895724713242962,0.999457417043642,0.027959452443513406,0.0403369633862276,0.006634852503474108,0.484817907147356,2237,catboost_tuned,0.4889834184575241,False,,
kr-vs-kp,xgboost_tuned,gbdt,covariate_shift,0.1,4236857155,test_only,True,low,True,ok,,0.9927007299270073,0.9995750856365871,0.025999694121140567,0.03750962977319943,0.007249566059113694,0.48605358731807397,2237,catboost_tuned,0.4889834184575241,False,,
kr-vs-kp,xgboost_tuned,gbdt,covariate_shift,0.2,3403802551,test_only,True,low,True,ok,,0.9927007299270073,0.9995315046762371,0.02649666968546003,0.038226613955286114,0.009228268068535135,0.48542749832544113,2237,catboost_tuned,0.4889834184575241,False,,
kr-vs-kp,xgboost_tuned,gbdt,covariate_shift,0.3,2551614734,test_only,True,low,True,ok,,0.9927007299270073,0.9995750856365871,0.025999694121140567,0.03750962977319943,0.007249566059113694,0.48605358731807397,2237,catboost_tuned,0.4889834184575241,False,,
kr-vs-kp,xgboost_tuned,gbdt,covariate_shift,0.4,1249275781,test_only,True,low,True,ok,,0.9927007299270073,0.9995315046762371,0.02649666968546003,0.038226613955286114,0.009228268068535135,0.48542749832544113,2237,catboost_tuned,0.4889834184575241,False,,
kr-vs-kp,catboost_tuned,gbdt,label_noise,0.0,3723983239,train_only,True,low,True,ok,,0.9937434827945777,0.9994160151313094,0.020378914544519705,0.029400558952078548,0.0052677078599863685,0.4889834184575241,2237,catboost_tuned,0.4889834184575241,False,,
kr-vs-kp,catboost_tuned,gbdt,label_noise,0.05,4204106854,train_only,True,low,True,ok,,0.986444212721585,0.9983831463710136,0.11966008122117987,0.17263300577016677,0.08577422212545614,0.42845598698195125,2237,catboost_tuned,0.4889834184575241,True,utility_gap,
kr-vs-kp,catboost_tuned,gbdt,label_noise,0.1,1734619466,train_only,True,low,True,ok,,0.9812304483837331,0.9980475729763181,0.1898604888228973,0.2739107856855484,0.14180072027785265,0.38596783803803625,2237,catboost_tuned,0.4889834184575241,True,utility_gap;ece,
kr-vs-kp,catboost_tuned,gbdt,label_noise,0.2,192617077,train_only,True,low,True,ok,,0.9520333680917622,0.9955285934680858,0.32413247175103976,0.46762430958630713,0.23393350661223922,0.30416601872925436,2237,catboost_tuned,0.4889834184575241,True,utility_gap;ece,
kr-vs-kp,catboost_tuned,gbdt,label_noise,0.3,1518713911,train_only,True,low,True,ok,,0.9530761209593326,0.9934454235633536,0.4507546885062609,0.650301553765432,0.31348388325977905,0.23288007360948826,2237,catboost_tuned,0.4889834184575241,True,utility_gap;ece,
kr-vs-kp,catboost_tuned,gbdt,label_noise,0.4,196317964,train_only,True,low,True,ok,,0.835245046923879,0.9124676411369401,0.5984319451013616,0.8633547995072708,0.27305173663634325,0.13103364425706093,2237,catboost_tuned,0.4889834184575241,True,utility_gap;ece;nll,
kr-vs-kp,xgboost_tuned,gbdt,label_noise,0.0,3723983239,train_only,True,low,True,ok,,0.9927007299270073,0.9995315046762371,0.02649666968546003,0.038226613955286114,0.009228268068535135,0.48542749832544113,2237,catboost_tuned,0.4889834184575241,False,,
kr-vs-kp,xgboost_tuned,gbdt,label_noise,0.05,4204106854,train_only,True,low,True,ok,,0.9916579770594369,0.9981238396569306,0.0987867961583595,0.14251922092297417,0.07461659522882616,0.4404129551161838,2237,catboost_tuned,0.4889834184575241,True,utility_gap,
kr-vs-kp,xgboost_tuned,gbdt,label_noise,0.1,1734619466,train_only,True,low,True,ok,,0.9812304483837331,0.9976095843248002,0.19126439333676015,0.27593619176558,0.141666747794413,0.38523371468268336,2237,catboost_tuned,0.4889834184575241,True,utility_gap;ece,
kr-vs-kp,xgboost_tuned,gbdt,label_noise,0.2,192617077,train_only,True,low,True,ok,,0.9645464025026069,0.9959426125914111,0.30766901620716913,0.44387256391726904,0.21866758530971392,0.3163665885452614,2237,catboost_tuned,0.4889834184575241,True,utility_gap;ece,
kr-vs-kp,xgboost_tuned,gbdt,label_noise,0.3,1518713911,train_only,True,low,True,ok,,0.9447340980187695,0.9867295975734122,0.4313922368113752,0.6223674407257683,0.28215878557049745,0.24392348452167972,2237,catboost_tuned,0.4889834184575241,True,utility_gap;ece,
kr-vs-kp,xgboost_tuned,gbdt,label_noise,0.4,196317964,train_only,True,low,True,ok,,0.8050052137643379,0.8684094692710649,0.5890831585161455,0.8498673514624502,0.22487063570018265,0.12475976373075179,2237,catboost_tuned,0.4889834184575241,True,utility_gap;ece;nll,
optdigits,catboost_tuned,gbdt,covariate_shift,0.0,2070662251,test_only,True,low,True,ok,,0.9851720047449585,0.9998014719458566,0.05560484309465864,0.024148876523106384,0.013477733185045374,0.4877661062988526,3934,xgboost_tuned,0.48819490530819937,False,,
optdigits,catboost_tuned,gbdt,covariate_shift,0.05,4205413852,test_only,True,low,True,ok,,0.9780545670225386,0.9995744048410176,0.08596528174720214,0.03733424749806822,0.02570546131503857,0.4802178602353087,3934,xgboost_tuned,0.48819490530819937,False,,
optdigits,catboost_tuned,gbdt,covariate_shift,0.1,2667385677,test_only,True,low,True,ok,,0.972123368920522,0.9994567162185255,0.10862420931783597,0.04717489470783995,0.03313304003498349,0.47484927959521356,3934,xgboost_tuned,0.48819490530819937,False,,
optdigits,catboost_tuned,gbdt,covariate_shift,0.2,2364768541,test_only,True,low,True,ok,,0.9098457888493475,0.9973233409096984,0.32610146910240173,0.14162406857171683,0.08582237147515877,0.42588834277924975,3934,xgboost_tuned,0.48819490530819937,True,utility_gap,
optdigits,catboost_tuned,gbdt,covariate_shift,0.3,3778865239,test_only,True,low,True,ok,,0.7698695136417556,0.9929350060154274,0.6448630551331863,0.28006046642761523,0.0731673597166844,0.3643560672800415,3934,xgboost_tuned,0.48819490530819937,True,utility_gap,
optdigits,catboost_tuned,gbdt,covariate_shift,0.4,2571573961,test_only,True,low,True,ok,,0.40391459074733094,0.9663015613918768,1.3714127998195182,0.5955970113731056,0.18781767642245525,0.18255009640283376,3934,xgboost_tuned,0.48819490530819937,True,utility_gap;ece,
optdigits,xgboost_tuned,gbdt,covariate_shift,0.0,2070662251,test_only,True,low,True,ok,,0.9804270462633452,0.9997786904233102,0.06082444236063097,0.026415719682064426,0.004334886874208354,0.48819490530819937,3934,xgboost_tuned,0.48819490530819937,False,,
optdigits,xgboost_tuned,gbdt,covariate_shift,0.05,4205413852,test_only,True,low,True,ok,,0.9804270462633452,0.9997786904233102,0.06082444236063097,0.026415719682064426,0.004334886874208354,0.48819490530819937,3934,xgboost_tuned,0.48819490530819937,False,,
optdigits,xgboost_tuned,gbdt,covariate_shift,0.1,2667385677,test_only,True,low,True,ok,,0.966785290628707,0.9995596053694399,0.10305118861765102,0.044754562570217024,0.013888253691071543,0.4786596359643306,3934,xgboost_tuned,0.48819490530819937,False,,
optdigits,xgboost_tuned,gbdt,covariate_shift,0.2,2364768541,test_only,True,low,True,ok,,0.8855278766310795,0.996984721116976,0.3217216433151801,0.1397219344006289,0.021636384552468337,0.4355299766549211,3934,xgboost_tuned,0.48819490530819937,True,utility_gap,
optdigits,xgboost_tuned,gbdt,covariate_shift,0.3,3778865239,test_only,True,low,True,ok,,0.7408066429418743,0.9879688034041034,0.7249437704632563,0.3148390792023298,0.046190830782768456,0.3532201877154647,3934,xgboost_tuned,0.48819490530819937,True,utility_gap,
optdigits,xgboost_tuned,gbdt,covariate_shift,0.4,2571573961,test_only,True,low,True,ok,,0.5005931198102017,0.9610360510819014,1.3043414384684962,0.5664682892446177,0.20802598328153818,0.19990590242050277,3934,xgboost_tuned,0.48819490530819937,True,utility_gap;ece,
optdigits,catboost_tuned,gbdt,label_noise,0.0,2092207331,train_only,True,low,True,ok,,0.9851720047449585,0.9998014719458566,0.05560484309465864,0.024148876523106384,0.013477733185045374,0.4877661062988526,3934,xgboost_tuned,0.48819490530819937,False,,
optdigits,catboost_tuned,gbdt,label_noise,0.05,4267460262,train_only,True,low,True,ok,,0.9816132858837485,0.9995729347495586,0.1612731513111601,0.07004003969358501,0.1025132146487814,0.455577865207076,3934,xgboost_tuned,0.48819490530819937,True,utility_gap;ece,
optdigits,catboost_tuned,gbdt,label_noise,0.1,73288180,train_only,True,low,True,ok,,0.9833926453143536,0.9995873836609169,0.2221651046115147,0.09648507900423951,0.15319327798897525,0.4377803017794071,3934,xgboost_tuned,0.48819490530819937,True,utility_gap;ece,
optdigits,catboost_tuned,gbdt,label_noise,0.2,323267714,train_only,True,low,True,ok,,0.9798339264531435,0.9994328830661802,0.36197493658919155,0.15720371754796536,0.25216410659742655,0.39918266145725967,3934,xgboost_tuned,0.48819490530819937,True,utility_gap;ece,
optdigits,catboost_tuned,gbdt,label_noise,0.3,3289791773,train_only,True,low,True,ok,,0.9768683274021353,0.9993075276077649,0.5057969082342839,0.2196648062098749,0.3433451946591852,0.36171940297823846,3934,xgboost_tuned,0.48819490530819937,True,utility_gap;ece,
optdigits,catboost_tuned,gbdt,label_noise,0.4,1973888929,train_only,True,low,True,ok,,0.9673784104389087,0.9987251674551718,0.7064759413237774,0.30681860291432206,0.4464035162167185,0.31333428605750613,3934,xgboost_tuned,0.48819490530819937,True,utility_gap;ece,
optdigits,xgboost_tuned,gbdt,label_noise,0.0,2092207331,train_only,True,low,True,ok,,0.9804270462633452,0.9997786904233102,0.06082444236063097,0.026415719682064426,0.004334886874208354,0.48819490530819937,3934,xgboost_tuned,0.48819490530819937,False,,
optdigits,xgboost_tuned,gbdt,label_noise,0.05,4267460262,train_only,True,low,True,ok,,0.9727164887307236,0.9993192609682102,0.11891601712217341,0.05164457004607252,0.036155907948551114,0.47294466204495017,3934,xgboost_tuned,0.48819490530819937,False,,
optdigits,xgboost_tuned,gbdt,label_noise,0.1,73288180,train_only,True,low,True,ok,,0.968564650059312,0.9991108703522716,0.2437315980248086,0.10585128808763587,0.14250614742318668,0.4347168862212637,3934,xgboost_tuned,0.48819490530819937,True,utility_gap;ece,
optdigits,xgboost_tuned,gbdt,label_noise,0.2,323267714,train_only,True,low,True,ok,,0.965005931198102,0.9983507279315911,0.3949000902279296,0.17150293008908607,0.24489474518951826,0.39374381639114264,3934,xgboost_tuned,0.48819490530819937,True,utility_gap;ece,
optdigits,xgboost_tuned,gbdt,label_noise,0.3,3289791773,train_only,True,low,True,ok,,0.9466192170818505,0.9975008499975662,0.5460487242230397,0.23714594778037665,0.3193948254955788,0.35609543062819693,3934,xgboost_tuned,0.48819490530819937,True,utility_gap;ece,
optdigits,xgboost_tuned,gbdt,label_noise,0.4,1973888929,train_only,True,low,True,ok,,0.9501779359430605,0.9974478035389979,0.7240372369659743,0.3144453767067998,0.4278489348050264,0.3117300216570631,3934,xgboost_tuned,0.48819490530819937,True,utility_gap;ece,
pc1,catboost_tuned,gbdt,covariate_shift,0.0,2412636436,test_only,False,high,True,ok,,0.9309309309309309,0.896914446002805,0.1867763020853564,0.26946124477412264,0.0337577194691788,0.36596977841454886,776,catboost_tuned,0.36596977841454886,False,,
pc1,catboost_tuned,gbdt,covariate_shift,0.05,1618443385,test_only,False,low,True,ok,,0.933933933933934,0.8251051893408134,0.21236744707467833,0.30638146274088784,0.03016527507701324,0.3309294125217058,776,catboost_tuned,0.36596977841454886,True,utility_gap,
pc1,catboost_tuned,gbdt,covariate_shift,0.1,51866812,test_only,False,low,True,ok,,0.933933933933934,0.7761570827489481,0.22700362281703454,0.3274970009019645,0.02774013302754367,0.3079479421761238,776,catboost_tuned,0.36596977841454886,True,utility_gap,
pc1,catboost_tuned,gbdt,covariate_shift,0.2,3833006923,test_only,False,low,True,ok,,0.9279279279279279,0.7290322580645161,0.24285649638620468,0.350367862984046,0.03811538068275925,0.2816170444800042,776,catboost_tuned,0.36596977841454886,True,utility_gap,
pc1,catboost_tuned,gbdt,covariate_shift,0.3,718064369,test_only,False,low,True,ok,,0.9279279279279279,0.7897615708274894,0.24246121105511487,0.34979758679714656,0.06283820417661848,0.2980988221043428,776,catboost_tuned,0.36596977841454886,True,utility_gap,
pc1,catboost_tuned,gbdt,covariate_shift,0.4,3825947176,test_only,False,low,True,ok,,0.9099099099099099,0.7518934081346423,0.2800331428687184,0.4040024265012506,0.062462446434617354,0.2659559620963126,776,catboost_tuned,0.36596977841454886,True,utility_gap,
pc1,xgboost_tuned,gbdt,covariate_shift,0.0,2412636436,test_only,False,high,True,ok,,0.93993993993994,0.873211781206171,0.1871330840149401,0.26997597229461184,0.03802273139498598,0.35801777644577004,776,catboost_tuned,0.36596977841454886,False,,
pc1,xgboost_tuned,gbdt,covariate_shift,0.05,1618443385,test_only,False,low,True,ok,,0.933933933933934,0.8451612903225807,0.1987870088990082,0.28678903193174937,0.028940783088299574,0.3440716755058086,776,catboost_tuned,0.36596977841454886,False,,
pc1,xgboost_tuned,gbdt,covariate_shift,0.1,51866812,test_only,False,low,True,ok,,0.918918918918919,0.7063113604488078,0.27173211722986595,0.39202657797778606,0.05514800547709486,0.2564092395061658,776,catboost_tuned,0.36596977841454886,True,utility_gap,
pc1,xgboost_tuned,gbdt,covariate_shift,0.2,3833006923,test_only,False,low,True,ok,,0.9129129129129129,0.6730014025245442,0.2989593366898967,0.4313071524699679,0.09878497491187818,0.22333828709716136,776,catboost_tuned,0.36596977841454886,True,utility_gap,
pc1,xgboost_tuned,gbdt,covariate_shift,0.3,718064369,test_only,False,low,True,ok,,0.924924924924925,0.6378681626928472,0.2921454825965994,0.4214768389602269,0.0747315984720691,0.22060322429875331,776,catboost_tuned,0.36596977841454886,True,utility_gap,
pc1,xgboost_tuned,gbdt,covariate_shift,0.4,3825947176,test_only,False,low,True,ok,,0.9159159159159159,0.7593267882187938,0.2520423419264632,0.3636202367913489,0.0260502226155429,0.28885564770345196,776,catboost_tuned,0.36596977841454886,True,utility_gap,
pc1,catboost_tuned,gbdt,label_noise,0.0,811700726,train_only,False,high,True,ok,,0.9309309309309309,0.896914446002805,0.1867763020853564,0.26946124477412264,0.0337577194691788,0.36596977841454886,776,catboost_tuned,0.36596977841454886,False,,
pc1,catboost_tuned,gbdt,label_noise,0.05,2663651886,train_only,False,high,True,ok,,0.933933933933934,0.8734922861150071,0.21165097401401647,0.30534781060934046,0.047635304650379226,0.3446809861174646,776,catboost_tuned,0.36596977841454886,False,,
pc1,catboost_tuned,gbdt,label_noise,0.1,933317123,train_only,False,high,True,ok,,0.924924924924925,0.8367461430575035,0.2429029647134283,0.3504349026092899,0.07513401832426683,0.31144261436122456,776,catboost_tuned,0.36596977841454886,True,utility_gap,
pc1,catboost_tuned,gbdt,label_noise,0.2,4189714826,train_only,False,high,True,ok,,0.924924924924925,0.6126227208976157,0.3601921654375152,0.5196474508437603,0.1698398067183779,0.1632944944561006,776,catboost_tuned,0.36596977841454886,True,utility_gap;ece,
pc1,catboost_tuned,gbdt,label_noise,0.3,498045029,train_only,False,high,True,ok,,0.918918918918919,0.6217391304347826,0.44865389246683673,0.6472707457374356,0.2448153924916776,0.11230223127044556,776,catboost_tuned,0.36596977841454886,True,utility_gap;ece,
pc1,catboost_tuned,gbdt,label_noise,0.4,3619365516,train_only,False,high,True,ok,,0.9159159159159159,0.5516129032258065,0.5436799495173856,0.7843643669994943,0.3162755544819188,0.03188748252018757,776,catboost_tuned,0.36596977841454886,True,utility_gap;ece;nll,
pc1,xgboost_tuned,gbdt,label_noise,0.0,811700726,train_only,False,high,True,ok,,0.93993993993994,0.873211781206171,0.1871330840149401,0.26997597229461184,0.03802273139498598,0.35801777644577004,776,catboost_tuned,0.36596977841454886,False,,
pc1,xgboost_tuned,gbdt,label_noise,0.05,2663651886,train_only,False,high,True,ok,,0.933933933933934,0.7896213183730716,0.2138403462245347,0.3085064070401152,0.0276905156094771,0.3183675262867352,776,catboost_tuned,0.36596977841454886,True,utility_gap,
pc1,xgboost_tuned,gbdt,label_noise,0.1,933317123,train_only,False,high,True,ok,,0.9309309309309309,0.7426367461430574,0.2427162174165519,0.35016548321018687,0.05982523893478924,0.28254780803969576,776,catboost_tuned,0.36596977841454886,True,utility_gap,
pc1,xgboost_tuned,gbdt,label_noise,0.2,4189714826,train_only,False,high,True,ok,,0.8798798798798799,0.5784011220196353,0.38418223085461045,0.5542577992516055,0.11587482847090239,0.14497006921919228,776,catboost_tuned,0.36596977841454886,True,utility_gap;ece,
pc1,xgboost_tuned,gbdt,label_noise,0.3,498045029,train_only,False,high,True,ok,,0.8438438438438438,0.638148667601683,0.4679235417115074,0.6750709731423917,0.15685778247948345,0.11603576179855139,776,catboost_tuned,0.36596977841454886,True,utility_gap;ece,
pc1,xgboost_tuned,gbdt,label_noise,0.4,3619365516,train_only,False,high,True,ok,,0.7477477477477478,0.4544179523141655,0.572670361394178,0.8261886904474711,0.12538780318796428,-0.0017257222997140893,776,catboost_tuned,0.36596977841454886,True,utility_gap;ece;nll,
splice,catboost_tuned,gbdt,covariate_shift,0.0,3721731608,test_only,False,high,True,ok,,0.9540229885057471,0.9935293959799706,0.12503004989401084,0.11380725592063931,0.01753405515849945,0.45318974906096005,2233,catboost_tuned,0.45318974906096005,False,,
splice,catboost_tuned,gbdt,covariate_shift,0.05,2455505349,test_only,False,high,True,ok,,0.9529780564263323,0.9938854385006689,0.11878524573230412,0.10812299021005133,0.020789584717691947,0.45421179793263017,2233,catboost_tuned,0.45318974906096005,False,,
splice,catboost_tuned,gbdt,covariate_shift,0.1,3916056345,test_only,False,high,True,ok,,0.9540229885057471,0.9928905089328306,0.13230824410261882,0.12043215378832256,0.016073264771380543,0.45127082731157986,2233,catboost_tuned,0.45318974906096005,False,,
splice,catboost_tuned,gbdt,covariate_shift,0.2,1188553461,test_only,False,high,True,ok,,0.9540229885057471,0.993325543436646,0.12407418888508881,0.11293719373511538,0.014115456346292023,0.4540631390888952,2233,catboost_tuned,0.45318974906096005,False,,
splice,catboost_tuned,gbdt,covariate_shift,0.3,1244369274,test_only,False,high,True,ok,,0.9529780564263323,0.9938150402324238,0.12089316580068121,0.11004170174288208,0.013403740430836001,0.4550887139362664,2233,catboost_tuned,0.45318974906096005,False,,
splice,catboost_tuned,gbdt,covariate_shift,0.4,3228449683,test_only,False,high,True,ok,,0.955067920585162,0.9933741355294416,0.12482828029364766,0.11362359731564793,0.012868066484192446,0.45428044303154597,2233,catboost_tuned,0.45318974906096005,False,,
splice,xgboost_tuned,gbdt,covariate_shift,0.0,3721731608,test_only,False,high,True,ok,,0.9613375130616509,0.993224390298492,0.12954008669644826,0.11791246833174852,0.021624180761611635,0.4521305869118729,2233,catboost_tuned,0.45318974906096005,False,,
splice,xgboost_tuned,gbdt,covariate_shift,0.05,2455505349,test_only,False,high,True,ok,,0.9613375130616509,0.993224390298492,0.12954008669644826,0.11791246833174852,0.021624180761611635,0.4521305869118729,2233,catboost_tuned,0.45318974906096005,False,,
splice,xgboost_tuned,gbdt,covariate_shift,0.1,3916056345,test_only,False,high,True,ok,,0.9592476489028213,0.99321718441342,0.121732723789669,0.1108059003574867,0.014596953492906097,0.45535200107429297,2233,catboost_tuned,0.45318974906096005,False,,
splice,xgboost_tuned,gbdt,covariate_shift,0.2,1188553461,test_only,False,high,True,ok,,0.9592476489028213,0.9930464793425345,0.13376405519486856,0.12175729015104673,0.019003907293988154,0.45112544660119863,2233,catboost_tuned,0.45318974906096005,False,,
splice,xgboost_tuned,gbdt,covariate_shift,0.3,1244369274,test_only,False,high,True,ok,,0.9592476489028213,0.9930464793425345,0.13376405519486856,0.12175729015104673,0.019003907293988154,0.45112544660119863,2233,catboost_tuned,0.45318974906096005,False,,
splice,xgboost_tuned,gbdt,covariate_shift,0.4,3228449683,test_only,False,high,True,ok,,0.9592476489028213,0.9930464793425345,0.13376405519486856,0.12175729015104673,0.019003907293988154,0.45112544660119863,2233,catboost_tuned,0.45318974906096005,False,,
splice,catboost_tuned,gbdt,label_noise,0.0,2334550712,train_only,False,high,True,ok,,0.9540229885057471,0.9935293959799706,0.12503004989401084,0.11380725592063931,0.01753405515849945,0.45318974906096005,2233,catboost_tuned,0.45318974906096005,False,,
splice,catboost_tuned,gbdt,label_noise,0.05,691285794,train_only,False,high,True,ok,,0.9519331243469175,0.9935148999773817,0.19229818463316983,0.1750373508622413,0.08094597405984426,0.42181978357348,2233,catboost_tuned,0.45318974906096005,True,utility_gap,
splice,catboost_tuned,gbdt,label_noise,0.1,3156332415,train_only,False,high,True,ok,,0.9393939393939394,0.9896465069146213,0.24883136926106603,0.22649607311668973,0.1067970115823146,0.3979771440777385,2233,catboost_tuned,0.45318974906096005,True,utility_gap;ece,
splice,catboost_tuned,gbdt,label_noise,0.2,2642764237,train_only,False,high,True,ok,,0.9404388714733543,0.9900984240069527,0.4300582845880691,0.3914559203679083,0.2611776888984098,0.317927965233382,2233,catboost_tuned,0.45318974906096005,True,utility_gap;ece,
splice,catboost_tuned,gbdt,label_noise,0.3,1959090686,train_only,False,high,True,ok,,0.9393939393939394,0.9883229284203517,0.554213599513393,0.5044669582071466,0.3445693647785883,0.2665681554383524,2233,catboost_tuned,0.45318974906096005,True,utility_gap;ece,
splice,catboost_tuned,gbdt,label_noise,0.4,258913008,train_only,False,high,True,ok,,0.9049111807732497,0.9806932618978027,0.7098371720990581,0.6461216385624279,0.3975914936061241,0.20562452849026513,2233,catboost_tuned,0.45318974906096005,True,utility_gap;ece,
splice,xgboost_tuned,gbdt,label_noise,0.0,2334550712,train_only,False,high,True,ok,,0.9613375130616509,0.993224390298492,0.12954008669644826,0.11791246833174852,0.021624180761611635,0.4521305869118729,2233,catboost_tuned,0.45318974906096005,False,,
splice,xgboost_tuned,gbdt,label_noise,0.05,691285794,train_only,False,high,True,ok,,0.9529780564263323,0.991177860777487,0.19949417483379137,0.18158742341726933,0.07698616022139344,0.41998550066661083,2233,catboost_tuned,0.45318974906096005,True,utility_gap,
splice,xgboost_tuned,gbdt,label_noise,0.1,3156332415,train_only,False,high,True,ok,,0.9467084639498433,0.9905091113232433,0.25548242620278994,0.23255012604357556,0.1251789900434858,0.3938836227338418,2233,catboost_tuned,0.45318974906096005,True,utility_gap;ece,
splice,xgboost_tuned,gbdt,label_noise,0.2,2642764237,train_only,False,high,True,ok,,0.9467084639498433,0.990994234048511,0.3751966141216404,0.34151867587108986,0.22526301713468566,0.3413460453211912,2233,catboost_tuned,0.45318974906096005,True,utility_gap;ece,
splice,xgboost_tuned,gbdt,label_noise,0.3,1959090686,train_only,False,high,True,ok,,0.9331243469174504,0.9864391861204506,0.5051220639430373,0.4597819168356621,0.30343555866573335,0.28660068039592995,2233,catboost_tuned,0.45318974906096005,True,utility_gap;ece,
splice,xgboost_tuned,gbdt,label_noise,0.4,258913008,train_only,False,high,True,ok,,0.8829676071055381,0.9611641561587696,0.6566119570613366,0.5976739599894451,0.33121728152660407,0.22330695141924572,2233,catboost_tuned,0.45318974906096005,True,utility_gap;ece,
steel-plates-fault,catboost_tuned,gbdt,covariate_shift,0.0,2342941747,test_only,True,low,True,ok,,1.0,1.0,0.0009411152352426511,0.001357742282789623,0.0009395867491099885,0.4994047599653411,1358,catboost_tuned,0.4994047599653411,False,,
steel-plates-fault,catboost_tuned,gbdt,covariate_shift,0.05,3199079680,test_only,True,low,True,ok,,1.0,1.0,0.0010442467713644244,0.0015065296385117662,0.0010430996292315475,0.49933942118260016,1358,catboost_tuned,0.4994047599653411,False,,
steel-plates-fault,catboost_tuned,gbdt,covariate_shift,0.1,2470116718,test_only,True,low,True,ok,,1.0,1.0,0.0014632529747731439,0.0021110278102712383,0.001459111412507208,0.49907486937441714,1358,catboost_tuned,0.4994047599653411,False,,
steel-plates-fault,catboost_tuned,gbdt,covariate_shift,0.2,3112875470,test_only,True,low,True,ok,,1.0,1.0,0.0010366509244887486,0.001495571147892877,0.0010350422320475339,0.4993443202092226,1358,catboost_tuned,0.4994047599653411,False,,
steel-plates-fault,catboost_tuned,gbdt,covariate_shift,0.3,3519992929,test_only,True,low,True,ok,,1.0,1.0,0.0016548965327168885,0.002387511020934995,0.0016500126747743815,0.49895374415876464,1358,catboost_tuned,0.4994047599653411,False,,
steel-plates-fault,catboost_tuned,gbdt,covariate_shift,0.4,960490634,test_only,True,low,True,ok,,1.0,1.0,0.0019068943570003758,0.0027510670323435907,0.0019014269997170707,0.4987943944903535,1358,catboost_tuned,0.4994047599653411,False,,
steel-plates-fault,xgboost_tuned,gbdt,covariate_shift,0.0,2342941747,test_only,True,low,True,ok,,1.0,1.0,0.005706273097439202,0.008232411899633642,0.005663127493443998,0.4963976509314211,1358,catboost_tuned,0.4994047599653411,False,,
steel-plates-fault,xgboost_tuned,gbdt,covariate_shift,0.05,3199079680,test_only,True,low,True,ok,,1.0,1.0,0.0075572226806480645,0.01090276768426456,0.007487868190023396,0.49523159605671596,1358,catboost_tuned,0.4994047599653411,False,,
steel-plates-fault,xgboost_tuned,gbdt,covariate_shift,0.1,2470116718,test_only,True,low,True,ok,,1.0,1.0,0.0077920123898800224,0.011241497633425268,0.007700057547356738,0.4950875392005011,1358,catboost_tuned,0.4994047599653411,False,,
steel-plates-fault,xgboost_tuned,gbdt,covariate_shift,0.2,3112875470,test_only,True,low,True,ok,,1.0,0.9999999999999999,0.01006766586426133,0.014524571615696922,0.009889566192454418,0.49366471527679995,1358,catboost_tuned,0.4994047599653411,False,,
steel-plates-fault,xgboost_tuned,gbdt,covariate_shift,0.3,3519992929,test_only,True,low,True,ok,,1.0,1.0,0.009136789523088468,0.01318160093460597,0.00904537948116522,0.49423644382338516,1358,catboost_tuned,0.4994047599653411,False,,
steel-plates-fault,xgboost_tuned,gbdt,covariate_shift,0.4,960490634,test_only,True,low,True,ok,,1.0,1.0,0.012791331569080952,0.01845399062107953,0.01257692886266312,0.4919484170411435,1358,catboost_tuned,0.4994047599653411,False,,
steel-plates-fault,catboost_tuned,gbdt,label_noise,0.0,3863852855,train_only,True,low,True,ok,,1.0,1.0,0.0009411152352426511,0.001357742282789623,0.0009395867491099885,0.4994047599653411,1358,catboost_tuned,0.4994047599653411,False,,
steel-plates-fault,catboost_tuned,gbdt,label_noise,0.05,3828678886,train_only,True,low,True,ok,,0.9948542024013722,0.9997921051947715,0.07747382349337065,0.1117711009525927,0.06186783133113465,0.4532504706263711,1358,catboost_tuned,0.4994047599653411,True,utility_gap,
steel-plates-fault,catboost_tuned,gbdt,label_noise,0.1,2047184284,train_only,True,low,True,ok,,0.9965694682675815,0.9998310854707518,0.1799812216669897,0.2596580159521033,0.15543761021932595,0.3904413733254042,1358,catboost_tuned,0.4994047599653411,True,utility_gap;ece,
steel-plates-fault,catboost_tuned,gbdt,label_noise,0.2,781862246,train_only,True,low,True,ok,,0.9759862778730704,0.9989605259738572,0.34810248384535064,0.5022057271648179,0.27062824092099313,0.2912467594381666,1358,catboost_tuned,0.4994047599653411,True,utility_gap;ece,
steel-plates-fault,catboost_tuned,gbdt,label_noise,0.3,1549908955,train_only,True,low,True,ok,,0.9090909090909091,0.957160676697591,0.5084677218139343,0.733563860713072,0.29197411086272484,0.1929058928213266,1358,catboost_tuned,0.4994047599653411,True,utility_gap;ece,
steel-plates-fault,catboost_tuned,gbdt,label_noise,0.4,1038006126,train_only,True,low,True,ok,,0.7341337907375644,0.7682882461474494,0.637845125453884,0.9202159993475173,0.18739067089926173,0.06547802077813442,1358,catboost_tuned,0.4994047599653411,True,utility_gap;ece;nll,
steel-plates-fault,xgboost_tuned,gbdt,label_noise,0.0,3863852855,train_only,True,low,True,ok,,1.0,1.0,0.005706273097439202,0.008232411899633642,0.005663127493443998,0.4963976509314211,1358,catboost_tuned,0.4994047599653411,False,,
steel-plates-fault,xgboost_tuned,gbdt,label_noise,0.05,3828678886,train_only,True,low,True,ok,,0.9982847341337907,1.0,0.08577498790927521,0.12374714968902215,0.080404831567999,0.44653759889976213,1358,catboost_tuned,0.4994047599653411,True,utility_gap,
steel-plates-fault,xgboost_tuned,gbdt,label_noise,0.1,2047184284,train_only,True,low,True,ok,,0.9982847341337907,0.9999740131493464,0.1450099426373912,0.20920512512255734,0.13069293406361196,0.41083349037285016,1358,catboost_tuned,0.4994047599653411,True,utility_gap;ece,
steel-plates-fault,xgboost_tuned,gbdt,label_noise,0.2,781862246,train_only,True,low,True,ok,,0.9879931389365352,0.9982458875808841,0.28195621180180797,0.4067768285143066,0.22423602898343503,0.3307047771428107,1358,catboost_tuned,0.4994047599653411,True,utility_gap;ece,
steel-plates-fault,xgboost_tuned,gbdt,label_noise,0.3,1549908955,train_only,True,low,True,ok,,0.9176672384219554,0.9681920948000311,0.44114843683661653,0.6364426621201048,0.25264219385406134,0.23505608153646051,1358,catboost_tuned,0.4994047599653411,True,utility_gap;ece,
steel-plates-fault,xgboost_tuned,gbdt,label_noise,0.4,1038006126,train_only,True,low,True,ok,,0.6535162950257289,0.6874691406148488,0.6350086796482877,0.9161238730500331,0.05440616737222812,0.052923248079600874,1358,catboost_tuned,0.4994047599653411,True,utility_gap;nll,
vehicle,catboost_tuned,gbdt,covariate_shift,0.0,3485582189,test_only,True,low,True,ok,,0.7677165354330708,0.9273630853832969,0.49842494039814284,0.3595375948838889,0.06909591862568179,0.31805409800881146,592,catboost_tuned,0.31805409800881146,False,,
vehicle,catboost_tuned,gbdt,covariate_shift,0.05,2480297786,test_only,True,low,True,ok,,0.7519685039370079,0.9234536163562377,0.5458947872597367,0.39377985121337894,0.05542112184134061,0.30678586158295257,592,catboost_tuned,0.31805409800881146,False,,
vehicle,catboost_tuned,gbdt,covariate_shift,0.1,2261360343,test_only,True,low,True,ok,,0.6535433070866141,0.8865772465185786,0.7888256866297614,0.5690174531132941,0.14229166246289113,0.20916996391792814,592,catboost_tuned,0.31805409800881146,True,utility_gap;ece,
vehicle,catboost_tuned,gbdt,covariate_shift,0.2,3837776143,test_only,True,low,True,ok,,0.531496062992126,0.813740383359381,1.0896061880422498,0.7859847220052406,0.1366552624389136,0.10140707453524739,592,catboost_tuned,0.31805409800881146,True,utility_gap;ece;nll,
vehicle,catboost_tuned,gbdt,covariate_shift,0.3,1262011980,test_only,True,low,True,ok,,0.3937007874015748,0.6992091267343065,1.3948175398837224,1.006148173867595,0.25950851536012565,-0.049967842765060166,592,catboost_tuned,0.31805409800881146,True,utility_gap;ece;nll,
vehicle,catboost_tuned,gbdt,covariate_shift,0.4,2881326019,test_only,True,low,True,ok,,0.3346456692913386,0.6165546062928049,1.749873063147319,1.2622665951939085,0.316043128510271,-0.17589764166404426,592,catboost_tuned,0.31805409800881146,True,utility_gap;ece;nll,
vehicle,xgboost_tuned,gbdt,covariate_shift,0.0,3485582189,test_only,True,low,True,ok,,0.7637795275590551,0.9281689447744284,0.5077808516211485,0.3662864582461028,0.06340524144763018,0.3168590740415512,592,catboost_tuned,0.31805409800881146,False,,
vehicle,xgboost_tuned,gbdt,covariate_shift,0.05,2480297786,test_only,True,low,True,ok,,0.7480314960629921,0.9185017662241448,0.5444608131080236,0.3927454575146592,0.0737949100272359,0.3010977233280545,592,catboost_tuned,0.31805409800881146,False,,
vehicle,xgboost_tuned,gbdt,covariate_shift,0.1,2261360343,test_only,True,low,True,ok,,0.6732283464566929,0.9045731795958584,0.6976521817447775,0.5032496714342781,0.09403252982761967,0.24780345743124696,592,catboost_tuned,0.31805409800881146,True,utility_gap,
vehicle,xgboost_tuned,gbdt,covariate_shift,0.2,3837776143,test_only,True,low,True,ok,,0.4645669291338583,0.8023703229320769,1.5299459520495753,1.1036227189250332,0.32809429506028503,-0.04619102229326129,592,catboost_tuned,0.31805409800881146,True,utility_gap;ece;nll,
vehicle,xgboost_tuned,gbdt,covariate_shift,0.3,1262011980,test_only,True,low,True,ok,,0.39763779527559057,0.690894379236459,2.0392026165905786,1.470973751161513,0.43085087879220463,-0.2260035990827956,592,catboost_tuned,0.31805409800881146,True,utility_gap;ece;nll,
vehicle,xgboost_tuned,gbdt,covariate_shift,0.4,2881326019,test_only,True,low,True,ok,,0.33070866141732286,0.5980634912560612,2.187380999296734,1.5778618601100716,0.46162402391945184,-0.306754841664692,592,catboost_tuned,0.31805409800881146,True,utility_gap;ece;nll,
vehicle,catboost_tuned,gbdt,label_noise,0.0,356800159,train_only,True,low,True,ok,,0.7677165354330708,0.9273630853832969,0.49842494039814284,0.3595375948838889,0.06909591862568179,0.31805409800881146,592,catboost_tuned,0.31805409800881146,False,,
vehicle,catboost_tuned,gbdt,label_noise,0.05,529298709,train_only,True,low,True,ok,,0.7401574803149606,0.9267967239862587,0.5582444132656225,0.4026882233111413,0.0679165035327568,0.30101270774254085,592,catboost_tuned,0.31805409800881146,False,,
vehicle,catboost_tuned,gbdt,label_noise,0.1,3506071383,train_only,True,low,True,ok,,0.7244094488188977,0.9190633686956344,0.6196186794877147,0.446960398069547,0.09736257949704322,0.27677296104603394,592,catboost_tuned,0.31805409800881146,True,utility_gap,
vehicle,catboost_tuned,gbdt,label_noise,0.2,3208508401,train_only,True,low,True,ok,,0.7204724409448819,0.908893725348512,0.7190330593841305,0.5186727145043524,0.14843019386422915,0.24089581688955988,592,catboost_tuned,0.31805409800881146,True,utility_gap;ece,
vehicle,catboost_tuned,gbdt,label_noise,0.3,3697370161,train_only,True,low,True,ok,,0.7007874015748031,0.8873238325418025,0.9002844432494281,0.6494179508327157,0.22860145514910343,0.17513577534621588,592,catboost_tuned,0.31805409800881146,True,utility_gap;ece,
vehicle,catboost_tuned,gbdt,label_noise,0.4,530639908,train_only,True,low,True,ok,,0.6496062992125984,0.8794228927149523,1.049299865593817,0.7569098562488279,0.2593503630868397,0.1262959278401068,592,catboost_tuned,0.31805409800881146,True,utility_gap;ece;nll,
vehicle,xgboost_tuned,gbdt,label_noise,0.0,356800159,train_only,True,low,True,ok,,0.7637795275590551,0.9281689447744284,0.5077808516211485,0.3662864582461028,0.06340524144763018,0.3168590740415512,592,catboost_tuned,0.31805409800881146,False,,
vehicle,xgboost_tuned,gbdt,label_noise,0.05,529298709,train_only,True,low,True,ok,,0.7244094488188977,0.9236372377995665,0.5608951411572194,0.4046003193031178,0.09378876137061484,0.29179660248762457,592,catboost_tuned,0.31805409800881146,False,,
vehicle,xgboost_tuned,gbdt,label_noise,0.1,3506071383,train_only,True,low,True,ok,,0.6850393700787402,0.9071253687578549,0.6227900309322779,0.44924804457054074,0.08474942974005445,0.26852548525788705,592,catboost_tuned,0.31805409800881146,True,utility_gap,
vehicle,xgboost_tuned,gbdt,label_noise,0.2,3208508401,train_only,True,low,True,ok,,0.6889763779527559,0.9010631717618458,0.7197553491356047,0.5191937364256207,0.09645233188931426,0.24366997950401031,592,catboost_tuned,0.31805409800881146,True,utility_gap,
vehicle,xgboost_tuned,gbdt,label_noise,0.3,3697370161,train_only,True,low,True,ok,,0.6496062992125984,0.8689925494964834,0.854882184394551,0.6166671439851715,0.10323431761174343,0.19594133048775883,592,catboost_tuned,0.31805409800881146,True,utility_gap;ece,
vehicle,xgboost_tuned,gbdt,label_noise,0.4,530639908,train_only,True,low,True,ok,,0.5826771653543307,0.8295587301187037,1.0058469568904138,0.7255652082995275,0.09068733449506293,0.14194010095582504,592,catboost_tuned,0.31805409800881146,True,utility_gap,
wdbc,catboost_tuned,gbdt,covariate_shift,0.0,1415472119,test_only,True,low,True,ok,,0.9532163742690059,0.9935747663551402,0.10225768993017505,0.14752666215502483,0.03542514489042187,0.4393905967400581,398,catboost_tuned,0.4393905967400581,False,,
wdbc,catboost_tuned,gbdt,covariate_shift,0.05,1286153647,test_only,True,low,True,ok,,0.935672514619883,0.990946261682243,0.16633242329281572,0.23996696222358915,0.053808309242537725,0.4044303182661832,398,catboost_tuned,0.4393905967400581,True,utility_gap,
wdbc,catboost_tuned,gbdt,covariate_shift,0.1,1148475252,test_only,True,low,True,ok,,0.8888888888888888,0.9908002336448598,0.3056844097442521,0.4410093820151024,0.06569062770823172,0.3346724749628572,398,catboost_tuned,0.4393905967400581,True,utility_gap,
wdbc,catboost_tuned,gbdt,covariate_shift,0.2,1506864523,test_only,True,low,True,ok,,0.6842105263157895,0.9867114485981309,1.0880312848092129,1.5696973389262987,0.24991861568100487,-0.07291233885737636,398,catboost_tuned,0.4393905967400581,True,utility_gap;ece;nll,
wdbc,catboost_tuned,gbdt,covariate_shift,0.3,872579007,test_only,True,low,True,ok,,0.47368421052631576,0.9264018691588786,2.235984584796907,3.2258438719906657,0.4894941423598225,-0.6703587042846094,398,catboost_tuned,0.4393905967400581,True,utility_gap;ece;nll,
wdbc,catboost_tuned,gbdt,covariate_shift,0.4,1463416558,test_only,True,low,True,ok,,0.38596491228070173,0.9339953271028036,3.1410469430880563,4.531572847992577,0.6037071544917165,-1.0954201839680298,398,catboost_tuned,0.4393905967400581,True,utility_gap;ece;nll,
wdbc,xgboost_tuned,gbdt,covariate_shift,0.0,1415472119,test_only,True,low,True,ok,,0.9649122807017544,0.9928446261682243,0.11175264005842944,0.16122497961854548,0.02262932233150463,0.43933910291227707,398,catboost_tuned,0.4393905967400581,False,,
wdbc,xgboost_tuned,gbdt,covariate_shift,0.05,1286153647,test_only,True,low,True,ok,,0.9122807017543859,0.9926985981308412,0.21289338103518154,0.3071402250575409,0.06260066481528219,0.37962441412863357,398,catboost_tuned,0.4393905967400581,True,utility_gap,
wdbc,xgboost_tuned,gbdt,covariate_shift,0.1,1148475252,test_only,True,low,True,ok,,0.8771929824561403,0.9894859813084111,0.42901929164366814,0.618944004500016,0.11044832654455569,0.27012617416744894,398,catboost_tuned,0.4393905967400581,True,utility_gap;ece,
wdbc,xgboost_tuned,gbdt,covariate_shift,0.2,1506864523,test_only,True,low,True,ok,,0.6374269005847953,0.9764894859813085,1.5623219690205923,2.253954156977889,0.3120489019121203,-0.3012106722946135,398,catboost_tuned,0.4393905967400581,True,utility_gap;ece;nll,
wdbc,xgboost_tuned,gbdt,covariate_shift,0.3,872579007,test_only,True,low,True,ok,,0.4269005847953216,0.951007593457944,3.285877888228701,4.740519734314247,0.5482650906176978,-1.1349211929882348,398,catboost_tuned,0.4393905967400581,True,utility_gap;ece;nll,
wdbc,xgboost_tuned,gbdt,covariate_shift,0.4,1463416558,test_only,True,low,True,ok,,0.3742690058479532,0.895808995327103,3.6477493287559986,5.262589867002324,0.6178769680291217,-1.3326788544648427,398,catboost_tuned,0.4393905967400581,True,utility_gap;ece;nll,
wdbc,catboost_tuned,gbdt,label_noise,0.0,1753064988,train_only,True,low,True,ok,,0.9532163742690059,0.9935747663551402,0.10225768993017505,0.14752666215502483,0.03542514489042187,0.4393905967400581,398,catboost_tuned,0.4393905967400581,False,,
wdbc,catboost_tuned,gbdt,label_noise,0.05,1997386101,train_only,True,low,True,ok,,0.9707602339181286,0.9915303738317757,0.13614669109262717,0.19641815607277482,0.07126733804569986,0.41947075149786833,398,catboost_tuned,0.4393905967400581,False,,
wdbc,catboost_tuned,gbdt,label_noise,0.1,2557375358,train_only,True,low,True,ok,,0.9532163742690059,0.9897780373831776,0.18588303281797,0.26817252963188576,0.09397218645370092,0.3901585730441571,398,catboost_tuned,0.4393905967400581,True,utility_gap,
wdbc,catboost_tuned,gbdt,label_noise,0.2,4050278400,train_only,True,low,True,ok,,0.9473684210526315,0.990070093457944,0.2847603777545044,0.4108223848280914,0.1792710706635668,0.32952886628703437,398,catboost_tuned,0.4393905967400581,True,utility_gap;ece,
wdbc,catboost_tuned,gbdt,label_noise,0.3,2179932803,train_only,True,low,True,ok,,0.8596491228070176,0.950642523364486,0.4448491150855133,0.6417816122777138,0.19701955120880668,0.22973385767354718,398,catboost_tuned,0.4393905967400581,True,utility_gap;ece,
wdbc,catboost_tuned,gbdt,label_noise,0.4,2088769758,train_only,True,low,True,ok,,0.7660818713450293,0.8333820093457944,0.5630256912764319,0.8122743726975888,0.15882559265288798,0.13114855363292818,398,catboost_tuned,0.4393905967400581,True,utility_gap;ece;nll,
wdbc,xgboost_tuned,gbdt,label_noise,0.0,1753064988,train_only,True,low,True,ok,,0.9649122807017544,0.9928446261682243,0.11175264005842944,0.16122497961854548,0.02262932233150463,0.43933910291227707,398,catboost_tuned,0.4393905967400581,False,,
wdbc,xgboost_tuned,gbdt,label_noise,0.05,1997386101,train_only,True,low,True,ok,,0.9649122807017544,0.9871495327102804,0.13732919156037562,0.1981241436334444,0.04507805351657775,0.4217863247605124,398,catboost_tuned,0.4393905967400581,False,,
wdbc,xgboost_tuned,gbdt,label_noise,0.1,2557375358,train_only,True,low,True,ok,,0.9473684210526315,0.9875876168224299,0.18063511676706168,0.26060138717023873,0.08663107778479781,0.392254297337714,398,catboost_tuned,0.4393905967400581,True,utility_gap,
wdbc,xgboost_tuned,gbdt,label_noise,0.2,4050278400,train_only,True,low,True,ok,,0.9415204678362573,0.9668516355140186,0.2851629690847664,0.4114032013437653,0.1440372969524326,0.327397722811729,398,catboost_tuned,0.4393905967400581,True,utility_gap;ece,
wdbc,xgboost_tuned,gbdt,label_noise,0.3,2179932803,train_only,True,low,True,ok,,0.7660818713450293,0.8818633177570093,0.4640456649694919,0.6694763795975074,0.11282303236648553,0.2001569215641583,398,catboost_tuned,0.4393905967400581,True,utility_gap;ece,
wdbc,xgboost_tuned,gbdt,label_noise,0.4,2088769758,train_only,True,low,True,ok,,0.6842105263157895,0.7497079439252337,0.5757973148255636,0.8306999306560219,0.039654530802578816,0.10788847396387787,398,catboost_tuned,0.4393905967400581,True,utility_gap;nll,
