model,family,dataset_id,seed,lambda,status,error_message,n_train,n_flipped,noisy_train_accuracy,clean_train_accuracy,clean_test_accuracy,clean_test_auc,train_test_gap,noisy_label_fit_rate,clean_label_recovery_rate,confidence_on_flipped_samples
logreg,linear,breast_cancer,0,0.0,ok,,398,0,0.9899497487437185,0.9899497487437185,0.9824561403508771,0.9960572429906542,0.007493608392841411,,,
logreg,linear,breast_cancer,0,0.05,ok,,398,20,0.9221105527638191,0.9723618090452262,0.9532163742690059,0.9959112149532711,-0.031105821505186704,0.0,1.0,0.1529246724805358
logreg,linear,breast_cancer,0,0.1,ok,,398,40,0.871859296482412,0.9522613065326633,0.9415204678362573,0.9894859813084113,-0.06966117135384531,0.1,0.9,0.23208998149858454
logreg,linear,breast_cancer,0,0.2,ok,,398,80,0.7688442211055276,0.9296482412060302,0.9005847953216374,0.9864193925233645,-0.13174057421610974,0.1,0.9,0.31434875374035043
logreg,linear,breast_cancer,0,0.3,ok,,398,119,0.678391959798995,0.8366834170854272,0.8538011695906432,0.9322429906542056,-0.1754092097916482,0.23529411764705882,0.7647058823529411,0.3974806697674779
logreg,linear,breast_cancer,0,0.4,ok,,398,159,0.6231155778894473,0.8165829145728644,0.7777777777777778,0.8358644859813085,-0.15466219988833052,0.2578616352201258,0.7421383647798742,0.4425864545401505
hist_gbdt,gbdt,breast_cancer,0,0.0,ok,,398,0,1.0,1.0,0.9532163742690059,0.9924065420560748,0.04678362573099415,,,
hist_gbdt,gbdt,breast_cancer,0,0.05,ok,,398,20,1.0,0.949748743718593,0.9532163742690059,0.9922605140186915,0.04678362573099415,1.0,0.0,0.9669671416763151
hist_gbdt,gbdt,breast_cancer,0,0.1,ok,,398,40,1.0,0.8994974874371859,0.9532163742690059,0.9953271028037383,0.04678362573099415,1.0,0.0,0.9558290457247626
hist_gbdt,gbdt,breast_cancer,0,0.2,ok,,398,80,1.0,0.7989949748743719,0.9005847953216374,0.9551693925233644,0.09941520467836262,1.0,0.0,0.9393507497259265
hist_gbdt,gbdt,breast_cancer,0,0.3,ok,,398,119,1.0,0.7010050251256281,0.6842105263157895,0.7743866822429907,0.3157894736842105,1.0,0.0,0.9117533347458425
hist_gbdt,gbdt,breast_cancer,0,0.4,ok,,398,159,1.0,0.6005025125628141,0.6140350877192983,0.7091121495327102,0.38596491228070173,1.0,0.0,0.9153057023784463
xgboost,gbdt,breast_cancer,0,0.0,ok,,398,0,1.0,1.0,0.9532163742690059,0.9941588785046729,0.04678362573099415,,,
xgboost,gbdt,breast_cancer,0,0.05,ok,,398,20,1.0,0.949748743718593,0.9590643274853801,0.9903621495327103,0.040935672514619936,1.0,0.0,0.9451617956161499
xgboost,gbdt,breast_cancer,0,0.1,ok,,398,40,1.0,0.8994974874371859,0.9707602339181286,0.9941588785046729,0.0292397660818714,1.0,0.0,0.9617403700947762
xgboost,gbdt,breast_cancer,0,0.2,ok,,398,80,1.0,0.7989949748743719,0.8947368421052632,0.9639310747663552,0.10526315789473684,1.0,0.0,0.9749746575951577
xgboost,gbdt,breast_cancer,0,0.3,ok,,398,119,1.0,0.7010050251256281,0.6666666666666666,0.7362733644859814,0.33333333333333337,1.0,0.0,0.9783585131669245
xgboost,gbdt,breast_cancer,0,0.4,ok,,398,159,1.0,0.6005025125628141,0.6666666666666666,0.7149532710280374,0.33333333333333337,1.0,0.0,0.9829170104092771
catboost,gbdt,breast_cancer,0,0.0,ok,,398,0,1.0,1.0,0.9590643274853801,0.994304906542056,0.040935672514619936,,,
catboost,gbdt,breast_cancer,0,0.05,ok,,398,20,0.9949748743718593,0.9547738693467337,0.9649122807017544,0.9948890186915889,0.030062593670104887,0.9,0.1,0.6236776179101111
catboost,gbdt,breast_cancer,0,0.1,ok,,398,40,0.9748743718592965,0.9246231155778895,0.9766081871345029,0.9966413551401869,-0.0017338152752064406,0.75,0.25,0.6028015222753333
catboost,gbdt,breast_cancer,0,0.2,ok,,398,80,0.9673366834170855,0.8316582914572864,0.9532163742690059,0.9962032710280374,0.014120309148079602,0.8375,0.1625,0.6186065951458858
catboost,gbdt,breast_cancer,0,0.3,ok,,398,119,0.9748743718592965,0.7211055276381909,0.8538011695906432,0.9230432242990654,0.12107320226865326,0.9243697478991597,0.07563025210084033,0.6340392873644711
catboost,gbdt,breast_cancer,0,0.4,ok,,398,159,0.9949748743718593,0.6055276381909548,0.783625730994152,0.8427278037383178,0.21134914337770727,0.9874213836477987,0.012578616352201259,0.6902614930088549
tabicl,icl,breast_cancer,0,0.0,ok,,398,0,1.0,1.0,0.9649122807017544,0.9966413551401869,0.03508771929824561,,,
tabicl,icl,breast_cancer,0,0.05,ok,,398,20,0.9522613065326633,0.9874371859296482,0.9824561403508771,0.998393691588785,-0.030194833818213862,0.15,0.85,0.31935214921832084
tabicl,icl,breast_cancer,0,0.1,ok,,398,40,0.9045226130653267,0.9849246231155779,0.9590643274853801,0.9986857476635513,-0.0545417144200534,0.1,0.9,0.2710564523935318
tabicl,icl,breast_cancer,0,0.2,ok,,398,80,0.8492462311557789,0.9396984924623115,0.9649122807017544,0.9988317757009346,-0.11566604954597548,0.275,0.725,0.4586390186101198
tabicl,icl,breast_cancer,0,0.3,ok,,398,119,0.6733668341708543,0.9271356783919598,0.9298245614035088,0.972838785046729,-0.2564577272326545,0.07563025210084033,0.9243697478991597,0.3674756664187968
tabicl,icl,breast_cancer,0,0.4,ok,,398,159,0.8592964824120602,0.7361809045226131,0.8947368421052632,0.9573598130841122,-0.035440359693202916,0.6540880503144654,0.34591194968553457,0.5270458669782435
tabpfn,icl,breast_cancer,0,0.0,ok,,398,0,1.0,1.0,0.9766081871345029,0.9979556074766355,0.023391812865497075,,,
tabpfn,icl,breast_cancer,0,0.05,ok,,398,20,1.0,0.949748743718593,0.9883040935672515,0.9985397196261683,0.011695906432748537,1.0,0.0,0.9347655951976777
tabpfn,icl,breast_cancer,0,0.1,ok,,398,40,0.9974874371859297,0.9020100502512562,0.9707602339181286,0.9973714953271028,0.026727203267801092,0.975,0.025,0.8065035432577133
tabpfn,icl,breast_cancer,0,0.2,ok,,398,80,1.0,0.7989949748743719,0.9649122807017544,0.9985397196261683,0.03508771929824561,1.0,0.0,0.9669730260968208
tabpfn,icl,breast_cancer,0,0.3,ok,,398,119,0.9974874371859297,0.7035175879396985,0.9298245614035088,0.9751752336448598,0.06766287578242092,0.9915966386554622,0.008403361344537815,0.8246418155041062
tabpfn,icl,breast_cancer,0,0.4,ok,,398,159,1.0,0.6005025125628141,0.7602339181286549,0.962178738317757,0.23976608187134507,1.0,0.0,0.9818959693488835
logreg,linear,wine,0,0.0,ok,,124,0,1.0,1.0,0.9444444444444444,0.9984681984681986,0.05555555555555558,,,
logreg,linear,wine,0,0.05,ok,,124,6,0.9516129032258065,0.9838709677419355,0.9259259259259259,0.9891173641173641,0.025686977299880565,0.16666666666666666,0.8333333333333334,0.2291209835484319
logreg,linear,wine,0,0.1,ok,,124,12,0.8951612903225806,0.9919354838709677,0.9444444444444444,0.9950343894788339,-0.04928315412186379,0.0,1.0,0.15019902328660298
logreg,linear,wine,0,0.2,ok,,124,25,0.7903225806451613,0.9193548387096774,0.9444444444444444,0.9863983752872642,-0.15412186379928317,0.16,0.8,0.23820112114913009
logreg,linear,wine,0,0.3,ok,,124,37,0.6935483870967742,0.9112903225806451,0.9074074074074074,0.9855103743992633,-0.2138590203106332,0.10810810810810811,0.8378378378378378,0.2573459806038949
logreg,linear,wine,0,0.4,ok,,124,50,0.6209677419354839,0.7983870967741935,0.7407407407407407,0.9418531057419947,-0.11977299880525683,0.24,0.68,0.30213498763564234
hist_gbdt,gbdt,wine,0,0.0,ok,,124,0,1.0,1.0,0.9259259259259259,1.0,0.07407407407407407,,,
hist_gbdt,gbdt,wine,0,0.05,ok,,124,6,1.0,0.9516129032258065,0.8703703703703703,0.9643263115485338,0.12962962962962965,1.0,0.0,0.9984691816182473
hist_gbdt,gbdt,wine,0,0.1,ok,,124,12,1.0,0.9032258064516129,0.8333333333333334,0.9721717582828694,0.16666666666666663,1.0,0.0,0.9833663708446787
hist_gbdt,gbdt,wine,0,0.2,ok,,124,25,1.0,0.7983870967741935,0.9074074074074074,0.9733447622336512,0.09259259259259256,1.0,0.0,0.93404468281693
hist_gbdt,gbdt,wine,0,0.3,ok,,124,37,1.0,0.7016129032258065,0.6666666666666666,0.8712405906850352,0.33333333333333337,1.0,0.0,0.93067093617446
hist_gbdt,gbdt,wine,0,0.4,ok,,124,50,1.0,0.5967741935483871,0.5555555555555556,0.7132889744000854,0.4444444444444444,1.0,0.0,0.8831057713085215
xgboost,gbdt,wine,0,0.0,ok,,124,0,1.0,1.0,0.9444444444444444,0.9934805934805935,0.05555555555555558,,,
xgboost,gbdt,wine,0,0.05,ok,,124,6,1.0,0.9516129032258065,0.8703703703703703,0.9758227369338481,0.12962962962962965,1.0,0.0,0.913349986076355
xgboost,gbdt,wine,0,0.1,ok,,124,12,1.0,0.9032258064516129,0.8703703703703703,0.9594767372545151,0.12962962962962965,1.0,0.0,0.9384264598290125
xgboost,gbdt,wine,0,0.2,ok,,124,25,1.0,0.7983870967741935,0.8333333333333334,0.965111534555979,0.16666666666666663,1.0,0.0,0.9618389296531678
xgboost,gbdt,wine,0,0.3,ok,,124,37,1.0,0.7016129032258065,0.7592592592592593,0.8995495245495245,0.2407407407407407,1.0,0.0,0.9689719660862072
xgboost,gbdt,wine,0,0.4,ok,,124,50,1.0,0.5967741935483871,0.5740740740740741,0.7691274774608109,0.42592592592592593,1.0,0.0,0.974004647731781
catboost,gbdt,wine,0,0.0,ok,,124,0,1.0,1.0,0.9444444444444444,0.9892773892773893,0.05555555555555558,,,
catboost,gbdt,wine,0,0.05,ok,,124,6,1.0,0.9516129032258065,0.9074074074074074,0.9833717722606612,0.09259259259259256,1.0,0.0,0.9424790982661909
catboost,gbdt,wine,0,0.1,ok,,124,12,1.0,0.9032258064516129,0.9074074074074074,0.9853071825294047,0.09259259259259256,1.0,0.0,0.9354102020369163
catboost,gbdt,wine,0,0.2,ok,,124,25,1.0,0.7983870967741935,0.9074074074074074,0.9909085770196882,0.09259259259259256,1.0,0.0,0.9318555108637887
catboost,gbdt,wine,0,0.3,ok,,124,37,1.0,0.7016129032258065,0.7962962962962963,0.9541860402971514,0.20370370370370372,1.0,0.0,0.9375525161582213
catboost,gbdt,wine,0,0.4,ok,,124,50,1.0,0.5967741935483871,0.6851851851851852,0.8716847966847966,0.31481481481481477,1.0,0.0,0.9449168021590466
tabicl,icl,wine,0,0.0,ok,,124,0,1.0,1.0,1.0,1.0,0.0,,,
tabicl,icl,wine,0,0.05,ok,,124,6,0.9758064516129032,0.9758064516129032,1.0,1.0,-0.024193548387096753,0.5,0.5,0.5222920676072439
tabicl,icl,wine,0,0.1,ok,,124,12,0.9516129032258065,0.9516129032258065,0.9814814814814815,1.0,-0.029868578255675016,0.5,0.5,0.482304943104585
tabicl,icl,wine,0,0.2,ok,,124,25,0.8467741935483871,0.9516129032258065,1.0,1.0,-0.15322580645161288,0.24,0.76,0.4000551670789719
tabicl,icl,wine,0,0.3,ok,,124,37,0.8790322580645161,0.8225806451612904,0.9814814814814815,1.0,-0.10244922341696538,0.5945945945945946,0.40540540540540543,0.4802869719427985
tabicl,icl,wine,0,0.4,ok,,124,50,0.8064516129032258,0.7903225806451613,0.9814814814814815,1.0,-0.17502986857825575,0.52,0.48,0.43159372597932816
tabpfn,icl,wine,0,0.0,ok,,124,0,1.0,1.0,0.9814814814814815,0.998949198949199,0.01851851851851849,,,
tabpfn,icl,wine,0,0.05,ok,,124,6,1.0,0.9516129032258065,0.9814814814814815,0.9990379990379991,0.01851851851851849,1.0,0.0,0.9473408957322439
tabpfn,icl,wine,0,0.1,ok,,124,12,1.0,0.9032258064516129,0.9444444444444444,0.9995189995189996,0.05555555555555558,1.0,0.0,0.9191862444082896
tabpfn,icl,wine,0,0.2,ok,,124,25,0.9919354838709677,0.8064516129032258,0.9814814814814815,0.998075998075998,0.010454002389486239,0.96,0.04,0.7220258975028991
tabpfn,icl,wine,0,0.3,ok,,124,37,0.9758064516129032,0.7258064516129032,0.9629629629629629,1.0,0.012843488649940338,0.918918918918919,0.08108108108108109,0.6320119894839622
tabpfn,icl,wine,0,0.4,ok,,124,50,1.0,0.5967741935483871,0.9444444444444444,1.0,0.05555555555555558,1.0,0.0,0.8066065418720245
logreg,linear,iris,0,0.0,ok,,105,0,0.9809523809523809,0.9809523809523809,0.9777777777777777,1.0,0.0031746031746031633,,,
logreg,linear,iris,0,0.05,ok,,105,5,0.9333333333333333,0.9619047619047619,0.9777777777777777,0.9992592592592593,-0.0444444444444444,0.2,0.8,0.21816025218394008
logreg,linear,iris,0,0.1,ok,,105,10,0.8666666666666667,0.9333333333333333,0.9777777777777777,1.0,-0.11111111111111105,0.1,0.8,0.11282517429496679
logreg,linear,iris,0,0.2,ok,,105,21,0.7333333333333333,0.8095238095238095,0.9111111111111111,0.9866666666666667,-0.1777777777777778,0.23809523809523808,0.6190476190476191,0.2629698362099805
logreg,linear,iris,0,0.3,ok,,105,32,0.6,0.7428571428571429,0.8666666666666667,0.98,-0.2666666666666667,0.125,0.59375,0.2453932378892184
logreg,linear,iris,0,0.4,ok,,105,42,0.5333333333333333,0.6476190476190476,0.6666666666666666,0.9229629629629631,-0.1333333333333333,0.30952380952380953,0.5952380952380952,0.31373006549871923
hist_gbdt,gbdt,iris,0,0.0,ok,,105,0,1.0,1.0,0.9777777777777777,0.9925925925925926,0.022222222222222254,,,
hist_gbdt,gbdt,iris,0,0.05,ok,,105,5,1.0,0.9523809523809523,0.9555555555555556,0.9955555555555556,0.0444444444444444,1.0,0.0,0.8848551228432726
hist_gbdt,gbdt,iris,0,0.1,ok,,105,10,0.9714285714285714,0.9142857142857143,0.9555555555555556,0.9866666666666667,0.015873015873015817,0.8,0.2,0.629345514406195
hist_gbdt,gbdt,iris,0,0.2,ok,,105,21,0.8857142857142857,0.9047619047619048,0.9555555555555556,0.9844444444444446,-0.06984126984126993,0.42857142857142855,0.5238095238095238,0.4808136493728496
hist_gbdt,gbdt,iris,0,0.3,ok,,105,32,0.8666666666666667,0.780952380952381,0.9333333333333333,0.9755555555555556,-0.06666666666666665,0.59375,0.3125,0.4692382257820609
hist_gbdt,gbdt,iris,0,0.4,ok,,105,42,0.7904761904761904,0.7619047619047619,0.9333333333333333,0.9703703703703704,-0.1428571428571429,0.5238095238095238,0.4523809523809524,0.48723653362235725
xgboost,gbdt,iris,0,0.0,ok,,105,0,1.0,1.0,0.8888888888888888,0.9651851851851853,0.11111111111111116,,,
xgboost,gbdt,iris,0,0.05,ok,,105,5,1.0,0.9523809523809523,0.9555555555555556,0.9955555555555554,0.0444444444444444,1.0,0.0,0.8310642957687377
xgboost,gbdt,iris,0,0.1,ok,,105,10,1.0,0.9047619047619048,0.8888888888888888,0.9755555555555556,0.11111111111111116,1.0,0.0,0.8733056247234344
xgboost,gbdt,iris,0,0.2,ok,,105,21,1.0,0.8,0.8666666666666667,0.9733333333333333,0.1333333333333333,1.0,0.0,0.8957976358277457
xgboost,gbdt,iris,0,0.3,ok,,105,32,1.0,0.6952380952380952,0.8444444444444444,0.9607407407407408,0.15555555555555556,1.0,0.0,0.928027655929327
xgboost,gbdt,iris,0,0.4,ok,,105,42,1.0,0.6,0.7111111111111111,0.8792592592592593,0.28888888888888886,1.0,0.0,0.9345400276638213
catboost,gbdt,iris,0,0.0,ok,,105,0,1.0,1.0,0.9777777777777777,0.9955555555555556,0.022222222222222254,,,
catboost,gbdt,iris,0,0.05,ok,,105,5,1.0,0.9523809523809523,0.9777777777777777,0.997037037037037,0.022222222222222254,1.0,0.0,0.9361625919829961
catboost,gbdt,iris,0,0.1,ok,,105,10,1.0,0.9047619047619048,0.9555555555555556,0.9955555555555556,0.0444444444444444,1.0,0.0,0.870621096572569
catboost,gbdt,iris,0,0.2,ok,,105,21,1.0,0.8,0.9111111111111111,0.994074074074074,0.0888888888888889,1.0,0.0,0.8348508095218243
catboost,gbdt,iris,0,0.3,ok,,105,32,1.0,0.6952380952380952,0.9111111111111111,0.9785185185185185,0.0888888888888889,1.0,0.0,0.8748788773196974
catboost,gbdt,iris,0,0.4,ok,,105,42,1.0,0.6,0.7333333333333333,0.9022222222222221,0.2666666666666667,1.0,0.0,0.8628456278428025
tabicl,icl,iris,0,0.0,ok,,105,0,0.9904761904761905,0.9904761904761905,0.9777777777777777,1.0,0.012698412698412764,,,
tabicl,icl,iris,0,0.05,ok,,105,5,0.9523809523809523,0.9809523809523809,0.9777777777777777,1.0,-0.025396825396825418,0.2,0.8,0.23923954516649246
tabicl,icl,iris,0,0.1,ok,,105,10,0.8952380952380953,0.9904761904761905,1.0,1.0,-0.10476190476190472,0.0,1.0,0.2436098039150238
tabicl,icl,iris,0,0.2,ok,,105,21,0.8285714285714286,0.9428571428571428,0.9777777777777777,0.9985185185185186,-0.14920634920634912,0.19047619047619047,0.7619047619047619,0.20579698717310316
tabicl,icl,iris,0,0.3,ok,,105,32,0.8857142857142857,0.8,0.9555555555555556,0.9992592592592593,-0.06984126984126993,0.625,0.34375,0.41547094797715545
tabicl,icl,iris,0,0.4,ok,,105,42,0.7904761904761904,0.8095238095238095,0.9333333333333333,0.9925925925925926,-0.1428571428571429,0.47619047619047616,0.5238095238095238,0.4248539063902128
tabpfn,icl,iris,0,0.0,ok,,105,0,0.9809523809523809,0.9809523809523809,0.9777777777777777,1.0,0.0031746031746031633,,,
tabpfn,icl,iris,0,0.05,ok,,105,5,0.9428571428571428,0.9714285714285714,0.9777777777777777,0.9992592592592593,-0.03492063492063491,0.2,0.8,0.24479594081640244
tabpfn,icl,iris,0,0.1,ok,,105,10,0.8952380952380953,0.9904761904761905,0.9777777777777777,0.9992592592592593,-0.08253968253968247,0.0,1.0,0.17487038001418115
tabpfn,icl,iris,0,0.2,ok,,105,21,0.819047619047619,0.9523809523809523,0.9777777777777777,0.9985185185185186,-0.15873015873015872,0.14285714285714285,0.8095238095238095,0.22145480378752663
tabpfn,icl,iris,0,0.3,ok,,105,32,0.8761904761904762,0.819047619047619,0.8888888888888888,0.9985185185185186,-0.012698412698412653,0.59375,0.40625,0.42031062580645084
tabpfn,icl,iris,0,0.4,ok,,105,42,0.7142857142857143,0.8571428571428571,0.9333333333333333,0.9962962962962963,-0.21904761904761905,0.30952380952380953,0.6666666666666666,0.38049623565304846
logreg,linear,digits,0,0.0,ok,,1257,0,0.9976133651551312,0.9976133651551312,0.9685185185185186,0.9986194387998962,0.02909484663661266,,,
logreg,linear,digits,0,0.05,ok,,1257,63,0.9347653142402546,0.9785202863961814,0.9314814814814815,0.9942943478373184,0.0032838327587730864,0.06349206349206349,0.9365079365079365,0.11929035716934623
logreg,linear,digits,0,0.1,ok,,1257,126,0.8774860779634049,0.960222752585521,0.8907407407407407,0.9927762410252159,-0.01325466277733578,0.047619047619047616,0.873015873015873,0.1018484303039131
logreg,linear,digits,0,0.2,ok,,1257,251,0.7796340493237868,0.9403341288782816,0.8851851851851852,0.9885891395936361,-0.10555113586139842,0.04780876494023904,0.852589641434263,0.10580766868016006
logreg,linear,digits,0,0.3,ok,,1257,377,0.684964200477327,0.9029435163086714,0.8444444444444444,0.9797333049045738,-0.15948024396711746,0.07692307692307693,0.8037135278514589,0.10453328407608792
logreg,linear,digits,0,0.4,ok,,1257,503,0.5767700875099443,0.8822593476531424,0.8074074074074075,0.9708942329416643,-0.23063731989746317,0.0636182902584493,0.827037773359841,0.11119658637022944
hist_gbdt,gbdt,digits,0,0.0,ok,,1257,0,1.0,1.0,0.9685185185185186,0.999264907392293,0.031481481481481444,,,
hist_gbdt,gbdt,digits,0,0.05,ok,,1257,63,1.0,0.9498806682577565,0.9629629629629629,0.9987926070746109,0.03703703703703709,1.0,0.0,0.9998489014951105
hist_gbdt,gbdt,digits,0,0.1,ok,,1257,126,1.0,0.8997613365155132,0.9481481481481482,0.998074508044073,0.051851851851851816,1.0,0.0,0.9998548706225111
hist_gbdt,gbdt,digits,0,0.2,ok,,1257,251,1.0,0.8003182179793158,0.9314814814814815,0.99802651169717,0.06851851851851853,1.0,0.0,0.9998197445459277
hist_gbdt,gbdt,digits,0,0.3,ok,,1257,377,1.0,0.700079554494829,0.9037037037037037,0.9948835709094193,0.09629629629629632,1.0,0.0,0.9997139846525204
hist_gbdt,gbdt,digits,0,0.4,ok,,1257,503,1.0,0.5998408910103421,0.8425925925925926,0.9870383521116706,0.15740740740740744,1.0,0.0,0.9994543787154508
xgboost,gbdt,digits,0,0.0,ok,,1257,0,1.0,1.0,0.9685185185185186,0.9989648136338609,0.031481481481481444,,,
xgboost,gbdt,digits,0,0.05,ok,,1257,63,1.0,0.9498806682577565,0.9611111111111111,0.9988353653772066,0.03888888888888886,1.0,0.0,0.9607837398846945
xgboost,gbdt,digits,0,0.1,ok,,1257,126,1.0,0.8997613365155132,0.9462962962962963,0.9982664690081823,0.0537037037037037,1.0,0.0,0.9715303513738844
xgboost,gbdt,digits,0,0.2,ok,,1257,251,1.0,0.8003182179793158,0.9055555555555556,0.9959137022585732,0.09444444444444444,1.0,0.0,0.9776885697091243
xgboost,gbdt,digits,0,0.3,ok,,1257,377,1.0,0.700079554494829,0.8907407407407407,0.9925519373224875,0.10925925925925928,1.0,0.0,0.9803302599517357
xgboost,gbdt,digits,0,0.4,ok,,1257,503,1.0,0.5998408910103421,0.8222222222222222,0.9798862229878897,0.1777777777777778,1.0,0.0,0.9821909212212914
catboost,gbdt,digits,0,0.0,ok,,1257,0,1.0,1.0,0.9833333333333333,0.9992899113249436,0.01666666666666672,,,
catboost,gbdt,digits,0,0.05,ok,,1257,63,1.0,0.9498806682577565,0.9722222222222222,0.999062586956341,0.02777777777777779,1.0,0.0,0.7654268894939665
catboost,gbdt,digits,0,0.1,ok,,1257,126,1.0,0.8997613365155132,0.9462962962962963,0.998500530543029,0.0537037037037037,1.0,0.0,0.7631721840180844
catboost,gbdt,digits,0,0.2,ok,,1257,251,0.9992044550517104,0.8011137629276054,0.9277777777777778,0.9962512351960967,0.07142667727393259,0.9960159362549801,0.00398406374501992,0.7354427833371427
catboost,gbdt,digits,0,0.3,ok,,1257,377,0.9984089101034208,0.7016706443914081,0.9203703703703704,0.9948493373922332,0.07803853973305042,0.9946949602122016,0.005305039787798408,0.7190965213488021
catboost,gbdt,digits,0,0.4,ok,,1257,503,0.9992044550517104,0.6006364359586317,0.8703703703703703,0.9864856386730991,0.12883408468134006,0.9980119284294234,0.0019880715705765406,0.7405923249037737
tabicl,icl,digits,0,0.0,ok,,1257,0,1.0,1.0,0.987037037037037,0.999950388893672,0.012962962962962954,,,
tabicl,icl,digits,0,0.05,ok,,1257,63,0.9506762132060461,0.9992044550517104,0.9851851851851852,0.9998626194776206,-0.03450897197913905,0.015873015873015872,0.9841269841269841,0.0874072810457576
tabicl,icl,digits,0,0.1,ok,,1257,126,0.903739061256961,0.9960222752585521,0.9833333333333333,0.9998847685966818,-0.07959427207637226,0.03968253968253968,0.9603174603174603,0.062337356804323105
tabicl,icl,digits,0,0.2,ok,,1257,251,0.807478122513922,0.9904534606205251,0.9851851851851852,0.9996076236561263,-0.17770706267126313,0.035856573705179286,0.952191235059761,0.09771636017854232
tabicl,icl,digits,0,0.3,ok,,1257,377,0.7080350039777248,0.9856801909307876,0.987037037037037,0.9998586099758437,-0.27900203305931226,0.03183023872679045,0.9575596816976127,0.06890626700313401
tabicl,icl,digits,0,0.4,ok,,1257,503,0.6085918854415274,0.9832935560859188,0.9796296296296296,0.9996975018864663,-0.3710377441881022,0.02584493041749503,0.9622266401590457,0.07559589072173206
tabpfn,icl,digits,0,0.0,ok,,1257,0,1.0,1.0,0.9907407407407407,0.9999392727448416,0.0092592592592593,,,
tabpfn,icl,digits,0,0.05,ok,,1257,63,0.9514717581543357,0.9984089101034208,0.9851851851851852,0.9998969058263215,-0.03371342703084945,0.031746031746031744,0.9682539682539683,0.1364922389565479
tabpfn,icl,digits,0,0.1,ok,,1257,126,0.9021479713603818,0.9976133651551312,0.9851851851851852,0.9997672148638328,-0.08303721382480334,0.023809523809523808,0.9761904761904762,0.06591378186371118
tabpfn,icl,digits,0,0.2,ok,,1257,251,0.8066825775656324,0.9896579156722355,0.9777777777777777,0.9998017330693744,-0.1710952002121453,0.03187250996015936,0.9482071713147411,0.08305525530753026
tabpfn,icl,digits,0,0.3,ok,,1257,377,0.7072394590294352,0.9840891010342084,0.9833333333333333,0.9993932820351967,-0.2760938743038981,0.03183023872679045,0.9549071618037135,0.06958780984149687
tabpfn,icl,digits,0,0.4,ok,,1257,503,0.6109785202863962,0.9737470167064439,0.9722222222222222,0.9993650336043087,-0.361243701935826,0.033797216699801194,0.9403578528827038,0.08134282778422709
logreg,linear,synthetic_mixed,0,0.0,ok,,420,0,0.9857142857142858,0.9857142857142858,0.9555555555555556,0.9942592592592593,0.030158730158730163,,,
logreg,linear,synthetic_mixed,0,0.05,ok,,420,21,0.9071428571428571,0.9452380952380952,0.9,0.9789351851851853,0.0071428571428571175,0.09523809523809523,0.8571428571428571,0.14465081468350702
logreg,linear,synthetic_mixed,0,0.1,ok,,420,42,0.8523809523809524,0.9119047619047619,0.8611111111111112,0.958611111111111,-0.00873015873015881,0.16666666666666666,0.7619047619047619,0.20806340506519033
logreg,linear,synthetic_mixed,0,0.2,ok,,420,84,0.7023809523809523,0.8047619047619048,0.7333333333333333,0.8901851851851852,-0.030952380952380953,0.19047619047619047,0.7023809523809523,0.2397849143720703
logreg,linear,synthetic_mixed,0,0.3,ok,,420,126,0.6071428571428571,0.7476190476190476,0.7,0.8399537037037037,-0.09285714285714286,0.19047619047619047,0.6587301587301587,0.2749800235602594
logreg,linear,synthetic_mixed,0,0.4,ok,,420,168,0.5785714285714286,0.7095238095238096,0.6833333333333333,0.8272685185185186,-0.10476190476190472,0.26785714285714285,0.5952380952380952,0.30585465463660744
hist_gbdt,gbdt,synthetic_mixed,0,0.0,ok,,420,0,1.0,1.0,0.8666666666666667,0.9648148148148149,0.1333333333333333,,,
hist_gbdt,gbdt,synthetic_mixed,0,0.05,ok,,420,21,1.0,0.95,0.8222222222222222,0.9527314814814815,0.1777777777777778,1.0,0.0,0.9659035461353511
hist_gbdt,gbdt,synthetic_mixed,0,0.1,ok,,420,42,1.0,0.9,0.7666666666666667,0.9119907407407407,0.23333333333333328,1.0,0.0,0.9450283882222411
hist_gbdt,gbdt,synthetic_mixed,0,0.2,ok,,420,84,1.0,0.8,0.7666666666666667,0.8981481481481483,0.23333333333333328,1.0,0.0,0.9068312667496169
hist_gbdt,gbdt,synthetic_mixed,0,0.3,ok,,420,126,1.0,0.7,0.6722222222222223,0.835,0.3277777777777777,1.0,0.0,0.8758053714451532
hist_gbdt,gbdt,synthetic_mixed,0,0.4,ok,,420,168,1.0,0.6,0.6222222222222222,0.8197222222222221,0.37777777777777777,1.0,0.0,0.8716631962857513
xgboost,gbdt,synthetic_mixed,0,0.0,ok,,420,0,1.0,1.0,0.8833333333333333,0.9621759259259259,0.1166666666666667,,,
xgboost,gbdt,synthetic_mixed,0,0.05,ok,,420,21,1.0,0.95,0.8111111111111111,0.9429629629629629,0.18888888888888888,1.0,0.0,0.9589192952428546
xgboost,gbdt,synthetic_mixed,0,0.1,ok,,420,42,1.0,0.9,0.7833333333333333,0.9110648148148147,0.21666666666666667,1.0,0.0,0.9641046878837404
xgboost,gbdt,synthetic_mixed,0,0.2,ok,,420,84,1.0,0.8,0.7333333333333333,0.9044907407407408,0.2666666666666667,1.0,0.0,0.9674490477357592
xgboost,gbdt,synthetic_mixed,0,0.3,ok,,420,126,1.0,0.7,0.6833333333333333,0.8433796296296298,0.31666666666666665,1.0,0.0,0.9699064616173033
xgboost,gbdt,synthetic_mixed,0,0.4,ok,,420,168,1.0,0.6,0.6388888888888888,0.8123148148148148,0.36111111111111116,1.0,0.0,0.9722883421040717
catboost,gbdt,synthetic_mixed,0,0.0,ok,,420,0,1.0,1.0,0.8722222222222222,0.9726851851851852,0.12777777777777777,,,
catboost,gbdt,synthetic_mixed,0,0.05,ok,,420,21,1.0,0.95,0.8611111111111112,0.9624999999999999,0.13888888888888884,1.0,0.0,0.8265143276692687
catboost,gbdt,synthetic_mixed,0,0.1,ok,,420,42,1.0,0.9,0.8333333333333334,0.9430555555555555,0.16666666666666663,1.0,0.0,0.8087748016883274
catboost,gbdt,synthetic_mixed,0,0.2,ok,,420,84,1.0,0.8,0.7777777777777778,0.9242129629629631,0.2222222222222222,1.0,0.0,0.8061554427977471
catboost,gbdt,synthetic_mixed,0,0.3,ok,,420,126,1.0,0.7,0.7,0.8531944444444445,0.30000000000000004,1.0,0.0,0.8176497154925596
catboost,gbdt,synthetic_mixed,0,0.4,ok,,420,168,1.0,0.6,0.6833333333333333,0.8213425925925927,0.31666666666666665,1.0,0.0,0.8266634621639546
tabicl,icl,synthetic_mixed,0,0.0,ok,,420,0,1.0,1.0,0.9611111111111111,0.9982407407407408,0.03888888888888886,,,
tabicl,icl,synthetic_mixed,0,0.05,ok,,420,21,0.95,0.9928571428571429,0.9611111111111111,0.9983796296296297,-0.011111111111111183,0.047619047619047616,0.9047619047619048,0.06531859144923233
tabicl,icl,synthetic_mixed,0,0.1,ok,,420,42,0.8952380952380953,0.9904761904761905,0.95,0.9956018518518518,-0.05476190476190468,0.023809523809523808,0.9761904761904762,0.1284789400884793
tabicl,icl,synthetic_mixed,0,0.2,ok,,420,84,0.7857142857142857,0.9547619047619048,0.9333333333333333,0.9929166666666666,-0.14761904761904765,0.05952380952380952,0.9047619047619048,0.1825034653856641
tabicl,icl,synthetic_mixed,0,0.3,ok,,420,126,0.7023809523809523,0.9476190476190476,0.9444444444444444,0.9888888888888889,-0.2420634920634921,0.07142857142857142,0.8888888888888888,0.22296385183220818
tabicl,icl,synthetic_mixed,0,0.4,ok,,420,168,0.5761904761904761,0.8476190476190476,0.7888888888888889,0.9454629629629631,-0.21269841269841272,0.10714285714285714,0.7857142857142857,0.28726498574195874
tabpfn,icl,synthetic_mixed,0,0.0,ok,,420,0,1.0,1.0,0.9722222222222222,0.9967592592592592,0.02777777777777779,,,
tabpfn,icl,synthetic_mixed,0,0.05,ok,,420,21,0.9523809523809523,0.9976190476190476,0.9666666666666667,0.9972222222222222,-0.014285714285714346,0.047619047619047616,0.9523809523809523,0.2138256554802259
tabpfn,icl,synthetic_mixed,0,0.1,ok,,420,42,0.9380952380952381,0.9619047619047619,0.95,0.9951851851851852,-0.011904761904761862,0.38095238095238093,0.6190476190476191,0.4526424248303686
tabpfn,icl,synthetic_mixed,0,0.2,ok,,420,84,0.9857142857142858,0.8142857142857143,0.95,0.9951851851851852,0.03571428571428581,0.9285714285714286,0.07142857142857142,0.6636463109226454
tabpfn,icl,synthetic_mixed,0,0.3,ok,,420,126,0.8595238095238096,0.8357142857142857,0.9333333333333333,0.9841666666666665,-0.07380952380952377,0.5317460317460317,0.4523809523809524,0.46942096451918286
tabpfn,icl,synthetic_mixed,0,0.4,ok,,420,168,0.9976190476190476,0.6023809523809524,0.8166666666666667,0.95375,0.18095238095238098,0.9940476190476191,0.005952380952380952,0.6744073382800534
logreg,linear,breast_cancer,1,0.0,ok,,398,0,0.992462311557789,0.992462311557789,0.9707602339181286,0.9967873831775701,0.021702077639660367,,,
logreg,linear,breast_cancer,1,0.05,ok,,398,20,0.9346733668341709,0.9849246231155779,0.9415204678362573,0.9814544392523364,-0.006847101002086409,0.0,1.0,0.1356363563165302
logreg,linear,breast_cancer,1,0.1,ok,,398,40,0.8768844221105527,0.9673366834170855,0.9415204678362573,0.9858352803738317,-0.06463604572570458,0.05,0.95,0.19240271850114118
logreg,linear,breast_cancer,1,0.2,ok,,398,80,0.7663316582914573,0.9472361809045227,0.9122807017543859,0.9653913551401869,-0.14594904346292858,0.05,0.95,0.29229763537866854
logreg,linear,breast_cancer,1,0.3,ok,,398,119,0.6934673366834171,0.8517587939698492,0.8538011695906432,0.9234813084112148,-0.16033383290722614,0.23529411764705882,0.7647058823529411,0.39842530072182003
logreg,linear,breast_cancer,1,0.4,ok,,398,159,0.6005025125628141,0.7537688442211056,0.7660818713450293,0.8051985981308412,-0.1655793587822152,0.3081761006289308,0.6918238993710691,0.4551665131422736
hist_gbdt,gbdt,breast_cancer,1,0.0,ok,,398,0,1.0,1.0,0.9590643274853801,0.9937207943925234,0.040935672514619936,,,
hist_gbdt,gbdt,breast_cancer,1,0.05,ok,,398,20,1.0,0.949748743718593,0.935672514619883,0.9872955607476636,0.06432748538011701,1.0,0.0,0.9654095632447209
hist_gbdt,gbdt,breast_cancer,1,0.1,ok,,398,40,1.0,0.8994974874371859,0.9064327485380117,0.9680198598130841,0.0935672514619883,1.0,0.0,0.9569480487088871
hist_gbdt,gbdt,breast_cancer,1,0.2,ok,,398,80,1.0,0.7989949748743719,0.8245614035087719,0.9370619158878504,0.17543859649122806,1.0,0.0,0.9281797819164094
hist_gbdt,gbdt,breast_cancer,1,0.3,ok,,398,119,1.0,0.7010050251256281,0.7660818713450293,0.8612733644859812,0.23391812865497075,1.0,0.0,0.9190081096997766
hist_gbdt,gbdt,breast_cancer,1,0.4,ok,,398,159,1.0,0.6005025125628141,0.5964912280701754,0.6317172897196262,0.4035087719298246,1.0,0.0,0.9106411154682483
xgboost,gbdt,breast_cancer,1,0.0,ok,,398,0,1.0,1.0,0.9532163742690059,0.9944509345794392,0.04678362573099415,,,
xgboost,gbdt,breast_cancer,1,0.05,ok,,398,20,1.0,0.949748743718593,0.9415204678362573,0.9897780373831776,0.05847953216374269,1.0,0.0,0.9487663149833679
xgboost,gbdt,breast_cancer,1,0.1,ok,,398,40,1.0,0.8994974874371859,0.9239766081871345,0.9725467289719626,0.07602339181286555,1.0,0.0,0.9616185784339905
xgboost,gbdt,breast_cancer,1,0.2,ok,,398,80,1.0,0.7989949748743719,0.847953216374269,0.931804906542056,0.15204678362573099,1.0,0.0,0.9743681564927101
xgboost,gbdt,breast_cancer,1,0.3,ok,,398,119,1.0,0.7010050251256281,0.7543859649122807,0.8490070093457944,0.24561403508771928,1.0,0.0,0.9797854503663648
xgboost,gbdt,breast_cancer,1,0.4,ok,,398,159,1.0,0.6005025125628141,0.6023391812865497,0.62821261682243,0.39766081871345027,1.0,0.0,0.9821459875916535
catboost,gbdt,breast_cancer,1,0.0,ok,,398,0,1.0,1.0,0.9532163742690059,0.9960572429906542,0.04678362573099415,,,
catboost,gbdt,breast_cancer,1,0.05,ok,,398,20,0.9899497487437185,0.9547738693467337,0.9590643274853801,0.9960572429906542,0.030885421258338486,0.85,0.15,0.5919214848895645
catboost,gbdt,breast_cancer,1,0.1,ok,,398,40,0.9899497487437185,0.9095477386934674,0.935672514619883,0.9824766355140186,0.05427723412383556,0.9,0.1,0.6154762863199673
catboost,gbdt,breast_cancer,1,0.2,ok,,398,80,0.9698492462311558,0.8190954773869347,0.9064327485380117,0.9810163551401869,0.06341649769314406,0.875,0.125,0.6204181324199907
catboost,gbdt,breast_cancer,1,0.3,ok,,398,119,0.9623115577889447,0.7386934673366834,0.8304093567251462,0.9259637850467289,0.13190220106379857,0.8739495798319328,0.12605042016806722,0.6617668972821134
catboost,gbdt,breast_cancer,1,0.4,ok,,398,159,0.9824120603015075,0.6180904522613065,0.695906432748538,0.741676401869159,0.2865056275529695,0.9559748427672956,0.0440251572327044,0.6822969153275201
tabicl,icl,breast_cancer,1,0.0,ok,,398,0,0.9974874371859297,0.9974874371859297,0.9766081871345029,0.9982476635514018,0.020879250051426768,,,
tabicl,icl,breast_cancer,1,0.05,ok,,398,20,0.949748743718593,0.9899497487437185,0.9649122807017544,0.9994158878504673,-0.015163536983161419,0.1,0.9,0.26493121348321436
tabicl,icl,breast_cancer,1,0.1,ok,,398,40,0.9195979899497487,0.9748743718592965,0.9649122807017544,0.9964953271028038,-0.04531429075200566,0.225,0.775,0.43056695349514484
tabicl,icl,breast_cancer,1,0.2,ok,,398,80,0.871859296482412,0.9170854271356784,0.9415204678362573,0.9875876168224299,-0.06966117135384531,0.3875,0.6125,0.4943743985146284
tabicl,icl,breast_cancer,1,0.3,ok,,398,119,0.7663316582914573,0.9045226130653267,0.9005847953216374,0.9572137850467289,-0.13425313703018005,0.2689075630252101,0.7310924369747899,0.4520156284590729
tabicl,icl,breast_cancer,1,0.4,ok,,398,159,0.992462311557789,0.6080402010050251,0.8245614035087719,0.8336740654205608,0.16790090804901703,0.9811320754716981,0.018867924528301886,0.6017612190741413
tabpfn,icl,breast_cancer,1,0.0,ok,,398,0,1.0,1.0,0.9707602339181286,0.9989778037383178,0.0292397660818714,,,
tabpfn,icl,breast_cancer,1,0.05,ok,,398,20,1.0,0.949748743718593,0.9707602339181286,0.999123831775701,0.0292397660818714,1.0,0.0,0.8761901736259461
tabpfn,icl,breast_cancer,1,0.1,ok,,398,40,1.0,0.8994974874371859,0.9707602339181286,0.9878796728971962,0.0292397660818714,1.0,0.0,0.9563583597540856
tabpfn,icl,breast_cancer,1,0.2,ok,,398,80,0.9949748743718593,0.8040201005025126,0.935672514619883,0.9836448598130841,0.059302359751976286,0.975,0.025,0.768983468785882
tabpfn,icl,breast_cancer,1,0.3,ok,,398,119,1.0,0.7010050251256281,0.8888888888888888,0.9564836448598131,0.11111111111111116,1.0,0.0,0.9333982748143813
tabpfn,icl,breast_cancer,1,0.4,ok,,398,159,1.0,0.6005025125628141,0.7426900584795322,0.7445969626168224,0.2573099415204678,1.0,0.0,0.9815011418090677
logreg,linear,wine,1,0.0,ok,,124,0,1.0,1.0,0.9814814814814815,0.9995189995189996,0.01851851851851849,,,
logreg,linear,wine,1,0.05,ok,,124,6,0.9516129032258065,1.0,0.9814814814814815,0.9954045954045955,-0.029868578255675016,0.0,1.0,0.06290929986705598
logreg,linear,wine,1,0.1,ok,,124,12,0.9112903225806451,0.9919354838709677,0.9629629629629629,0.9954045954045955,-0.05167264038231778,0.08333333333333333,0.9166666666666666,0.1926519685461271
logreg,linear,wine,1,0.2,ok,,124,25,0.7661290322580645,0.967741935483871,0.9814814814814815,0.9990379990379991,-0.215352449223417,0.0,1.0,0.1657686999358675
logreg,linear,wine,1,0.3,ok,,124,37,0.6693548387096774,0.9032258064516129,0.8703703703703703,0.954194673639118,-0.20101553166069297,0.05405405405405406,0.8378378378378378,0.22944981874396825
logreg,linear,wine,1,0.4,ok,,124,50,0.6048387096774194,0.8225806451612904,0.7962962962962963,0.9222746389413056,-0.1914575866188769,0.16,0.7,0.2789436019546529
hist_gbdt,gbdt,wine,1,0.0,ok,,124,0,1.0,1.0,0.9629629629629629,0.998949198949199,0.03703703703703709,,,
hist_gbdt,gbdt,wine,1,0.05,ok,,124,6,1.0,0.9516129032258065,0.9629629629629629,0.9953157953157953,0.03703703703703709,1.0,0.0,0.9945853530683127
hist_gbdt,gbdt,wine,1,0.1,ok,,124,12,1.0,0.9032258064516129,0.9629629629629629,1.0,0.03703703703703709,1.0,0.0,0.9905922970672273
hist_gbdt,gbdt,wine,1,0.2,ok,,124,25,1.0,0.7983870967741935,0.8333333333333334,0.9622581122581123,0.16666666666666663,1.0,0.0,0.9253551351606005
hist_gbdt,gbdt,wine,1,0.3,ok,,124,37,1.0,0.7016129032258065,0.7777777777777778,0.8897538675316454,0.2222222222222222,1.0,0.0,0.9180511944655653
hist_gbdt,gbdt,wine,1,0.4,ok,,124,50,1.0,0.5967741935483871,0.5740740740740741,0.7519053991276213,0.42592592592592593,1.0,0.0,0.9171521711763908
xgboost,gbdt,wine,1,0.0,ok,,124,0,1.0,1.0,0.9629629629629629,0.9958855958855959,0.03703703703703709,,,
xgboost,gbdt,wine,1,0.05,ok,,124,6,1.0,0.9516129032258065,0.9814814814814815,0.997898397898398,0.01851851851851849,1.0,0.0,0.8975728849569956
xgboost,gbdt,wine,1,0.1,ok,,124,12,1.0,0.9032258064516129,0.9444444444444444,0.9975281919726364,0.05555555555555558,1.0,0.0,0.9368176261583964
xgboost,gbdt,wine,1,0.2,ok,,124,25,1.0,0.7983870967741935,0.8703703703703703,0.9804181415292526,0.12962962962962965,1.0,0.0,0.9583894371986389
xgboost,gbdt,wine,1,0.3,ok,,124,37,1.0,0.7016129032258065,0.7962962962962963,0.9243601049156606,0.20370370370370372,1.0,0.0,0.9664597172994871
xgboost,gbdt,wine,1,0.4,ok,,124,50,1.0,0.5967741935483871,0.7037037037037037,0.8559621448510337,0.2962962962962963,1.0,0.0,0.9748031413555145
catboost,gbdt,wine,1,0.0,ok,,124,0,1.0,1.0,0.9814814814814815,1.0,0.01851851851851849,,,
catboost,gbdt,wine,1,0.05,ok,,124,6,1.0,0.9516129032258065,0.9629629629629629,1.0,0.03703703703703709,1.0,0.0,0.9193127247304274
catboost,gbdt,wine,1,0.1,ok,,124,12,1.0,0.9032258064516129,0.9629629629629629,0.9984681984681986,0.03703703703703709,1.0,0.0,0.921567337820887
catboost,gbdt,wine,1,0.2,ok,,124,25,1.0,0.7983870967741935,0.9259259259259259,0.9821767738434405,0.07407407407407407,1.0,0.0,0.9223539234510777
catboost,gbdt,wine,1,0.3,ok,,124,37,1.0,0.7016129032258065,0.8888888888888888,0.9825119325119326,0.11111111111111116,1.0,0.0,0.9313844617388333
catboost,gbdt,wine,1,0.4,ok,,124,50,1.0,0.5967741935483871,0.6481481481481481,0.8222858417302862,0.35185185185185186,1.0,0.0,0.9483251067868325
tabicl,icl,wine,1,0.0,ok,,124,0,1.0,1.0,1.0,1.0,0.0,,,
tabicl,icl,wine,1,0.05,ok,,124,6,0.9516129032258065,1.0,1.0,1.0,-0.048387096774193505,0.0,1.0,0.1918787769973278
tabicl,icl,wine,1,0.1,ok,,124,12,0.9112903225806451,0.9919354838709677,1.0,1.0,-0.08870967741935487,0.08333333333333333,0.9166666666666666,0.22481957512597242
tabicl,icl,wine,1,0.2,ok,,124,25,0.7983870967741935,1.0,1.0,1.0,-0.2016129032258065,0.0,1.0,0.20788667023181914
tabicl,icl,wine,1,0.3,ok,,124,37,0.8064516129032258,0.8951612903225806,0.9814814814814815,1.0,-0.17502986857825575,0.35135135135135137,0.6486486486486487,0.40776199625956044
tabicl,icl,wine,1,0.4,ok,,124,50,1.0,0.5967741935483871,0.7592592592592593,0.9473818362707251,0.2407407407407407,1.0,0.0,0.9184197676181793
tabpfn,icl,wine,1,0.0,ok,,124,0,1.0,1.0,1.0,1.0,0.0,,,
tabpfn,icl,wine,1,0.05,ok,,124,6,1.0,0.9516129032258065,1.0,1.0,0.0,1.0,0.0,0.6575026412804922
tabpfn,icl,wine,1,0.1,ok,,124,12,0.9596774193548387,0.9435483870967742,1.0,1.0,-0.040322580645161255,0.5833333333333334,0.4166666666666667,0.5763804440697035
tabpfn,icl,wine,1,0.2,ok,,124,25,0.7983870967741935,1.0,1.0,1.0,-0.2016129032258065,0.0,1.0,0.22987021267414093
tabpfn,icl,wine,1,0.3,ok,,124,37,1.0,0.7016129032258065,0.9814814814814815,1.0,0.01851851851851849,1.0,0.0,0.8388443685866691
tabpfn,icl,wine,1,0.4,ok,,124,50,1.0,0.5967741935483871,0.7962962962962963,0.9700685117351785,0.20370370370370372,1.0,0.0,0.988142077922821
logreg,linear,iris,1,0.0,ok,,105,0,0.9809523809523809,0.9809523809523809,0.9333333333333333,0.997037037037037,0.04761904761904756,,,
logreg,linear,iris,1,0.05,ok,,105,5,0.9428571428571428,0.9904761904761905,0.9333333333333333,0.9985185185185186,0.00952380952380949,0.0,1.0,0.17618160014744894
logreg,linear,iris,1,0.1,ok,,105,10,0.8666666666666667,0.9619047619047619,0.9555555555555556,1.0,-0.0888888888888889,0.0,1.0,0.1049794699189693
logreg,linear,iris,1,0.2,ok,,105,21,0.6571428571428571,0.7904761904761904,0.7555555555555555,0.9437037037037038,-0.0984126984126984,0.09523809523809523,0.7619047619047619,0.21288592904499842
logreg,linear,iris,1,0.3,ok,,105,32,0.6285714285714286,0.819047619047619,0.7333333333333333,0.9466666666666667,-0.10476190476190472,0.09375,0.71875,0.22712158715954245
logreg,linear,iris,1,0.4,ok,,105,42,0.5619047619047619,0.8095238095238095,0.8666666666666667,0.9525925925925925,-0.3047619047619048,0.11904761904761904,0.7380952380952381,0.27947328023751444
hist_gbdt,gbdt,iris,1,0.0,ok,,105,0,1.0,1.0,0.9333333333333333,0.9918518518518519,0.06666666666666665,,,
hist_gbdt,gbdt,iris,1,0.05,ok,,105,5,0.9904761904761905,0.9619047619047619,0.9111111111111111,0.9674074074074074,0.07936507936507942,0.8,0.2,0.7742613572569437
hist_gbdt,gbdt,iris,1,0.1,ok,,105,10,0.9333333333333333,0.9714285714285714,0.9111111111111111,0.9800000000000001,0.022222222222222254,0.3,0.7,0.37569892731419813
hist_gbdt,gbdt,iris,1,0.2,ok,,105,21,0.8857142857142857,0.8761904761904762,0.7555555555555555,0.9029629629629629,0.13015873015873014,0.5238095238095238,0.47619047619047616,0.44822191047703214
hist_gbdt,gbdt,iris,1,0.3,ok,,105,32,0.8285714285714286,0.8476190476190476,0.8222222222222222,0.9037037037037038,0.006349206349206438,0.46875,0.53125,0.48232027449047504
hist_gbdt,gbdt,iris,1,0.4,ok,,105,42,0.780952380952381,0.7523809523809524,0.6444444444444445,0.7622222222222222,0.13650793650793647,0.5238095238095238,0.4523809523809524,0.4280171344186348
xgboost,gbdt,iris,1,0.0,ok,,105,0,1.0,1.0,0.9111111111111111,0.965925925925926,0.0888888888888889,,,
xgboost,gbdt,iris,1,0.05,ok,,105,5,1.0,0.9523809523809523,0.9555555555555556,0.991111111111111,0.0444444444444444,1.0,0.0,0.8110693216323852
xgboost,gbdt,iris,1,0.1,ok,,105,10,1.0,0.9047619047619048,0.9111111111111111,0.9711111111111111,0.0888888888888889,1.0,0.0,0.8234643459320068
xgboost,gbdt,iris,1,0.2,ok,,105,21,0.9904761904761905,0.8095238095238095,0.6888888888888889,0.8407407407407409,0.3015873015873016,0.9523809523809523,0.047619047619047616,0.8699222618625277
xgboost,gbdt,iris,1,0.3,ok,,105,32,1.0,0.6952380952380952,0.6666666666666666,0.842962962962963,0.33333333333333337,1.0,0.0,0.9246946834027767
xgboost,gbdt,iris,1,0.4,ok,,105,42,0.9904761904761905,0.6095238095238096,0.4888888888888889,0.7355555555555556,0.5015873015873016,0.9761904761904762,0.023809523809523808,0.9132039653403419
catboost,gbdt,iris,1,0.0,ok,,105,0,1.0,1.0,0.9333333333333333,0.9911111111111112,0.06666666666666665,,,
catboost,gbdt,iris,1,0.05,ok,,105,5,1.0,0.9523809523809523,0.9333333333333333,0.9896296296296296,0.06666666666666665,1.0,0.0,0.9118318443509696
catboost,gbdt,iris,1,0.1,ok,,105,10,1.0,0.9047619047619048,0.9555555555555556,0.9844444444444446,0.0444444444444444,1.0,0.0,0.8301903464142748
catboost,gbdt,iris,1,0.2,ok,,105,21,0.9904761904761905,0.8095238095238095,0.8222222222222222,0.9185185185185185,0.16825396825396832,0.9523809523809523,0.047619047619047616,0.8130748119252883
catboost,gbdt,iris,1,0.3,ok,,105,32,1.0,0.6952380952380952,0.7333333333333333,0.8896296296296295,0.2666666666666667,1.0,0.0,0.8536011342092884
catboost,gbdt,iris,1,0.4,ok,,105,42,0.9904761904761905,0.6095238095238096,0.6222222222222222,0.8614814814814814,0.3682539682539683,0.9761904761904762,0.023809523809523808,0.799711809875895
tabicl,icl,iris,1,0.0,ok,,105,0,1.0,1.0,0.9333333333333333,0.994074074074074,0.06666666666666665,,,
tabicl,icl,iris,1,0.05,ok,,105,5,0.9523809523809523,0.9809523809523809,0.9555555555555556,0.9955555555555556,-0.0031746031746032743,0.2,0.8,0.3396209478378296
tabicl,icl,iris,1,0.1,ok,,105,10,0.8952380952380953,0.9904761904761905,0.9555555555555556,0.9955555555555556,-0.060317460317460325,0.0,1.0,0.072480433806777
tabicl,icl,iris,1,0.2,ok,,105,21,0.7904761904761904,0.9904761904761905,0.9333333333333333,0.9918518518518519,-0.1428571428571429,0.0,1.0,0.1657311006316117
tabicl,icl,iris,1,0.3,ok,,105,32,0.7428571428571429,0.9333333333333333,0.9555555555555556,0.9829629629629629,-0.21269841269841272,0.1875,0.8125,0.36095459619536996
tabicl,icl,iris,1,0.4,ok,,105,42,0.6666666666666666,0.9142857142857143,0.9333333333333333,0.9918518518518519,-0.2666666666666667,0.19047619047619047,0.8095238095238095,0.31390418396109626
tabpfn,icl,iris,1,0.0,ok,,105,0,1.0,1.0,0.9555555555555556,0.9955555555555556,0.0444444444444444,,,
tabpfn,icl,iris,1,0.05,ok,,105,5,0.9333333333333333,0.9809523809523809,0.9555555555555556,0.9911111111111112,-0.022222222222222254,0.0,1.0,0.2913955867290497
tabpfn,icl,iris,1,0.1,ok,,105,10,0.8952380952380953,0.9904761904761905,0.9333333333333333,0.994074074074074,-0.03809523809523807,0.0,1.0,0.07286944314837455
tabpfn,icl,iris,1,0.2,ok,,105,21,0.780952380952381,0.9809523809523809,0.8888888888888888,0.9718518518518519,-0.10793650793650789,0.0,1.0,0.18180996942378225
tabpfn,icl,iris,1,0.3,ok,,105,32,0.9333333333333333,0.7619047619047619,0.8888888888888888,0.9896296296296296,0.04444444444444451,0.78125,0.21875,0.563573244959116
tabpfn,icl,iris,1,0.4,ok,,105,42,0.6285714285714286,0.8952380952380953,0.9111111111111111,0.9911111111111112,-0.28253968253968254,0.14285714285714285,0.8095238095238095,0.28730383089610506
logreg,linear,digits,1,0.0,ok,,1257,0,0.9992044550517104,0.9992044550517104,0.9574074074074074,0.9984965169085369,0.04179704764430303,,,
logreg,linear,digits,1,0.05,ok,,1257,63,0.9443118536197295,0.9824980111376292,0.9203703703703704,0.9936152507940775,0.023941483249359075,0.1111111111111111,0.873015873015873,0.14165242718170934
logreg,linear,digits,1,0.1,ok,,1257,126,0.8902147971360382,0.9649960222752586,0.9018518518518519,0.9909353857116047,-0.011637054715813666,0.10317460317460317,0.8492063492063492,0.12959355650364104
logreg,linear,digits,1,0.2,ok,,1257,251,0.7764518695306285,0.9307875894988067,0.8574074074074074,0.9868547262547566,-0.0809555378767789,0.06374501992031872,0.8366533864541833,0.10911220532511315
logreg,linear,digits,1,0.3,ok,,1257,377,0.6754176610978521,0.918854415274463,0.8685185185185185,0.9809753831237534,-0.1931008574206664,0.05570291777188329,0.8673740053050398,0.09895978812400305
logreg,linear,digits,1,0.4,ok,,1257,503,0.5871121718377088,0.8798727128082736,0.7870370370370371,0.9715953151472096,-0.19992486519932828,0.08548707753479125,0.8170974155069582,0.11485946433899932
hist_gbdt,gbdt,digits,1,0.0,ok,,1257,0,1.0,1.0,0.9666666666666667,0.9990500915828353,0.033333333333333326,,,
hist_gbdt,gbdt,digits,1,0.05,ok,,1257,63,1.0,0.9498806682577565,0.9629629629629629,0.9992097432037788,0.03703703703703709,1.0,0.0,0.9998551650605723
hist_gbdt,gbdt,digits,1,0.1,ok,,1257,126,1.0,0.8997613365155132,0.9518518518518518,0.9985431006181866,0.04814814814814816,1.0,0.0,0.999854065637781
hist_gbdt,gbdt,digits,1,0.2,ok,,1257,251,1.0,0.8003182179793158,0.9166666666666666,0.996197384878384,0.08333333333333337,1.0,0.0,0.9998237164594517
hist_gbdt,gbdt,digits,1,0.3,ok,,1257,377,1.0,0.700079554494829,0.8833333333333333,0.9922196191607588,0.1166666666666667,1.0,0.0,0.9996555628737905
hist_gbdt,gbdt,digits,1,0.4,ok,,1257,503,1.0,0.5998408910103421,0.8685185185185185,0.9871764202730263,0.13148148148148153,1.0,0.0,0.9994231097901145
xgboost,gbdt,digits,1,0.0,ok,,1257,0,1.0,1.0,0.9574074074074074,0.9989927441827915,0.042592592592592626,,,
xgboost,gbdt,digits,1,0.05,ok,,1257,63,1.0,0.9498806682577565,0.9444444444444444,0.9987497996514728,0.05555555555555558,1.0,0.0,0.9624087252314129
xgboost,gbdt,digits,1,0.1,ok,,1257,126,1.0,0.8997613365155132,0.9333333333333333,0.9973413466176885,0.06666666666666665,1.0,0.0,0.9708939473780375
xgboost,gbdt,digits,1,0.2,ok,,1257,251,1.0,0.8003182179793158,0.9203703703703704,0.9951766820913257,0.0796296296296296,1.0,0.0,0.9779461118804507
xgboost,gbdt,digits,1,0.3,ok,,1257,377,1.0,0.700079554494829,0.8648148148148148,0.9894129439328114,0.13518518518518519,1.0,0.0,0.9801520542377502
xgboost,gbdt,digits,1,0.4,ok,,1257,503,1.0,0.5998408910103421,0.8074074074074075,0.9819507539710681,0.19259259259259254,1.0,0.0,0.9818813946564676
catboost,gbdt,digits,1,0.0,ok,,1257,0,1.0,1.0,0.9703703703703703,0.9996445585072854,0.029629629629629672,,,
catboost,gbdt,digits,1,0.05,ok,,1257,63,0.9992044550517104,0.9506762132060461,0.9574074074074074,0.9994248455036807,0.04179704764430303,0.9841269841269841,0.015873015873015872,0.7575764638013786
catboost,gbdt,digits,1,0.1,ok,,1257,126,1.0,0.8997613365155132,0.9592592592592593,0.9990671774219997,0.040740740740740744,1.0,0.0,0.7343677444031425
catboost,gbdt,digits,1,0.2,ok,,1257,251,1.0,0.8003182179793158,0.9481481481481482,0.9980520068322282,0.051851851851851816,1.0,0.0,0.7632658399891902
catboost,gbdt,digits,1,0.3,ok,,1257,377,1.0,0.700079554494829,0.9037037037037037,0.9933584935342026,0.09629629629629632,1.0,0.0,0.7301525804714736
catboost,gbdt,digits,1,0.4,ok,,1257,503,1.0,0.5998408910103421,0.8481481481481481,0.9859159851079984,0.1518518518518519,1.0,0.0,0.742977177164486
tabicl,icl,digits,1,0.0,ok,,1257,0,1.0,1.0,0.9944444444444445,0.9999585781878005,0.005555555555555536,,,
tabicl,icl,digits,1,0.05,ok,,1257,63,0.9514717581543357,0.9984089101034208,0.9944444444444445,0.9999806185825528,-0.04297268629010875,0.031746031746031744,0.9682539682539683,0.09692598889685339
tabicl,icl,digits,1,0.1,ok,,1257,126,0.8997613365155132,0.9968178202068417,0.9833333333333333,0.9999074318582034,-0.08357199681782013,0.015873015873015872,0.9841269841269841,0.06690485287635099
tabicl,icl,digits,1,0.2,ok,,1257,251,0.8058870326173428,0.9920445505171042,0.987037037037037,0.9998805743961077,-0.1811500044196942,0.03187250996015936,0.9641434262948207,0.07360217206373039
tabicl,icl,digits,1,0.3,ok,,1257,377,0.7024661893396977,0.9904534606205251,0.9796296296296296,0.9998296055611966,-0.2771634402899319,0.015915119363395226,0.9761273209549072,0.06366209094400273
tabicl,icl,digits,1,0.4,ok,,1257,503,0.6022275258552108,0.9880668257756563,0.9833333333333333,0.9995549931946789,-0.3811058074781225,0.013916500994035786,0.9781312127236581,0.06838903699077621
tabpfn,icl,digits,1,0.0,ok,,1257,0,1.0,1.0,0.9925925925925926,0.999938744194159,0.007407407407407418,,,
tabpfn,icl,digits,1,0.05,ok,,1257,63,0.9522673031026253,0.9976133651551312,0.9888888888888889,0.9999574883366144,-0.03662158578626362,0.047619047619047616,0.9523809523809523,0.14088111970987585
tabpfn,icl,digits,1,0.1,ok,,1257,126,0.9005568814638027,0.9960222752585521,0.9851851851851852,0.999881266033254,-0.08462830372138241,0.023809523809523808,0.9761904761904762,0.0631363950448022
tabpfn,icl,digits,1,0.2,ok,,1257,251,0.8027048528241846,0.9872712808273667,0.9833333333333333,0.9998231578014684,-0.1806284805091487,0.027888446215139442,0.952191235059761,0.06217701603617683
tabpfn,icl,digits,1,0.3,ok,,1257,377,0.7008750994431185,0.9880668257756563,0.9796296296296296,0.9995787351698995,-0.2787545301865111,0.013262599469496022,0.9708222811671088,0.06256862359482113
tabpfn,icl,digits,1,0.4,ok,,1257,503,0.60381861575179,0.984884645982498,0.9722222222222222,0.9996538920147545,-0.36840360647043224,0.019880715705765408,0.9721669980119284,0.07034930509420678
logreg,linear,synthetic_mixed,1,0.0,ok,,420,0,0.9714285714285714,0.9714285714285714,0.9555555555555556,0.9961574074074074,0.015873015873015817,,,
logreg,linear,synthetic_mixed,1,0.05,ok,,420,21,0.9095238095238095,0.9357142857142857,0.9222222222222223,0.9809722222222224,-0.012698412698412764,0.23809523809523808,0.7619047619047619,0.24664493005426433
logreg,linear,synthetic_mixed,1,0.1,ok,,420,42,0.8285714285714286,0.9023809523809524,0.8333333333333334,0.9512962962962964,-0.004761904761904745,0.11904761904761904,0.8571428571428571,0.20998830146956976
logreg,linear,synthetic_mixed,1,0.2,ok,,420,84,0.7214285714285714,0.8523809523809524,0.8277777777777777,0.9328240740740741,-0.1063492063492063,0.13095238095238096,0.7857142857142857,0.24341454854773636
logreg,linear,synthetic_mixed,1,0.3,ok,,420,126,0.5976190476190476,0.7023809523809523,0.6944444444444444,0.8633333333333333,-0.09682539682539681,0.24603174603174602,0.5952380952380952,0.290850952301906
logreg,linear,synthetic_mixed,1,0.4,ok,,420,168,0.55,0.6547619047619048,0.6388888888888888,0.8063888888888889,-0.0888888888888888,0.2857142857142857,0.5476190476190477,0.3059657156735768
hist_gbdt,gbdt,synthetic_mixed,1,0.0,ok,,420,0,1.0,1.0,0.8722222222222222,0.9787962962962963,0.12777777777777777,,,
hist_gbdt,gbdt,synthetic_mixed,1,0.05,ok,,420,21,1.0,0.95,0.8555555555555555,0.9641203703703703,0.1444444444444445,1.0,0.0,0.9692745166100717
hist_gbdt,gbdt,synthetic_mixed,1,0.1,ok,,420,42,1.0,0.9,0.7611111111111111,0.9341203703703704,0.23888888888888893,1.0,0.0,0.953139215290285
hist_gbdt,gbdt,synthetic_mixed,1,0.2,ok,,420,84,1.0,0.8,0.7555555555555555,0.9104166666666668,0.24444444444444446,1.0,0.0,0.9087890828313127
hist_gbdt,gbdt,synthetic_mixed,1,0.3,ok,,420,126,1.0,0.7,0.75,0.89,0.25,1.0,0.0,0.8784851330220792
hist_gbdt,gbdt,synthetic_mixed,1,0.4,ok,,420,168,1.0,0.6,0.6277777777777778,0.7907407407407406,0.37222222222222223,1.0,0.0,0.8659533147952404
xgboost,gbdt,synthetic_mixed,1,0.0,ok,,420,0,1.0,1.0,0.9,0.9766203703703704,0.09999999999999998,,,
xgboost,gbdt,synthetic_mixed,1,0.05,ok,,420,21,1.0,0.95,0.8611111111111112,0.9725462962962963,0.13888888888888884,1.0,0.0,0.9609391150020418
xgboost,gbdt,synthetic_mixed,1,0.1,ok,,420,42,1.0,0.9,0.8055555555555556,0.9381018518518518,0.19444444444444442,1.0,0.0,0.9678928681782314
xgboost,gbdt,synthetic_mixed,1,0.2,ok,,420,84,1.0,0.8,0.7833333333333333,0.9176851851851852,0.21666666666666667,1.0,0.0,0.968857270621118
xgboost,gbdt,synthetic_mixed,1,0.3,ok,,420,126,1.0,0.7,0.6944444444444444,0.8714351851851853,0.3055555555555556,1.0,0.0,0.9695722716195243
xgboost,gbdt,synthetic_mixed,1,0.4,ok,,420,168,1.0,0.6,0.6055555555555555,0.7676388888888889,0.3944444444444445,1.0,0.0,0.9722912279622895
catboost,gbdt,synthetic_mixed,1,0.0,ok,,420,0,1.0,1.0,0.8888888888888888,0.9854166666666666,0.11111111111111116,,,
catboost,gbdt,synthetic_mixed,1,0.05,ok,,420,21,1.0,0.95,0.8666666666666667,0.9734722222222222,0.1333333333333333,1.0,0.0,0.827654927837485
catboost,gbdt,synthetic_mixed,1,0.1,ok,,420,42,1.0,0.9,0.8166666666666667,0.950787037037037,0.18333333333333335,1.0,0.0,0.8348797414898125
catboost,gbdt,synthetic_mixed,1,0.2,ok,,420,84,1.0,0.8,0.7666666666666667,0.9283333333333333,0.23333333333333328,1.0,0.0,0.8142553533197949
catboost,gbdt,synthetic_mixed,1,0.3,ok,,420,126,1.0,0.7,0.7666666666666667,0.9168518518518519,0.23333333333333328,1.0,0.0,0.8216698025471465
catboost,gbdt,synthetic_mixed,1,0.4,ok,,420,168,1.0,0.6,0.6611111111111111,0.8355092592592591,0.3388888888888889,1.0,0.0,0.8113663041034452
tabicl,icl,synthetic_mixed,1,0.0,ok,,420,0,1.0,1.0,0.9777777777777777,0.9998611111111111,0.022222222222222254,,,
tabicl,icl,synthetic_mixed,1,0.05,ok,,420,21,0.9571428571428572,0.9880952380952381,0.9611111111111111,0.9973148148148149,-0.003968253968253954,0.19047619047619047,0.8095238095238095,0.1975283653785785
tabicl,icl,synthetic_mixed,1,0.1,ok,,420,42,0.9047619047619048,0.9857142857142858,0.9777777777777777,0.9990740740740741,-0.07301587301587298,0.09523809523809523,0.9047619047619048,0.15750989149368944
tabicl,icl,synthetic_mixed,1,0.2,ok,,420,84,0.7976190476190477,0.9666666666666667,0.9833333333333333,0.9992592592592592,-0.1857142857142856,0.05952380952380952,0.9047619047619048,0.1975835883723838
tabicl,icl,synthetic_mixed,1,0.3,ok,,420,126,0.6738095238095239,0.9166666666666666,0.9388888888888889,0.9891203703703705,-0.265079365079365,0.06349206349206349,0.873015873015873,0.22007423550600097
tabicl,icl,synthetic_mixed,1,0.4,ok,,420,168,0.5738095238095238,0.8738095238095238,0.8777777777777778,0.9726388888888889,-0.303968253968254,0.09523809523809523,0.8452380952380952,0.27213135623328744
tabpfn,icl,synthetic_mixed,1,0.0,ok,,420,0,1.0,1.0,0.9888888888888889,0.9997685185185184,0.011111111111111072,,,
tabpfn,icl,synthetic_mixed,1,0.05,ok,,420,21,0.9547619047619048,0.9857142857142858,0.9666666666666667,0.9979629629629629,-0.011904761904761862,0.19047619047619047,0.8095238095238095,0.2554767188571748
tabpfn,icl,synthetic_mixed,1,0.1,ok,,420,42,0.9119047619047619,0.9833333333333333,0.9888888888888889,0.9999537037037037,-0.07698412698412704,0.14285714285714285,0.8571428571428571,0.24094096376072793
tabpfn,icl,synthetic_mixed,1,0.2,ok,,420,84,0.8119047619047619,0.9666666666666667,0.9888888888888889,0.9991203703703704,-0.17698412698412702,0.10714285714285714,0.8809523809523809,0.25926271120884586
tabpfn,icl,synthetic_mixed,1,0.3,ok,,420,126,0.7023809523809523,0.9142857142857143,0.9222222222222223,0.9901851851851852,-0.21984126984126995,0.10317460317460317,0.8095238095238095,0.25905593254026915
tabpfn,icl,synthetic_mixed,1,0.4,ok,,420,168,0.7,0.8523809523809524,0.9277777777777778,0.990925925925926,-0.22777777777777786,0.2857142857142857,0.6666666666666666,0.36638175988835947
logreg,linear,breast_cancer,2,0.0,ok,,398,0,0.992462311557789,0.992462311557789,0.9707602339181286,0.9981016355140186,0.021702077639660367,,,
logreg,linear,breast_cancer,2,0.05,ok,,398,20,0.9221105527638191,0.9723618090452262,0.9415204678362573,0.993428738317757,-0.019409915072438166,0.0,1.0,0.07971889650922293
logreg,linear,breast_cancer,2,0.1,ok,,398,40,0.864321608040201,0.9547738693467337,0.9122807017543859,0.9826226635514019,-0.04795909371418494,0.05,0.95,0.2089431167439498
logreg,linear,breast_cancer,2,0.2,ok,,398,80,0.7864321608040201,0.9472361809045227,0.9005847953216374,0.9735689252336448,-0.11415263451761726,0.1,0.9,0.30741328177938565
logreg,linear,breast_cancer,2,0.3,ok,,398,119,0.7185929648241206,0.8668341708542714,0.8070175438596491,0.8658002336448598,-0.08842457903552847,0.25210084033613445,0.7478991596638656,0.40026789242591787
logreg,linear,breast_cancer,2,0.4,ok,,398,159,0.6658291457286433,0.7989949748743719,0.7309941520467836,0.7867990654205608,-0.06516500631814037,0.3333333333333333,0.6666666666666666,0.4546703033379241
hist_gbdt,gbdt,breast_cancer,2,0.0,ok,,398,0,1.0,1.0,0.9473684210526315,0.9913843457943925,0.052631578947368474,,,
hist_gbdt,gbdt,breast_cancer,2,0.05,ok,,398,20,1.0,0.949748743718593,0.9473684210526315,0.9808703271028038,0.052631578947368474,1.0,0.0,0.9665347192038187
hist_gbdt,gbdt,breast_cancer,2,0.1,ok,,398,40,1.0,0.8994974874371859,0.9415204678362573,0.9789719626168224,0.05847953216374269,1.0,0.0,0.9519952960102657
hist_gbdt,gbdt,breast_cancer,2,0.2,ok,,398,80,1.0,0.7989949748743719,0.8713450292397661,0.9573598130841122,0.1286549707602339,1.0,0.0,0.9353949284818818
hist_gbdt,gbdt,breast_cancer,2,0.3,ok,,398,119,1.0,0.7010050251256281,0.8128654970760234,0.8589369158878504,0.1871345029239766,1.0,0.0,0.9167811679974278
hist_gbdt,gbdt,breast_cancer,2,0.4,ok,,398,159,1.0,0.6005025125628141,0.7309941520467836,0.8046144859813084,0.26900584795321636,1.0,0.0,0.9228083618317405
xgboost,gbdt,breast_cancer,2,0.0,ok,,398,0,1.0,1.0,0.9590643274853801,0.9886098130841121,0.040935672514619936,,,
xgboost,gbdt,breast_cancer,2,0.05,ok,,398,20,1.0,0.949748743718593,0.9532163742690059,0.9706483644859814,0.04678362573099415,1.0,0.0,0.9426590442657471
xgboost,gbdt,breast_cancer,2,0.1,ok,,398,40,1.0,0.8994974874371859,0.9415204678362573,0.9821845794392523,0.05847953216374269,1.0,0.0,0.9625275552272796
xgboost,gbdt,breast_cancer,2,0.2,ok,,398,80,1.0,0.7989949748743719,0.8421052631578947,0.9392523364485982,0.1578947368421053,1.0,0.0,0.9746267706155777
xgboost,gbdt,breast_cancer,2,0.3,ok,,398,119,1.0,0.7010050251256281,0.8070175438596491,0.868428738317757,0.19298245614035092,1.0,0.0,0.9791063090332416
xgboost,gbdt,breast_cancer,2,0.4,ok,,398,159,1.0,0.6005025125628141,0.7368421052631579,0.8057827102803738,0.26315789473684215,1.0,0.0,0.9828877936369218
catboost,gbdt,breast_cancer,2,0.0,ok,,398,0,1.0,1.0,0.9590643274853801,0.9922605140186915,0.040935672514619936,,,
catboost,gbdt,breast_cancer,2,0.05,ok,,398,20,0.9849246231155779,0.964824120603015,0.9532163742690059,0.9908002336448598,0.031708248846572085,0.7,0.3,0.5774196676794888
catboost,gbdt,breast_cancer,2,0.1,ok,,398,40,0.9899497487437185,0.9095477386934674,0.9649122807017544,0.9897780373831776,0.02503746804196416,0.9,0.1,0.6314468322174364
catboost,gbdt,breast_cancer,2,0.2,ok,,398,80,0.9798994974874372,0.8190954773869347,0.935672514619883,0.9883177570093458,0.04422698286755422,0.9,0.1,0.6267226246229406
catboost,gbdt,breast_cancer,2,0.3,ok,,398,119,0.9673366834170855,0.7336683417085427,0.8947368421052632,0.966267523364486,0.07259984131182229,0.8907563025210085,0.1092436974789916,0.6460411178205391
catboost,gbdt,breast_cancer,2,0.4,ok,,398,159,0.992462311557789,0.6080402010050251,0.783625730994152,0.8589369158878504,0.20883658056363696,0.9811320754716981,0.018867924528301886,0.6927388854767387
tabicl,icl,breast_cancer,2,0.0,ok,,398,0,1.0,1.0,0.9883040935672515,0.9978095794392523,0.011695906432748537,,,
tabicl,icl,breast_cancer,2,0.05,ok,,398,20,0.949748743718593,0.9949748743718593,0.9766081871345029,0.9940128504672897,-0.026859443415909956,0.05,0.95,0.2441446803510189
tabicl,icl,breast_cancer,2,0.1,ok,,398,40,0.9120603015075377,0.9773869346733668,0.9707602339181286,0.9937207943925234,-0.058699932410590905,0.175,0.825,0.4221246547996998
tabicl,icl,breast_cancer,2,0.2,ok,,398,80,0.9899497487437185,0.8090452261306532,0.9707602339181286,0.9887558411214953,0.01918951482558995,0.95,0.05,0.6054260905832052
tabicl,icl,breast_cancer,2,0.3,ok,,398,119,0.8316582914572864,0.864321608040201,0.9122807017543859,0.9797021028037383,-0.08062241029709949,0.44537815126050423,0.5546218487394958,0.49188886695549267
tabicl,icl,breast_cancer,2,0.4,ok,,398,159,0.6708542713567839,0.8592964824120602,0.8304093567251462,0.9001168224299065,-0.15955508536836227,0.2641509433962264,0.7358490566037735,0.4520578180094185
tabpfn,icl,breast_cancer,2,0.0,ok,,398,0,1.0,1.0,0.9707602339181286,0.9981016355140186,0.0292397660818714,,,
tabpfn,icl,breast_cancer,2,0.05,ok,,398,20,0.9974874371859297,0.9522613065326633,0.9824561403508771,0.9988317757009346,0.015031296835052554,0.95,0.05,0.8388510107994079
tabpfn,icl,breast_cancer,2,0.1,ok,,398,40,1.0,0.8994974874371859,0.9766081871345029,0.9948890186915887,0.023391812865497075,1.0,0.0,0.8672269701957702
tabpfn,icl,breast_cancer,2,0.2,ok,,398,80,1.0,0.7989949748743719,0.9649122807017544,0.9846670560747663,0.03508771929824561,1.0,0.0,0.8844024620950222
tabpfn,icl,breast_cancer,2,0.3,ok,,398,119,1.0,0.7010050251256281,0.9064327485380117,0.9724007009345794,0.0935672514619883,1.0,0.0,0.9604117389486617
tabpfn,icl,breast_cancer,2,0.4,ok,,398,159,1.0,0.6005025125628141,0.8654970760233918,0.9464077102803738,0.13450292397660824,1.0,0.0,0.9784841380029354
logreg,linear,wine,2,0.0,ok,,124,0,1.0,1.0,0.9814814814814815,1.0,0.01851851851851849,,,
logreg,linear,wine,2,0.05,ok,,124,6,0.9435483870967742,0.9919354838709677,0.9629629629629629,0.9980091924536368,-0.019414575866188666,0.0,1.0,0.13667595280322783
logreg,linear,wine,2,0.1,ok,,124,12,0.9193548387096774,0.9758064516129032,0.9629629629629629,0.997987197987198,-0.04360812425328553,0.16666666666666666,0.75,0.22923786843913743
logreg,linear,wine,2,0.2,ok,,124,25,0.8145161290322581,0.9274193548387096,0.8518518518518519,0.9510473066028622,-0.03733572281959374,0.2,0.76,0.29524659955293514
logreg,linear,wine,2,0.3,ok,,124,37,0.7096774193548387,0.9112903225806451,0.8333333333333334,0.948193267637712,-0.12365591397849462,0.13513513513513514,0.8108108108108109,0.24598635212088907
logreg,linear,wine,2,0.4,ok,,124,50,0.6290322580645161,0.8467741935483871,0.7592592592592593,0.925820681376237,-0.13022700119474317,0.2,0.74,0.2728802356279537
hist_gbdt,gbdt,wine,2,0.0,ok,,124,0,1.0,1.0,0.9814814814814815,1.0,0.01851851851851849,,,
hist_gbdt,gbdt,wine,2,0.05,ok,,124,6,1.0,0.9516129032258065,1.0,1.0,0.0,1.0,0.0,0.992513398310069
hist_gbdt,gbdt,wine,2,0.1,ok,,124,12,1.0,0.9032258064516129,0.9259259259259259,0.9870385787052455,0.07407407407407407,1.0,0.0,0.9829227519288136
hist_gbdt,gbdt,wine,2,0.2,ok,,124,25,1.0,0.7983870967741935,0.7777777777777778,0.8964079130745798,0.2222222222222222,1.0,0.0,0.9504776639563494
hist_gbdt,gbdt,wine,2,0.3,ok,,124,37,1.0,0.7016129032258065,0.7407407407407407,0.8952296674518898,0.2592592592592593,1.0,0.0,0.9069885286935941
hist_gbdt,gbdt,wine,2,0.4,ok,,124,50,1.0,0.5967741935483871,0.6851851851851852,0.8645507784396673,0.31481481481481477,1.0,0.0,0.8775961281184114
xgboost,gbdt,wine,2,0.0,ok,,124,0,1.0,1.0,0.9814814814814815,1.0,0.01851851851851849,,,
xgboost,gbdt,wine,2,0.05,ok,,124,6,1.0,0.9516129032258065,1.0,1.0,0.0,1.0,0.0,0.9105407396952311
xgboost,gbdt,wine,2,0.1,ok,,124,12,1.0,0.9032258064516129,0.9444444444444444,0.9919487919487918,0.05555555555555558,1.0,0.0,0.9456008821725845
xgboost,gbdt,wine,2,0.2,ok,,124,25,1.0,0.7983870967741935,0.8148148148148148,0.9434230378674823,0.18518518518518523,1.0,0.0,0.9606929755210877
xgboost,gbdt,wine,2,0.3,ok,,124,37,1.0,0.7016129032258065,0.7592592592592593,0.9057454890788224,0.2407407407407407,1.0,0.0,0.9670134508931959
xgboost,gbdt,wine,2,0.4,ok,,124,50,1.0,0.5967741935483871,0.7037037037037037,0.9006395867506979,0.2962962962962963,1.0,0.0,0.9728578627109528
catboost,gbdt,wine,2,0.0,ok,,124,0,1.0,1.0,0.9814814814814815,0.9960183849072738,0.01851851851851849,,,
catboost,gbdt,wine,2,0.05,ok,,124,6,1.0,0.9516129032258065,1.0,1.0,0.0,1.0,0.0,0.9325108541961908
catboost,gbdt,wine,2,0.1,ok,,124,12,1.0,0.9032258064516129,0.9814814814814815,0.9995189995189996,0.01851851851851849,1.0,0.0,0.9273365450930525
catboost,gbdt,wine,2,0.2,ok,,124,25,1.0,0.7983870967741935,0.8888888888888888,0.9954819871486538,0.11111111111111116,1.0,0.0,0.9215233461347926
catboost,gbdt,wine,2,0.3,ok,,124,37,1.0,0.7016129032258065,0.8703703703703703,0.9683766850433516,0.12962962962962965,1.0,0.0,0.9274045786816282
catboost,gbdt,wine,2,0.4,ok,,124,50,1.0,0.5967741935483871,0.7777777777777778,0.9379960574405019,0.2222222222222222,1.0,0.0,0.9317126598615773
tabicl,icl,wine,2,0.0,ok,,124,0,1.0,1.0,1.0,1.0,0.0,,,
tabicl,icl,wine,2,0.05,ok,,124,6,0.9435483870967742,0.9919354838709677,1.0,1.0,-0.056451612903225756,0.0,1.0,0.109807255367438
tabicl,icl,wine,2,0.1,ok,,124,12,0.9274193548387096,0.9758064516129032,0.9814814814814815,1.0,-0.05406212664277188,0.25,0.75,0.39683899904290837
tabicl,icl,wine,2,0.2,ok,,124,25,0.8548387096774194,0.9354838709677419,0.9259259259259259,1.0,-0.07108721624850656,0.28,0.68,0.35284503400325773
tabicl,icl,wine,2,0.3,ok,,124,37,0.7580645161290323,0.9435483870967742,0.9629629629629629,0.998075998075998,-0.20489844683393066,0.1891891891891892,0.8108108108108109,0.3291715794318431
tabicl,icl,wine,2,0.4,ok,,124,50,0.7983870967741935,0.7983870967741935,0.9814814814814815,0.998949198949199,-0.183094384707288,0.5,0.5,0.39543547451496125
tabpfn,icl,wine,2,0.0,ok,,124,0,1.0,1.0,1.0,1.0,0.0,,,
tabpfn,icl,wine,2,0.05,ok,,124,6,0.9838709677419355,0.967741935483871,1.0,1.0,-0.016129032258064502,0.6666666666666666,0.3333333333333333,0.49272992834448814
tabpfn,icl,wine,2,0.1,ok,,124,12,0.9838709677419355,0.9193548387096774,0.9814814814814815,1.0,0.002389486260453988,0.8333333333333334,0.16666666666666666,0.6738058415551981
tabpfn,icl,wine,2,0.2,ok,,124,25,0.9919354838709677,0.8064516129032258,0.9629629629629629,1.0,0.02897252090800484,0.96,0.04,0.7424753272533416
tabpfn,icl,wine,2,0.3,ok,,124,37,1.0,0.7016129032258065,0.9444444444444444,0.9965995938218161,0.05555555555555558,1.0,0.0,0.7567545538013046
tabpfn,icl,wine,2,0.4,ok,,124,50,0.9032258064516129,0.6935483870967742,0.9629629629629629,0.9971139971139972,-0.05973715651135003,0.76,0.24,0.5116537165641785
logreg,linear,iris,2,0.0,ok,,105,0,0.9904761904761905,0.9904761904761905,0.9555555555555556,0.9955555555555556,0.03492063492063491,,,
logreg,linear,iris,2,0.05,ok,,105,5,0.9238095238095239,0.9714285714285714,0.9333333333333333,0.9933333333333333,-0.00952380952380949,0.0,1.0,0.1974366940728561
logreg,linear,iris,2,0.1,ok,,105,10,0.8476190476190476,0.9142857142857143,0.9333333333333333,0.985925925925926,-0.08571428571428574,0.1,0.8,0.20564247723147638
logreg,linear,iris,2,0.2,ok,,105,21,0.7238095238095238,0.8095238095238095,0.7777777777777778,0.9607407407407407,-0.053968253968254,0.23809523809523808,0.6666666666666666,0.2813173676453413
logreg,linear,iris,2,0.3,ok,,105,32,0.5523809523809524,0.8380952380952381,0.8222222222222222,0.9607407407407408,-0.26984126984126977,0.0,0.9375,0.2215598142793002
logreg,linear,iris,2,0.4,ok,,105,42,0.5619047619047619,0.9142857142857143,0.8888888888888888,0.9740740740740742,-0.32698412698412693,0.047619047619047616,0.9285714285714286,0.2966895226999886
hist_gbdt,gbdt,iris,2,0.0,ok,,105,0,1.0,1.0,0.9555555555555556,0.9925925925925926,0.0444444444444444,,,
hist_gbdt,gbdt,iris,2,0.05,ok,,105,5,0.9809523809523809,0.9714285714285714,0.8888888888888888,0.9896296296296296,0.09206349206349207,0.6,0.4,0.6632167644537186
hist_gbdt,gbdt,iris,2,0.1,ok,,105,10,0.9619047619047619,0.9428571428571428,0.9111111111111111,0.9896296296296296,0.050793650793650835,0.6,0.4,0.5663069463766129
hist_gbdt,gbdt,iris,2,0.2,ok,,105,21,0.8666666666666667,0.8952380952380953,0.8666666666666667,0.9555555555555554,0.0,0.42857142857142855,0.5714285714285714,0.4509305142862371
hist_gbdt,gbdt,iris,2,0.3,ok,,105,32,0.8476190476190476,0.8095238095238095,0.8444444444444444,0.9488888888888889,0.0031746031746031633,0.5625,0.4375,0.45347057541537117
hist_gbdt,gbdt,iris,2,0.4,ok,,105,42,0.8380952380952381,0.7333333333333333,0.6666666666666666,0.8362962962962963,0.17142857142857149,0.6190476190476191,0.35714285714285715,0.47650178219088946
xgboost,gbdt,iris,2,0.0,ok,,105,0,1.0,1.0,0.8888888888888888,0.971111111111111,0.11111111111111116,,,
xgboost,gbdt,iris,2,0.05,ok,,105,5,1.0,0.9523809523809523,0.8888888888888888,0.9881481481481481,0.11111111111111116,1.0,0.0,0.8447065949440002
xgboost,gbdt,iris,2,0.1,ok,,105,10,1.0,0.9047619047619048,0.8666666666666667,0.9792592592592593,0.1333333333333333,1.0,0.0,0.8620974242687225
xgboost,gbdt,iris,2,0.2,ok,,105,21,1.0,0.8,0.8666666666666667,0.9777777777777779,0.1333333333333333,1.0,0.0,0.8962276634715852
xgboost,gbdt,iris,2,0.3,ok,,105,32,1.0,0.6952380952380952,0.7111111111111111,0.8851851851851852,0.28888888888888886,1.0,0.0,0.9250877015292645
xgboost,gbdt,iris,2,0.4,ok,,105,42,1.0,0.6,0.6222222222222222,0.8066666666666668,0.37777777777777777,1.0,0.0,0.9321322100503104
catboost,gbdt,iris,2,0.0,ok,,105,0,1.0,1.0,0.8888888888888888,0.994074074074074,0.11111111111111116,,,
catboost,gbdt,iris,2,0.05,ok,,105,5,1.0,0.9523809523809523,0.8888888888888888,0.9918518518518519,0.11111111111111116,1.0,0.0,0.9213070738776464
catboost,gbdt,iris,2,0.1,ok,,105,10,1.0,0.9047619047619048,0.9333333333333333,0.9851851851851853,0.06666666666666665,1.0,0.0,0.8842502541787504
catboost,gbdt,iris,2,0.2,ok,,105,21,1.0,0.8,0.8,0.9800000000000001,0.19999999999999996,1.0,0.0,0.8224385782195586
catboost,gbdt,iris,2,0.3,ok,,105,32,1.0,0.6952380952380952,0.7333333333333333,0.8985185185185185,0.2666666666666667,1.0,0.0,0.8322333885293798
catboost,gbdt,iris,2,0.4,ok,,105,42,1.0,0.6,0.6888888888888889,0.8837037037037038,0.3111111111111111,1.0,0.0,0.8350526783906812
tabicl,icl,iris,2,0.0,ok,,105,0,1.0,1.0,0.9555555555555556,0.994074074074074,0.0444444444444444,,,
tabicl,icl,iris,2,0.05,ok,,105,5,0.9714285714285714,0.9809523809523809,0.9333333333333333,0.994074074074074,0.03809523809523807,0.4,0.6,0.42207072079181673
tabicl,icl,iris,2,0.1,ok,,105,10,0.9142857142857143,0.9904761904761905,0.9777777777777777,0.9933333333333333,-0.06349206349206349,0.1,0.9,0.1785684682428837
tabicl,icl,iris,2,0.2,ok,,105,21,0.7904761904761904,0.9904761904761905,0.8888888888888888,0.9955555555555556,-0.0984126984126984,0.0,1.0,0.2450033114069984
tabicl,icl,iris,2,0.3,ok,,105,32,0.7142857142857143,0.9714285714285714,0.9555555555555556,0.9918518518518518,-0.2412698412698413,0.0625,0.90625,0.29439724376425147
tabicl,icl,iris,2,0.4,ok,,105,42,0.7619047619047619,0.8285714285714286,0.8444444444444444,0.9681481481481482,-0.08253968253968258,0.40476190476190477,0.5714285714285714,0.39506050518580843
tabpfn,icl,iris,2,0.0,ok,,105,0,0.9904761904761905,0.9904761904761905,0.9777777777777777,0.994074074074074,0.012698412698412764,,,
tabpfn,icl,iris,2,0.05,ok,,105,5,0.9619047619047619,0.9904761904761905,0.9555555555555556,0.9896296296296296,0.006349206349206327,0.2,0.8,0.3571415737271309
tabpfn,icl,iris,2,0.1,ok,,105,10,0.9142857142857143,0.9904761904761905,0.9555555555555556,0.9948148148148149,-0.041269841269841345,0.1,0.9,0.23273732140660286
tabpfn,icl,iris,2,0.2,ok,,105,21,0.8,1.0,0.9111111111111111,0.9955555555555556,-0.11111111111111105,0.0,1.0,0.28122754111176446
tabpfn,icl,iris,2,0.3,ok,,105,32,0.6952380952380952,0.9714285714285714,0.9777777777777777,0.991111111111111,-0.28253968253968254,0.03125,0.9375,0.26106674084439874
tabpfn,icl,iris,2,0.4,ok,,105,42,0.8476190476190476,0.7428571428571429,0.8888888888888888,0.9851851851851853,-0.041269841269841234,0.6190476190476191,0.35714285714285715,0.4409358316943759
logreg,linear,digits,2,0.0,ok,,1257,0,0.9992044550517104,0.9992044550517104,0.9703703703703703,0.9994130695334353,0.028834084681340078,,,
logreg,linear,digits,2,0.05,ok,,1257,63,0.9419252187748608,0.9761336515513126,0.9296296296296296,0.9951247976447302,0.012295589145231212,0.14285714285714285,0.8253968253968254,0.18846979844930656
logreg,linear,digits,2,0.1,ok,,1257,126,0.8878281622911695,0.9681782020684169,0.9277777777777778,0.9959246336413734,-0.03994961548660836,0.06349206349206349,0.8650793650793651,0.09855384511520462
logreg,linear,digits,2,0.2,ok,,1257,251,0.7677008750994431,0.9291964996022275,0.8925925925925926,0.9875313454811885,-0.12489171749314953,0.05179282868525897,0.8605577689243028,0.10582502112378799
logreg,linear,digits,2,0.3,ok,,1257,377,0.6738265712012729,0.8933969769291965,0.8722222222222222,0.9793116111908343,-0.19839565102094936,0.07161803713527852,0.8037135278514589,0.1124772220968969
logreg,linear,digits,2,0.4,ok,,1257,503,0.5791567223548131,0.8655529037390612,0.8333333333333334,0.9717371221707343,-0.2541766109785203,0.07554671968190854,0.7912524850894632,0.10454151579973517
hist_gbdt,gbdt,digits,2,0.0,ok,,1257,0,1.0,1.0,0.975925925925926,0.9995207672592151,0.024074074074074026,,,
hist_gbdt,gbdt,digits,2,0.05,ok,,1257,63,1.0,0.9498806682577565,0.9574074074074074,0.9990101571070509,0.042592592592592626,1.0,0.0,0.9998625935711742
hist_gbdt,gbdt,digits,2,0.1,ok,,1257,126,1.0,0.8997613365155132,0.9629629629629629,0.9990784417391998,0.03703703703703709,1.0,0.0,0.9998587006614584
hist_gbdt,gbdt,digits,2,0.2,ok,,1257,251,1.0,0.8003182179793158,0.9407407407407408,0.9976059088563792,0.059259259259259234,1.0,0.0,0.9998339616057603
hist_gbdt,gbdt,digits,2,0.3,ok,,1257,377,1.0,0.700079554494829,0.9018518518518519,0.9931460740246576,0.0981481481481481,1.0,0.0,0.9997409070288317
hist_gbdt,gbdt,digits,2,0.4,ok,,1257,503,1.0,0.5998408910103421,0.8666666666666667,0.9876779800207183,0.1333333333333333,1.0,0.0,0.9994030857180448
xgboost,gbdt,digits,2,0.0,ok,,1257,0,1.0,1.0,0.9611111111111111,0.9987256285416048,0.03888888888888886,,,
xgboost,gbdt,digits,2,0.05,ok,,1257,63,1.0,0.9498806682577565,0.9555555555555556,0.9981688732134151,0.0444444444444444,1.0,0.0,0.9622511655565292
xgboost,gbdt,digits,2,0.1,ok,,1257,126,1.0,0.8997613365155132,0.9462962962962963,0.998531991537743,0.0537037037037037,1.0,0.0,0.9710567683454544
xgboost,gbdt,digits,2,0.2,ok,,1257,251,1.0,0.8003182179793158,0.9296296296296296,0.9963857883152747,0.07037037037037042,1.0,0.0,0.9779706974903426
xgboost,gbdt,digits,2,0.3,ok,,1257,377,1.0,0.700079554494829,0.8944444444444445,0.9915682545962463,0.10555555555555551,1.0,0.0,0.9806831817411934
xgboost,gbdt,digits,2,0.4,ok,,1257,503,1.0,0.5998408910103421,0.8425925925925926,0.9846066000060072,0.15740740740740744,1.0,0.0,0.9819409295057444
catboost,gbdt,digits,2,0.0,ok,,1257,0,1.0,1.0,0.9777777777777777,0.9994881548275665,0.022222222222222254,,,
catboost,gbdt,digits,2,0.05,ok,,1257,63,1.0,0.9498806682577565,0.9740740740740741,0.9992565466545609,0.025925925925925908,1.0,0.0,0.7918903197378012
catboost,gbdt,digits,2,0.1,ok,,1257,126,1.0,0.8997613365155132,0.9592592592592593,0.9988823854120712,0.040740740740740744,1.0,0.0,0.7424280770674005
catboost,gbdt,digits,2,0.2,ok,,1257,251,1.0,0.8003182179793158,0.9425925925925925,0.9974353609414234,0.05740740740740746,1.0,0.0,0.7472497358877959
catboost,gbdt,digits,2,0.3,ok,,1257,377,1.0,0.700079554494829,0.9185185185185185,0.9925964548300392,0.08148148148148149,1.0,0.0,0.720647476157869
catboost,gbdt,digits,2,0.4,ok,,1257,503,1.0,0.5998408910103421,0.8925925925925926,0.9897465640091421,0.1074074074074074,1.0,0.0,0.7385712721705696
tabicl,icl,digits,2,0.0,ok,,1257,0,1.0,1.0,0.9888888888888889,0.9999695096378336,0.011111111111111072,,,
tabicl,icl,digits,2,0.05,ok,,1257,63,0.9514717581543357,0.9984089101034208,0.9925925925925926,0.9999503888936718,-0.04112083443825687,0.031746031746031744,0.9682539682539683,0.12208170122984383
tabicl,icl,digits,2,0.1,ok,,1257,126,0.903739061256961,0.9952267303102625,0.9888888888888889,0.9999390880460443,-0.08514982763192791,0.03968253968253968,0.9523809523809523,0.08242631034689053
tabicl,icl,digits,2,0.2,ok,,1257,251,0.8066825775656324,0.9896579156722355,0.987037037037037,0.9998702874251777,-0.1803544594714046,0.035856573705179286,0.952191235059761,0.08483216483368579
tabicl,icl,digits,2,0.3,ok,,1257,377,0.7136038186157518,0.9824980111376292,0.9814814814814815,0.9992801360181641,-0.26787766286572967,0.04774535809018567,0.9442970822281167,0.0925948755118986
tabicl,icl,digits,2,0.4,ok,,1257,503,0.6125696101829753,0.9753381066030231,0.9833333333333333,0.9996029970366251,-0.370763723150358,0.03777335984095427,0.9443339960238568,0.07821689965295982
tabpfn,icl,digits,2,0.0,ok,,1257,0,1.0,1.0,0.9925925925925926,0.9999392727448416,0.007407407407407418,,,
tabpfn,icl,digits,2,0.05,ok,,1257,63,0.9514717581543357,0.9968178202068417,0.9925925925925926,0.9999316519553278,-0.04112083443825687,0.047619047619047616,0.9523809523809523,0.1467927721521211
tabpfn,icl,digits,2,0.1,ok,,1257,126,0.9013524264120922,0.9960222752585521,0.9907407407407407,0.9999311450169788,-0.08938831432864847,0.023809523809523808,0.9682539682539683,0.08234238215825623
tabpfn,icl,digits,2,0.2,ok,,1257,251,0.8042959427207638,0.9896579156722355,0.9851851851851852,0.9998586571338872,-0.1808892424644214,0.027888446215139442,0.9561752988047809,0.07851791955842322
tabpfn,icl,digits,2,0.3,ok,,1257,377,0.711217183770883,0.9801113762927606,0.9796296296296296,0.9998550602543725,-0.2684124458587466,0.042440318302387266,0.9389920424403183,0.08331766235456858
tabpfn,icl,digits,2,0.4,ok,,1257,503,0.6133651551312649,0.9705648369132857,0.9796296296296296,0.9998106660066748,-0.36626447449836474,0.03777335984095427,0.9304174950298211,0.07656284624240389
logreg,linear,synthetic_mixed,2,0.0,ok,,420,0,0.9880952380952381,0.9880952380952381,0.9444444444444444,0.9925,0.04365079365079372,,,
logreg,linear,synthetic_mixed,2,0.05,ok,,420,21,0.9023809523809524,0.9523809523809523,0.9277777777777778,0.9848148148148148,-0.025396825396825418,0.0,1.0,0.14962332411714435
logreg,linear,synthetic_mixed,2,0.1,ok,,420,42,0.8404761904761905,0.9071428571428571,0.8388888888888889,0.9543981481481482,0.0015873015873015817,0.11904761904761904,0.7857142857142857,0.202012324695513
logreg,linear,synthetic_mixed,2,0.2,ok,,420,84,0.6976190476190476,0.7928571428571428,0.8,0.9155092592592592,-0.10238095238095246,0.20238095238095238,0.6785714285714286,0.27587258084075444
logreg,linear,synthetic_mixed,2,0.3,ok,,420,126,0.6285714285714286,0.7523809523809524,0.6777777777777778,0.8319907407407406,-0.049206349206349254,0.21428571428571427,0.626984126984127,0.2846003141958767
logreg,linear,synthetic_mixed,2,0.4,ok,,420,168,0.55,0.6904761904761905,0.6555555555555556,0.8368981481481482,-0.10555555555555551,0.24404761904761904,0.5952380952380952,0.29876185279829026
hist_gbdt,gbdt,synthetic_mixed,2,0.0,ok,,420,0,1.0,1.0,0.8722222222222222,0.9612037037037037,0.12777777777777777,,,
hist_gbdt,gbdt,synthetic_mixed,2,0.05,ok,,420,21,1.0,0.95,0.8277777777777777,0.9474074074074074,0.17222222222222228,1.0,0.0,0.9716506965536873
hist_gbdt,gbdt,synthetic_mixed,2,0.1,ok,,420,42,1.0,0.9,0.8222222222222222,0.9361574074074074,0.1777777777777778,1.0,0.0,0.9488555518623054
hist_gbdt,gbdt,synthetic_mixed,2,0.2,ok,,420,84,1.0,0.8,0.7222222222222222,0.8942592592592592,0.2777777777777778,1.0,0.0,0.9228974982500334
hist_gbdt,gbdt,synthetic_mixed,2,0.3,ok,,420,126,1.0,0.7,0.6833333333333333,0.831851851851852,0.31666666666666665,1.0,0.0,0.8947494985193315
hist_gbdt,gbdt,synthetic_mixed,2,0.4,ok,,420,168,1.0,0.6,0.7,0.8488425925925925,0.30000000000000004,1.0,0.0,0.8519065928513695
xgboost,gbdt,synthetic_mixed,2,0.0,ok,,420,0,1.0,1.0,0.85,0.9555092592592592,0.15000000000000002,,,
xgboost,gbdt,synthetic_mixed,2,0.05,ok,,420,21,1.0,0.95,0.8444444444444444,0.9543055555555555,0.15555555555555556,1.0,0.0,0.9568724547113691
xgboost,gbdt,synthetic_mixed,2,0.1,ok,,420,42,1.0,0.9,0.8222222222222222,0.9339351851851853,0.1777777777777778,1.0,0.0,0.9620650623525892
xgboost,gbdt,synthetic_mixed,2,0.2,ok,,420,84,1.0,0.8,0.75,0.9000925925925927,0.25,1.0,0.0,0.9693953579380399
xgboost,gbdt,synthetic_mixed,2,0.3,ok,,420,126,1.0,0.7,0.6388888888888888,0.8125462962962962,0.36111111111111116,1.0,0.0,0.9714935034040421
xgboost,gbdt,synthetic_mixed,2,0.4,ok,,420,168,1.0,0.6,0.6166666666666667,0.8069907407407407,0.3833333333333333,1.0,0.0,0.9705644281847137
catboost,gbdt,synthetic_mixed,2,0.0,ok,,420,0,1.0,1.0,0.8777777777777778,0.9753240740740741,0.12222222222222223,,,
catboost,gbdt,synthetic_mixed,2,0.05,ok,,420,21,1.0,0.95,0.8777777777777778,0.9661111111111111,0.12222222222222223,1.0,0.0,0.8212647800607051
catboost,gbdt,synthetic_mixed,2,0.1,ok,,420,42,1.0,0.9,0.8388888888888889,0.9518055555555556,0.1611111111111111,1.0,0.0,0.8108838540821134
catboost,gbdt,synthetic_mixed,2,0.2,ok,,420,84,1.0,0.8,0.8277777777777777,0.9376388888888889,0.17222222222222228,1.0,0.0,0.8133553408072915
catboost,gbdt,synthetic_mixed,2,0.3,ok,,420,126,1.0,0.7,0.6944444444444444,0.8619907407407408,0.3055555555555556,1.0,0.0,0.8199032201834417
catboost,gbdt,synthetic_mixed,2,0.4,ok,,420,168,1.0,0.6,0.6888888888888889,0.8518981481481481,0.3111111111111111,1.0,0.0,0.8114161496149425
tabicl,icl,synthetic_mixed,2,0.0,ok,,420,0,1.0,1.0,0.9722222222222222,0.9984259259259258,0.02777777777777779,,,
tabicl,icl,synthetic_mixed,2,0.05,ok,,420,21,0.9404761904761905,0.9880952380952381,0.9555555555555556,0.996851851851852,-0.015079365079365137,0.0,0.9523809523809523,0.05018704286998227
tabicl,icl,synthetic_mixed,2,0.1,ok,,420,42,0.9,0.9904761904761905,0.9444444444444444,0.9955555555555554,-0.0444444444444444,0.047619047619047616,0.9523809523809523,0.12058988484066158
tabicl,icl,synthetic_mixed,2,0.2,ok,,420,84,0.7928571428571428,0.9619047619047619,0.9388888888888889,0.9928703703703704,-0.14603174603174607,0.07142857142857142,0.9166666666666666,0.18872155781303132
tabicl,icl,synthetic_mixed,2,0.3,ok,,420,126,0.6571428571428571,0.8976190476190476,0.8666666666666667,0.9720833333333333,-0.20952380952380956,0.06349206349206349,0.8650793650793651,0.22628792381239315
tabicl,icl,synthetic_mixed,2,0.4,ok,,420,168,0.5880952380952381,0.8095238095238095,0.7888888888888889,0.9361111111111112,-0.20079365079365075,0.18452380952380953,0.7380952380952381,0.3082757245394446
tabpfn,icl,synthetic_mixed,2,0.0,ok,,420,0,1.0,1.0,0.9666666666666667,0.9986574074074074,0.033333333333333326,,,
tabpfn,icl,synthetic_mixed,2,0.05,ok,,420,21,0.9547619047619048,0.9880952380952381,0.9611111111111111,0.9973611111111111,-0.006349206349206327,0.14285714285714285,0.8095238095238095,0.28484089814481284
tabpfn,icl,synthetic_mixed,2,0.1,ok,,420,42,0.9142857142857143,0.9761904761904762,0.95,0.9968055555555555,-0.0357142857142857,0.19047619047619047,0.8095238095238095,0.3183513626988445
tabpfn,icl,synthetic_mixed,2,0.2,ok,,420,84,0.8952380952380953,0.9,0.9444444444444444,0.9967129629629629,-0.04920634920634914,0.47619047619047616,0.5,0.450590901608978
tabpfn,icl,synthetic_mixed,2,0.3,ok,,420,126,0.9952380952380953,0.7047619047619048,0.8722222222222222,0.9817592592592592,0.12301587301587302,0.9841269841269841,0.015873015873015872,0.6408699284943323
tabpfn,icl,synthetic_mixed,2,0.4,ok,,420,168,1.0,0.6,0.8666666666666667,0.9668055555555556,0.1333333333333333,1.0,0.0,0.7137614502793267
